日期,指数代码,指数中文全称,指数中文简称,指数英文全称,指数英文简称,开盘,最高,最低,收盘,涨跌,涨跌幅,成交量,成交金额,样本数量,滚动市盈率,date
2017-01-01,930929,中证多资产风险平价指数,中证MARP,CSI Multi Asset Risk Parity Index,CSI MARP,,,,1620.2,,0.09,0.0,0.0,,,2017-01-01
2017-01-03,930929,中证多资产风险平价指数,中证MARP,CSI Multi Asset Risk Parity Index,CSI MARP,,,,1620.2,,0.09,0.0,0.0,,,2017-01-03
2017-01-04,930929,中证多资产风险平价指数,中证MARP,CSI Multi Asset Risk Parity Index,CSI MARP,,,,1621.02,,0.05,0.0,0.0,,,2017-01-04
2017-01-05,930929,中证多资产风险平价指数,中证MARP,CSI Multi Asset Risk Parity Index,CSI MARP,,,,1620.61,,-0.03,0.0,0.0,,,2017-01-05
2017-01-06,930929,中证多资产风险平价指数,中证MARP,CSI Multi Asset Risk Parity Index,CSI MARP,,,,1620.98,,0.02,0.0,0.0,,,2017-01-06
2017-01-09,930929,中证多资产风险平价指数,中证MARP,CSI Multi Asset Risk Parity Index,CSI MARP,,,,1622.31,,,0.0,0.0,5.0,,2017-01-09
2017-01-10,930929,中证多资产风险平价指数,中证MARP,CSI Multi Asset Risk Parity Index,CSI MARP,,,,1624.19,,,0.0,0.0,5.0,,2017-01-10
2017-01-11,930929,中证多资产风险平价指数,中证MARP,CSI Multi Asset Risk Parity Index,CSI MARP,,,,1624.28,,,0.0,0.0,5.0,,2017-01-11
2017-01-12,930929,中证多资产风险平价指数,中证MARP,CSI Multi Asset Risk Parity Index,CSI MARP,,,,1624.11,,,0.0,0.0,5.0,,2017-01-12
2017-01-13,930929,中证多资产风险平价指数,中证MARP,CSI Multi Asset Risk Parity Index,CSI MARP,,,,1623.93,,,0.0,0.0,5.0,,2017-01-13
2017-01-16,930929,中证多资产风险平价指数,中证MARP,CSI Multi Asset Risk Parity Index,CSI MARP,,,,1624.55,,,0.0,0.0,5.0,,2017-01-16
2017-01-17,930929,中证多资产风险平价指数,中证MARP,CSI Multi Asset Risk Parity Index,CSI MARP,,,,1623.4,,,0.0,0.0,5.0,,2017-01-17
2017-01-18,930929,中证多资产风险平价指数,中证MARP,CSI Multi Asset Risk Parity Index,CSI MARP,,,,1622.45,,,0.0,0.0,5.0,,2017-01-18
2017-01-19,930929,中证多资产风险平价指数,中证MARP,CSI Multi Asset Risk Parity Index,CSI MARP,,,,1620.18,,,0.0,0.0,5.0,,2017-01-19
2017-01-20,930929,中证多资产风险平价指数,中证MARP,CSI Multi Asset Risk Parity Index,CSI MARP,,,,1620.81,,,0.0,0.0,5.0,,2017-01-20
2017-01-23,930929,中证多资产风险平价指数,中证MARP,CSI Multi Asset Risk Parity Index,CSI MARP,,,,1622.07,,,0.0,0.0,5.0,,2017-01-23
2017-01-24,930929,中证多资产风险平价指数,中证MARP,CSI Multi Asset Risk Parity Index,CSI MARP,,,,1622.62,,,0.0,0.0,5.0,,2017-01-24
2017-01-25,930929,中证多资产风险平价指数,中证MARP,CSI Multi Asset Risk Parity Index,CSI MARP,,,,1619.99,,,0.0,0.0,5.0,,2017-01-25
2017-01-26,930929,中证多资产风险平价指数,中证MARP,CSI Multi Asset Risk Parity Index,CSI MARP,,,,1619.25,,,0.0,0.0,5.0,,2017-01-26
2017-02-03,930929,中证多资产风险平价指数,中证MARP,CSI Multi Asset Risk Parity Index,CSI MARP,,,,1620.63,,,0.0,0.0,5.0,,2017-02-03
2017-02-06,930929,中证多资产风险平价指数,中证MARP,CSI Multi Asset Risk Parity Index,CSI MARP,,,,1619.54,,,0.0,0.0,5.0,,2017-02-06
2017-02-07,930929,中证多资产风险平价指数,中证MARP,CSI Multi Asset Risk Parity Index,CSI MARP,,,,1618.28,,,0.0,0.0,5.0,,2017-02-07
2017-02-08,930929,中证多资产风险平价指数,中证MARP,CSI Multi Asset Risk Parity Index,CSI MARP,,,,1616.61,,,0.0,0.0,5.0,,2017-02-08
2017-02-09,930929,中证多资产风险平价指数,中证MARP,CSI Multi Asset Risk Parity Index,CSI MARP,,,,1617.35,,,0.0,0.0,5.0,,2017-02-09
2017-02-10,930929,中证多资产风险平价指数,中证MARP,CSI Multi Asset Risk Parity Index,CSI MARP,,,,1616.86,,,0.0,0.0,5.0,,2017-02-10
2017-02-13,930929,中证多资产风险平价指数,中证MARP,CSI Multi Asset Risk Parity Index,CSI MARP,,,,1617.39,,,0.0,0.0,5.0,,2017-02-13
2017-02-14,930929,中证多资产风险平价指数,中证MARP,CSI Multi Asset Risk Parity Index,CSI MARP,,,,1617.49,,,0.0,0.0,5.0,,2017-02-14
2017-02-15,930929,中证多资产风险平价指数,中证MARP,CSI Multi Asset Risk Parity Index,CSI MARP,,,,1616.22,,,0.0,0.0,5.0,,2017-02-15
2017-02-16,930929,中证多资产风险平价指数,中证MARP,CSI Multi Asset Risk Parity Index,CSI MARP,,,,1617.42,,,0.0,0.0,5.0,,2017-02-16
2017-02-17,930929,中证多资产风险平价指数,中证MARP,CSI Multi Asset Risk Parity Index,CSI MARP,,,,1618.58,,,0.0,0.0,5.0,,2017-02-17
2017-02-20,930929,中证多资产风险平价指数,中证MARP,CSI Multi Asset Risk Parity Index,CSI MARP,,,,1620.43,,,0.0,0.0,5.0,,2017-02-20
2017-02-21,930929,中证多资产风险平价指数,中证MARP,CSI Multi Asset Risk Parity Index,CSI MARP,,,,1621.02,,,0.0,0.0,5.0,,2017-02-21
2017-02-22,930929,中证多资产风险平价指数,中证MARP,CSI Multi Asset Risk Parity Index,CSI MARP,,,,1621.05,,,0.0,0.0,5.0,,2017-02-22
2017-02-23,930929,中证多资产风险平价指数,中证MARP,CSI Multi Asset Risk Parity Index,CSI MARP,,,,1621.6,,,0.0,0.0,5.0,,2017-02-23
2017-02-24,930929,中证多资产风险平价指数,中证MARP,CSI Multi Asset Risk Parity Index,CSI MARP,,,,1623.88,,,0.0,0.0,5.0,,2017-02-24
2017-02-27,930929,中证多资产风险平价指数,中证MARP,CSI Multi Asset Risk Parity Index,CSI MARP,,,,1624.34,,,0.0,0.0,5.0,,2017-02-27
2017-02-28,930929,中证多资产风险平价指数,中证MARP,CSI Multi Asset Risk Parity Index,CSI MARP,,,,1624.38,,,0.0,0.0,5.0,,2017-02-28
2017-03-01,930929,中证多资产风险平价指数,中证MARP,CSI Multi Asset Risk Parity Index,CSI MARP,,,,1623.25,,,0.0,0.0,5.0,,2017-03-01
2017-03-02,930929,中证多资产风险平价指数,中证MARP,CSI Multi Asset Risk Parity Index,CSI MARP,,,,1622.6,,,0.0,0.0,5.0,,2017-03-02
2017-03-03,930929,中证多资产风险平价指数,中证MARP,CSI Multi Asset Risk Parity Index,CSI MARP,,,,1621.7,,,0.0,0.0,5.0,,2017-03-03
2017-03-06,930929,中证多资产风险平价指数,中证MARP,CSI Multi Asset Risk Parity Index,CSI MARP,,,,1622.27,,,0.0,0.0,5.0,,2017-03-06
2017-03-07,930929,中证多资产风险平价指数,中证MARP,CSI Multi Asset Risk Parity Index,CSI MARP,,,,1621.64,,,0.0,0.0,5.0,,2017-03-07
2017-03-08,930929,中证多资产风险平价指数,中证MARP,CSI Multi Asset Risk Parity Index,CSI MARP,,,,1620.36,,,0.0,0.0,5.0,,2017-03-08
2017-03-09,930929,中证多资产风险平价指数,中证MARP,CSI Multi Asset Risk Parity Index,CSI MARP,,,,1617.99,,,0.0,0.0,5.0,,2017-03-09
2017-03-10,930929,中证多资产风险平价指数,中证MARP,CSI Multi Asset Risk Parity Index,CSI MARP,,,,1616.83,,,0.0,0.0,5.0,,2017-03-10
2017-03-13,930929,中证多资产风险平价指数,中证MARP,CSI Multi Asset Risk Parity Index,CSI MARP,,,,1619.13,,,0.0,0.0,5.0,,2017-03-13
2017-03-14,930929,中证多资产风险平价指数,中证MARP,CSI Multi Asset Risk Parity Index,CSI MARP,,,,1618.55,,,0.0,0.0,5.0,,2017-03-14
2017-03-15,930929,中证多资产风险平价指数,中证MARP,CSI Multi Asset Risk Parity Index,CSI MARP,,,,1618.95,,,0.0,0.0,5.0,,2017-03-15
2017-03-16,930929,中证多资产风险平价指数,中证MARP,CSI Multi Asset Risk Parity Index,CSI MARP,,,,1623.17,,,0.0,0.0,5.0,,2017-03-16
2017-03-17,930929,中证多资产风险平价指数,中证MARP,CSI Multi Asset Risk Parity Index,CSI MARP,,,,1622.71,,,0.0,0.0,5.0,,2017-03-17
2017-03-20,930929,中证多资产风险平价指数,中证MARP,CSI Multi Asset Risk Parity Index,CSI MARP,,,,1623.07,,,0.0,0.0,5.0,,2017-03-20
2017-03-21,930929,中证多资产风险平价指数,中证MARP,CSI Multi Asset Risk Parity Index,CSI MARP,,,,1622.16,,,0.0,0.0,5.0,,2017-03-21
2017-03-22,930929,中证多资产风险平价指数,中证MARP,CSI Multi Asset Risk Parity Index,CSI MARP,,,,1623.0,,,0.0,0.0,5.0,,2017-03-22
2017-03-23,930929,中证多资产风险平价指数,中证MARP,CSI Multi Asset Risk Parity Index,CSI MARP,,,,1623.65,,,0.0,0.0,5.0,,2017-03-23
2017-03-24,930929,中证多资产风险平价指数,中证MARP,CSI Multi Asset Risk Parity Index,CSI MARP,,,,1624.98,,,0.0,0.0,5.0,,2017-03-24
2017-03-27,930929,中证多资产风险平价指数,中证MARP,CSI Multi Asset Risk Parity Index,CSI MARP,,,,1626.82,,,0.0,0.0,5.0,,2017-03-27
2017-03-28,930929,中证多资产风险平价指数,中证MARP,CSI Multi Asset Risk Parity Index,CSI MARP,,,,1626.66,,,0.0,0.0,5.0,,2017-03-28
2017-03-29,930929,中证多资产风险平价指数,中证MARP,CSI Multi Asset Risk Parity Index,CSI MARP,,,,1626.36,,,0.0,0.0,5.0,,2017-03-29
2017-03-30,930929,中证多资产风险平价指数,中证MARP,CSI Multi Asset Risk Parity Index,CSI MARP,,,,1624.43,,,0.0,0.0,5.0,,2017-03-30
2017-03-31,930929,中证多资产风险平价指数,中证MARP,CSI Multi Asset Risk Parity Index,CSI MARP,,,,1623.97,,,0.0,0.0,5.0,,2017-03-31
2017-04-05,930929,中证多资产风险平价指数,中证MARP,CSI Multi Asset Risk Parity Index,CSI MARP,,,,1627.91,,,0.0,0.0,5.0,,2017-04-05
2017-04-06,930929,中证多资产风险平价指数,中证MARP,CSI Multi Asset Risk Parity Index,CSI MARP,,,,1628.19,,,0.0,0.0,5.0,,2017-04-06
2017-04-07,930929,中证多资产风险平价指数,中证MARP,CSI Multi Asset Risk Parity Index,CSI MARP,,,,1630.25,,,0.0,0.0,5.0,,2017-04-07
2017-04-10,930929,中证多资产风险平价指数,中证MARP,CSI Multi Asset Risk Parity Index,CSI MARP,,,,1630.13,,,0.0,0.0,5.0,,2017-04-10
2017-04-11,930929,中证多资产风险平价指数,中证MARP,CSI Multi Asset Risk Parity Index,CSI MARP,,,,1630.91,,,0.0,0.0,5.0,,2017-04-11
2017-04-12,930929,中证多资产风险平价指数,中证MARP,CSI Multi Asset Risk Parity Index,CSI MARP,,,,1631.55,,,0.0,0.0,5.0,,2017-04-12
2017-04-13,930929,中证多资产风险平价指数,中证MARP,CSI Multi Asset Risk Parity Index,CSI MARP,,,,1632.52,,,0.0,0.0,5.0,,2017-04-13
2017-04-14,930929,中证多资产风险平价指数,中证MARP,CSI Multi Asset Risk Parity Index,CSI MARP,,,,1631.37,,,0.0,0.0,5.0,,2017-04-14
2017-04-17,930929,中证多资产风险平价指数,中证MARP,CSI Multi Asset Risk Parity Index,CSI MARP,,,,1628.43,,,0.0,0.0,5.0,,2017-04-17
2017-04-18,930929,中证多资产风险平价指数,中证MARP,CSI Multi Asset Risk Parity Index,CSI MARP,,,,1625.72,,,0.0,0.0,5.0,,2017-04-18
2017-04-19,930929,中证多资产风险平价指数,中证MARP,CSI Multi Asset Risk Parity Index,CSI MARP,,,,1624.13,,,0.0,0.0,5.0,,2017-04-19
2017-04-20,930929,中证多资产风险平价指数,中证MARP,CSI Multi Asset Risk Parity Index,CSI MARP,,,,1623.12,,,0.0,0.0,5.0,,2017-04-20
2017-04-21,930929,中证多资产风险平价指数,中证MARP,CSI Multi Asset Risk Parity Index,CSI MARP,,,,1621.29,,,0.0,0.0,5.0,,2017-04-21
2017-04-24,930929,中证多资产风险平价指数,中证MARP,CSI Multi Asset Risk Parity Index,CSI MARP,,,,1616.75,,,0.0,0.0,5.0,,2017-04-24
2017-04-25,930929,中证多资产风险平价指数,中证MARP,CSI Multi Asset Risk Parity Index,CSI MARP,,,,1616.41,,,0.0,0.0,5.0,,2017-04-25
2017-04-26,930929,中证多资产风险平价指数,中证MARP,CSI Multi Asset Risk Parity Index,CSI MARP,,,,1615.45,,,0.0,0.0,5.0,,2017-04-26
2017-04-27,930929,中证多资产风险平价指数,中证MARP,CSI Multi Asset Risk Parity Index,CSI MARP,,,,1615.45,,,0.0,0.0,5.0,,2017-04-27
2017-04-28,930929,中证多资产风险平价指数,中证MARP,CSI Multi Asset Risk Parity Index,CSI MARP,,,,1616.51,,,0.0,0.0,5.0,,2017-04-28
2017-05-02,930929,中证多资产风险平价指数,中证MARP,CSI Multi Asset Risk Parity Index,CSI MARP,,,,1615.2,,,0.0,0.0,5.0,,2017-05-02
2017-05-03,930929,中证多资产风险平价指数,中证MARP,CSI Multi Asset Risk Parity Index,CSI MARP,,,,1613.11,,,0.0,0.0,5.0,,2017-05-03
2017-05-04,930929,中证多资产风险平价指数,中证MARP,CSI Multi Asset Risk Parity Index,CSI MARP,,,,1609.22,,,0.0,0.0,5.0,,2017-05-04
2017-05-05,930929,中证多资产风险平价指数,中证MARP,CSI Multi Asset Risk Parity Index,CSI MARP,,,,1606.62,,,0.0,0.0,5.0,,2017-05-05
2017-05-08,930929,中证多资产风险平价指数,中证MARP,CSI Multi Asset Risk Parity Index,CSI MARP,,,,1603.1,,,0.0,0.0,5.0,,2017-05-08
2017-05-09,930929,中证多资产风险平价指数,中证MARP,CSI Multi Asset Risk Parity Index,CSI MARP,,,,1601.87,,,0.0,0.0,5.0,,2017-05-09
2017-05-10,930929,中证多资产风险平价指数,中证MARP,CSI Multi Asset Risk Parity Index,CSI MARP,,,,1596.79,,,0.0,0.0,5.0,,2017-05-10
2017-05-11,930929,中证多资产风险平价指数,中证MARP,CSI Multi Asset Risk Parity Index,CSI MARP,,,,1595.33,,,0.0,0.0,5.0,,2017-05-11
2017-05-12,930929,中证多资产风险平价指数,中证MARP,CSI Multi Asset Risk Parity Index,CSI MARP,,,,1595.63,,,0.0,0.0,5.0,,2017-05-12
2017-05-15,930929,中证多资产风险平价指数,中证MARP,CSI Multi Asset Risk Parity Index,CSI MARP,,,,1596.72,,,0.0,0.0,5.0,,2017-05-15
2017-05-16,930929,中证多资产风险平价指数,中证MARP,CSI Multi Asset Risk Parity Index,CSI MARP,,,,1598.35,,,0.0,0.0,5.0,,2017-05-16
2017-05-17,930929,中证多资产风险平价指数,中证MARP,CSI Multi Asset Risk Parity Index,CSI MARP,,,,1597.68,,,0.0,0.0,5.0,,2017-05-17
2017-05-18,930929,中证多资产风险平价指数,中证MARP,CSI Multi Asset Risk Parity Index,CSI MARP,,,,1598.0,,,0.0,0.0,5.0,,2017-05-18
2017-05-19,930929,中证多资产风险平价指数,中证MARP,CSI Multi Asset Risk Parity Index,CSI MARP,,,,1597.7,,,0.0,0.0,5.0,,2017-05-19
2017-05-22,930929,中证多资产风险平价指数,中证MARP,CSI Multi Asset Risk Parity Index,CSI MARP,,,,1597.4,,,0.0,0.0,5.0,,2017-05-22
2017-05-23,930929,中证多资产风险平价指数,中证MARP,CSI Multi Asset Risk Parity Index,CSI MARP,,,,1597.34,,,0.0,0.0,5.0,,2017-05-23
2017-05-24,930929,中证多资产风险平价指数,中证MARP,CSI Multi Asset Risk Parity Index,CSI MARP,,,,1596.81,,,0.0,0.0,5.0,,2017-05-24
2017-05-25,930929,中证多资产风险平价指数,中证MARP,CSI Multi Asset Risk Parity Index,CSI MARP,,,,1599.12,,,0.0,0.0,5.0,,2017-05-25
2017-05-26,930929,中证多资产风险平价指数,中证MARP,CSI Multi Asset Risk Parity Index,CSI MARP,,,,1599.01,,,0.0,0.0,5.0,,2017-05-26
2017-05-31,930929,中证多资产风险平价指数,中证MARP,CSI Multi Asset Risk Parity Index,CSI MARP,,,,1600.17,,,0.0,0.0,5.0,,2017-05-31
2017-06-01,930929,中证多资产风险平价指数,中证MARP,CSI Multi Asset Risk Parity Index,CSI MARP,,,,1599.99,,,0.0,0.0,5.0,,2017-06-01
2017-06-02,930929,中证多资产风险平价指数,中证MARP,CSI Multi Asset Risk Parity Index,CSI MARP,,,,1600.06,,,0.0,0.0,5.0,,2017-06-02
2017-06-05,930929,中证多资产风险平价指数,中证MARP,CSI Multi Asset Risk Parity Index,CSI MARP,,,,1602.34,,,0.0,0.0,5.0,,2017-06-05
2017-06-06,930929,中证多资产风险平价指数,中证MARP,CSI Multi Asset Risk Parity Index,CSI MARP,,,,1603.99,,,0.0,0.0,5.0,,2017-06-06
2017-06-07,930929,中证多资产风险平价指数,中证MARP,CSI Multi Asset Risk Parity Index,CSI MARP,,,,1605.38,,,0.0,0.0,5.0,,2017-06-07
2017-06-08,930929,中证多资产风险平价指数,中证MARP,CSI Multi Asset Risk Parity Index,CSI MARP,,,,1605.03,,,0.0,0.0,5.0,,2017-06-08
2017-06-09,930929,中证多资产风险平价指数,中证MARP,CSI Multi Asset Risk Parity Index,CSI MARP,,,,1604.4,,,0.0,0.0,5.0,,2017-06-09
2017-06-12,930929,中证多资产风险平价指数,中证MARP,CSI Multi Asset Risk Parity Index,CSI MARP,,,,1604.61,,,0.0,0.0,5.0,,2017-06-12
2017-06-13,930929,中证多资产风险平价指数,中证MARP,CSI Multi Asset Risk Parity Index,CSI MARP,,,,1607.35,,,0.0,0.0,5.0,,2017-06-13
2017-06-14,930929,中证多资产风险平价指数,中证MARP,CSI Multi Asset Risk Parity Index,CSI MARP,,,,1607.69,,,0.0,0.0,5.0,,2017-06-14
2017-06-15,930929,中证多资产风险平价指数,中证MARP,CSI Multi Asset Risk Parity Index,CSI MARP,,,,1608.17,,,0.0,0.0,5.0,,2017-06-15
2017-06-16,930929,中证多资产风险平价指数,中证MARP,CSI Multi Asset Risk Parity Index,CSI MARP,,,,1607.73,,,0.0,0.0,5.0,,2017-06-16
2017-06-19,930929,中证多资产风险平价指数,中证MARP,CSI Multi Asset Risk Parity Index,CSI MARP,,,,1610.83,,,0.0,0.0,5.0,,2017-06-19
2017-06-20,930929,中证多资产风险平价指数,中证MARP,CSI Multi Asset Risk Parity Index,CSI MARP,,,,1612.36,,,0.0,0.0,5.0,,2017-06-20
2017-06-21,930929,中证多资产风险平价指数,中证MARP,CSI Multi Asset Risk Parity Index,CSI MARP,,,,1614.49,,,0.0,0.0,5.0,,2017-06-21
2017-06-22,930929,中证多资产风险平价指数,中证MARP,CSI Multi Asset Risk Parity Index,CSI MARP,,,,1614.35,,,0.0,0.0,5.0,,2017-06-22
2017-06-23,930929,中证多资产风险平价指数,中证MARP,CSI Multi Asset Risk Parity Index,CSI MARP,,,,1615.13,,,0.0,0.0,5.0,,2017-06-23
2017-06-26,930929,中证多资产风险平价指数,中证MARP,CSI Multi Asset Risk Parity Index,CSI MARP,,,,1618.89,,,0.0,0.0,5.0,,2017-06-26
2017-06-27,930929,中证多资产风险平价指数,中证MARP,CSI Multi Asset Risk Parity Index,CSI MARP,,,,1620.23,,,0.0,0.0,5.0,,2017-06-27
2017-06-28,930929,中证多资产风险平价指数,中证MARP,CSI Multi Asset Risk Parity Index,CSI MARP,,,,1619.22,,,0.0,0.0,5.0,,2017-06-28
2017-06-29,930929,中证多资产风险平价指数,中证MARP,CSI Multi Asset Risk Parity Index,CSI MARP,,,,1620.49,,,0.0,0.0,5.0,,2017-06-29
2017-06-30,930929,中证多资产风险平价指数,中证MARP,CSI Multi Asset Risk Parity Index,CSI MARP,,,,1619.9,,,0.0,0.0,5.0,,2017-06-30
2017-07-03,930929,中证多资产风险平价指数,中证MARP,CSI Multi Asset Risk Parity Index,CSI MARP,,,,1619.33,,,0.0,0.0,5.0,,2017-07-03
2017-07-04,930929,中证多资产风险平价指数,中证MARP,CSI Multi Asset Risk Parity Index,CSI MARP,,,,1616.83,,,0.0,0.0,5.0,,2017-07-04
2017-07-05,930929,中证多资产风险平价指数,中证MARP,CSI Multi Asset Risk Parity Index,CSI MARP,,,,1618.68,,,0.0,0.0,5.0,,2017-07-05
2017-07-06,930929,中证多资产风险平价指数,中证MARP,CSI Multi Asset Risk Parity Index,CSI MARP,,,,1620.08,,,0.0,0.0,5.0,,2017-07-06
2017-07-07,930929,中证多资产风险平价指数,中证MARP,CSI Multi Asset Risk Parity Index,CSI MARP,,,,1620.21,,,0.0,0.0,5.0,,2017-07-07
2017-07-10,930929,中证多资产风险平价指数,中证MARP,CSI Multi Asset Risk Parity Index,CSI MARP,,,,1618.86,,,0.0,0.0,5.0,,2017-07-10
2017-07-11,930929,中证多资产风险平价指数,中证MARP,CSI Multi Asset Risk Parity Index,CSI MARP,,,,1618.96,,,0.0,0.0,5.0,,2017-07-11
2017-07-12,930929,中证多资产风险平价指数,中证MARP,CSI Multi Asset Risk Parity Index,CSI MARP,,,,1619.47,,,0.0,0.0,5.0,,2017-07-12
2017-07-13,930929,中证多资产风险平价指数,中证MARP,CSI Multi Asset Risk Parity Index,CSI MARP,,,,1621.33,,,0.0,0.0,5.0,,2017-07-13
2017-07-14,930929,中证多资产风险平价指数,中证MARP,CSI Multi Asset Risk Parity Index,CSI MARP,,,,1621.17,,,0.0,0.0,5.0,,2017-07-14
2017-07-17,930929,中证多资产风险平价指数,中证MARP,CSI Multi Asset Risk Parity Index,CSI MARP,,,,1619.22,,,0.0,0.0,5.0,,2017-07-17
2017-07-18,930929,中证多资产风险平价指数,中证MARP,CSI Multi Asset Risk Parity Index,CSI MARP,,,,1620.52,,,0.0,0.0,5.0,,2017-07-18
2017-07-19,930929,中证多资产风险平价指数,中证MARP,CSI Multi Asset Risk Parity Index,CSI MARP,,,,1623.58,,,0.0,0.0,5.0,,2017-07-19
2017-07-20,930929,中证多资产风险平价指数,中证MARP,CSI Multi Asset Risk Parity Index,CSI MARP,,,,1624.79,,,0.0,0.0,5.0,,2017-07-20
2017-07-21,930929,中证多资产风险平价指数,中证MARP,CSI Multi Asset Risk Parity Index,CSI MARP,,,,1625.36,,,0.0,0.0,5.0,,2017-07-21
2017-07-24,930929,中证多资产风险平价指数,中证MARP,CSI Multi Asset Risk Parity Index,CSI MARP,,,,1626.49,,,0.0,0.0,5.0,,2017-07-24
2017-07-25,930929,中证多资产风险平价指数,中证MARP,CSI Multi Asset Risk Parity Index,CSI MARP,,,,1626.38,,,0.0,0.0,5.0,,2017-07-25
2017-07-26,930929,中证多资产风险平价指数,中证MARP,CSI Multi Asset Risk Parity Index,CSI MARP,,,,1624.4,,,0.0,0.0,5.0,,2017-07-26
2017-07-27,930929,中证多资产风险平价指数,中证MARP,CSI Multi Asset Risk Parity Index,CSI MARP,,,,1626.11,,,0.0,0.0,5.0,,2017-07-27
2017-07-28,930929,中证多资产风险平价指数,中证MARP,CSI Multi Asset Risk Parity Index,CSI MARP,,,,1626.72,,,0.0,0.0,5.0,,2017-07-28
2017-07-31,930929,中证多资产风险平价指数,中证MARP,CSI Multi Asset Risk Parity Index,CSI MARP,,,,1628.67,,,0.0,0.0,5.0,,2017-07-31
2017-08-01,930929,中证多资产风险平价指数,中证MARP,CSI Multi Asset Risk Parity Index,CSI MARP,,,,1628.89,,,0.0,0.0,5.0,,2017-08-01
2017-08-02,930929,中证多资产风险平价指数,中证MARP,CSI Multi Asset Risk Parity Index,CSI MARP,,,,1628.1,,,0.0,0.0,5.0,,2017-08-02
2017-08-03,930929,中证多资产风险平价指数,中证MARP,CSI Multi Asset Risk Parity Index,CSI MARP,,,,1626.81,,,0.0,0.0,5.0,,2017-08-03
2017-08-04,930929,中证多资产风险平价指数,中证MARP,CSI Multi Asset Risk Parity Index,CSI MARP,,,,1627.11,,,0.0,0.0,5.0,,2017-08-04
2017-08-07,930929,中证多资产风险平价指数,中证MARP,CSI Multi Asset Risk Parity Index,CSI MARP,,,,1627.21,,,0.0,0.0,5.0,,2017-08-07
2017-08-08,930929,中证多资产风险平价指数,中证MARP,CSI Multi Asset Risk Parity Index,CSI MARP,,,,1626.23,,,0.0,0.0,5.0,,2017-08-08
2017-08-09,930929,中证多资产风险平价指数,中证MARP,CSI Multi Asset Risk Parity Index,CSI MARP,,,,1626.28,,,0.0,0.0,5.0,,2017-08-09
2017-08-10,930929,中证多资产风险平价指数,中证MARP,CSI Multi Asset Risk Parity Index,CSI MARP,,,,1626.43,,,0.0,0.0,5.0,,2017-08-10
2017-08-11,930929,中证多资产风险平价指数,中证MARP,CSI Multi Asset Risk Parity Index,CSI MARP,,,,1624.42,,,0.0,0.0,5.0,,2017-08-11
2017-08-14,930929,中证多资产风险平价指数,中证MARP,CSI Multi Asset Risk Parity Index,CSI MARP,,,,1628.1,,,0.0,0.0,5.0,,2017-08-14
2017-08-15,930929,中证多资产风险平价指数,中证MARP,CSI Multi Asset Risk Parity Index,CSI MARP,,,,1627.82,,,0.0,0.0,5.0,,2017-08-15
2017-08-16,930929,中证多资产风险平价指数,中证MARP,CSI Multi Asset Risk Parity Index,CSI MARP,,,,1627.38,,,0.0,0.0,5.0,,2017-08-16
2017-08-17,930929,中证多资产风险平价指数,中证MARP,CSI Multi Asset Risk Parity Index,CSI MARP,,,,1629.74,,,0.0,0.0,5.0,,2017-08-17
2017-08-18,930929,中证多资产风险平价指数,中证MARP,CSI Multi Asset Risk Parity Index,CSI MARP,,,,1629.9,,,0.0,0.0,5.0,,2017-08-18
2017-08-21,930929,中证多资产风险平价指数,中证MARP,CSI Multi Asset Risk Parity Index,CSI MARP,,,,1630.52,,,0.0,0.0,5.0,,2017-08-21
2017-08-22,930929,中证多资产风险平价指数,中证MARP,CSI Multi Asset Risk Parity Index,CSI MARP,,,,1629.9,,,0.0,0.0,5.0,,2017-08-22
2017-08-23,930929,中证多资产风险平价指数,中证MARP,CSI Multi Asset Risk Parity Index,CSI MARP,,,,1629.52,,,0.0,0.0,5.0,,2017-08-23
2017-08-24,930929,中证多资产风险平价指数,中证MARP,CSI Multi Asset Risk Parity Index,CSI MARP,,,,1628.06,,,0.0,0.0,5.0,,2017-08-24
2017-08-25,930929,中证多资产风险平价指数,中证MARP,CSI Multi Asset Risk Parity Index,CSI MARP,,,,1629.85,,,0.0,0.0,5.0,,2017-08-25
2017-08-28,930929,中证多资产风险平价指数,中证MARP,CSI Multi Asset Risk Parity Index,CSI MARP,,,,1632.36,,,0.0,0.0,5.0,,2017-08-28
2017-08-29,930929,中证多资产风险平价指数,中证MARP,CSI Multi Asset Risk Parity Index,CSI MARP,,,,1633.29,,,0.0,0.0,5.0,,2017-08-29
2017-08-30,930929,中证多资产风险平价指数,中证MARP,CSI Multi Asset Risk Parity Index,CSI MARP,,,,1632.05,,,0.0,0.0,5.0,,2017-08-30
2017-08-31,930929,中证多资产风险平价指数,中证MARP,CSI Multi Asset Risk Parity Index,CSI MARP,,,,1632.0,,,0.0,0.0,5.0,,2017-08-31
2017-09-01,930929,中证多资产风险平价指数,中证MARP,CSI Multi Asset Risk Parity Index,CSI MARP,,,,1634.0,,,0.0,0.0,5.0,,2017-09-01
2017-09-04,930929,中证多资产风险平价指数,中证MARP,CSI Multi Asset Risk Parity Index,CSI MARP,,,,1636.03,,,0.0,0.0,5.0,,2017-09-04
2017-09-05,930929,中证多资产风险平价指数,中证MARP,CSI Multi Asset Risk Parity Index,CSI MARP,,,,1636.15,,,0.0,0.0,5.0,,2017-09-05
2017-09-06,930929,中证多资产风险平价指数,中证MARP,CSI Multi Asset Risk Parity Index,CSI MARP,,,,1636.6,,,0.0,0.0,5.0,,2017-09-06
2017-09-07,930929,中证多资产风险平价指数,中证MARP,CSI Multi Asset Risk Parity Index,CSI MARP,,,,1635.62,,,0.0,0.0,5.0,,2017-09-07
2017-09-08,930929,中证多资产风险平价指数,中证MARP,CSI Multi Asset Risk Parity Index,CSI MARP,,,,1637.42,,,0.0,0.0,5.0,,2017-09-08
2017-09-11,930929,中证多资产风险平价指数,中证MARP,CSI Multi Asset Risk Parity Index,CSI MARP,,,,1638.4,,,0.0,0.0,5.0,,2017-09-11
2017-09-12,930929,中证多资产风险平价指数,中证MARP,CSI Multi Asset Risk Parity Index,CSI MARP,,,,1637.99,,,0.0,0.0,5.0,,2017-09-12
2017-09-13,930929,中证多资产风险平价指数,中证MARP,CSI Multi Asset Risk Parity Index,CSI MARP,,,,1638.91,,,0.0,0.0,5.0,,2017-09-13
2017-09-14,930929,中证多资产风险平价指数,中证MARP,CSI Multi Asset Risk Parity Index,CSI MARP,,,,1638.4,,,0.0,0.0,5.0,,2017-09-14
2017-09-15,930929,中证多资产风险平价指数,中证MARP,CSI Multi Asset Risk Parity Index,CSI MARP,,,,1639.2,,,0.0,0.0,5.0,,2017-09-15
2017-09-18,930929,中证多资产风险平价指数,中证MARP,CSI Multi Asset Risk Parity Index,CSI MARP,,,,1639.06,,,0.0,0.0,5.0,,2017-09-18
2017-09-19,930929,中证多资产风险平价指数,中证MARP,CSI Multi Asset Risk Parity Index,CSI MARP,,,,1638.29,,,0.0,0.0,5.0,,2017-09-19
2017-09-20,930929,中证多资产风险平价指数,中证MARP,CSI Multi Asset Risk Parity Index,CSI MARP,,,,1639.17,,,0.0,0.0,5.0,,2017-09-20
2017-09-21,930929,中证多资产风险平价指数,中证MARP,CSI Multi Asset Risk Parity Index,CSI MARP,,,,1636.78,,,0.0,0.0,5.0,,2017-09-21
2017-09-22,930929,中证多资产风险平价指数,中证MARP,CSI Multi Asset Risk Parity Index,CSI MARP,,,,1636.65,,,0.0,0.0,5.0,,2017-09-22
2017-09-25,930929,中证多资产风险平价指数,中证MARP,CSI Multi Asset Risk Parity Index,CSI MARP,,,,1636.13,,,0.0,0.0,5.0,,2017-09-25
2017-09-26,930929,中证多资产风险平价指数,中证MARP,CSI Multi Asset Risk Parity Index,CSI MARP,,,,1639.01,,,0.0,0.0,5.0,,2017-09-26
2017-09-27,930929,中证多资产风险平价指数,中证MARP,CSI Multi Asset Risk Parity Index,CSI MARP,,,,1638.09,,,0.0,0.0,5.0,,2017-09-27
2017-09-28,930929,中证多资产风险平价指数,中证MARP,CSI Multi Asset Risk Parity Index,CSI MARP,,,,1636.85,,,0.0,0.0,5.0,,2017-09-28
2017-09-29,930929,中证多资产风险平价指数,中证MARP,CSI Multi Asset Risk Parity Index,CSI MARP,,,,1638.79,,,0.0,0.0,5.0,,2017-09-29
2017-10-09,930929,中证多资产风险平价指数,中证MARP,CSI Multi Asset Risk Parity Index,CSI MARP,,,,1640.99,,,0.0,0.0,5.0,,2017-10-09
2017-10-10,930929,中证多资产风险平价指数,中证MARP,CSI Multi Asset Risk Parity Index,CSI MARP,,,,1641.46,,,0.0,0.0,5.0,,2017-10-10
2017-10-11,930929,中证多资产风险平价指数,中证MARP,CSI Multi Asset Risk Parity Index,CSI MARP,,,,1641.02,,,0.0,0.0,5.0,,2017-10-11
2017-10-12,930929,中证多资产风险平价指数,中证MARP,CSI Multi Asset Risk Parity Index,CSI MARP,,,,1641.78,,,0.0,0.0,5.0,,2017-10-12
2017-10-13,930929,中证多资产风险平价指数,中证MARP,CSI Multi Asset Risk Parity Index,CSI MARP,,,,1642.51,,,0.0,0.0,5.0,,2017-10-13
2017-10-16,930929,中证多资产风险平价指数,中证MARP,CSI Multi Asset Risk Parity Index,CSI MARP,,,,1640.92,,,0.0,0.0,5.0,,2017-10-16
2017-10-17,930929,中证多资产风险平价指数,中证MARP,CSI Multi Asset Risk Parity Index,CSI MARP,,,,1638.72,,,0.0,0.0,5.0,,2017-10-17
2017-10-18,930929,中证多资产风险平价指数,中证MARP,CSI Multi Asset Risk Parity Index,CSI MARP,,,,1637.95,,,0.0,0.0,5.0,,2017-10-18
2017-10-19,930929,中证多资产风险平价指数,中证MARP,CSI Multi Asset Risk Parity Index,CSI MARP,,,,1637.07,,,0.0,0.0,5.0,,2017-10-19
2017-10-20,930929,中证多资产风险平价指数,中证MARP,CSI Multi Asset Risk Parity Index,CSI MARP,,,,1638.32,,,0.0,0.0,5.0,,2017-10-20
2017-10-23,930929,中证多资产风险平价指数,中证MARP,CSI Multi Asset Risk Parity Index,CSI MARP,,,,1638.74,,,0.0,0.0,5.0,,2017-10-23
2017-10-24,930929,中证多资产风险平价指数,中证MARP,CSI Multi Asset Risk Parity Index,CSI MARP,,,,1640.16,,,0.0,0.0,5.0,,2017-10-24
2017-10-25,930929,中证多资产风险平价指数,中证MARP,CSI Multi Asset Risk Parity Index,CSI MARP,,,,1639.41,,,0.0,0.0,5.0,,2017-10-25
2017-10-26,930929,中证多资产风险平价指数,中证MARP,CSI Multi Asset Risk Parity Index,CSI MARP,,,,1640.12,,,0.0,0.0,5.0,,2017-10-26
2017-10-27,930929,中证多资产风险平价指数,中证MARP,CSI Multi Asset Risk Parity Index,CSI MARP,,,,1638.6,,,0.0,0.0,5.0,,2017-10-27
2017-10-30,930929,中证多资产风险平价指数,中证MARP,CSI Multi Asset Risk Parity Index,CSI MARP,,,,1635.11,,,0.0,0.0,5.0,,2017-10-30
2017-10-31,930929,中证多资产风险平价指数,中证MARP,CSI Multi Asset Risk Parity Index,CSI MARP,,,,1634.94,,,0.0,0.0,5.0,,2017-10-31
2017-11-01,930929,中证多资产风险平价指数,中证MARP,CSI Multi Asset Risk Parity Index,CSI MARP,,,,1634.76,,,0.0,0.0,5.0,,2017-11-01
2017-11-02,930929,中证多资产风险平价指数,中证MARP,CSI Multi Asset Risk Parity Index,CSI MARP,,,,1634.38,,,0.0,0.0,5.0,,2017-11-02
2017-11-03,930929,中证多资产风险平价指数,中证MARP,CSI Multi Asset Risk Parity Index,CSI MARP,,,,1633.43,,,0.0,0.0,5.0,,2017-11-03
2017-11-06,930929,中证多资产风险平价指数,中证MARP,CSI Multi Asset Risk Parity Index,CSI MARP,,,,1634.91,,,0.0,0.0,5.0,,2017-11-06
2017-11-07,930929,中证多资产风险平价指数,中证MARP,CSI Multi Asset Risk Parity Index,CSI MARP,,,,1636.55,,,0.0,0.0,5.0,,2017-11-07
2017-11-08,930929,中证多资产风险平价指数,中证MARP,CSI Multi Asset Risk Parity Index,CSI MARP,,,,1635.94,,,0.0,0.0,5.0,,2017-11-08
2017-11-09,930929,中证多资产风险平价指数,中证MARP,CSI Multi Asset Risk Parity Index,CSI MARP,,,,1637.56,,,0.0,0.0,5.0,,2017-11-09
2017-11-10,930929,中证多资产风险平价指数,中证MARP,CSI Multi Asset Risk Parity Index,CSI MARP,,,,1639.02,,,0.0,0.0,5.0,,2017-11-10
2017-11-13,930929,中证多资产风险平价指数,中证MARP,CSI Multi Asset Risk Parity Index,CSI MARP,,,,1638.29,,,0.0,0.0,5.0,,2017-11-13
2017-11-14,930929,中证多资产风险平价指数,中证MARP,CSI Multi Asset Risk Parity Index,CSI MARP,,,,1634.73,,,0.0,0.0,5.0,,2017-11-14
2017-11-15,930929,中证多资产风险平价指数,中证MARP,CSI Multi Asset Risk Parity Index,CSI MARP,,,,1633.75,,,0.0,0.0,5.0,,2017-11-15
2017-11-16,930929,中证多资产风险平价指数,中证MARP,CSI Multi Asset Risk Parity Index,CSI MARP,,,,1634.13,,,0.0,0.0,5.0,,2017-11-16
2017-11-17,930929,中证多资产风险平价指数,中证MARP,CSI Multi Asset Risk Parity Index,CSI MARP,,,,1633.24,,,0.0,0.0,5.0,,2017-11-17
2017-11-20,930929,中证多资产风险平价指数,中证MARP,CSI Multi Asset Risk Parity Index,CSI MARP,,,,1635.34,,,0.0,0.0,5.0,,2017-11-20
2017-11-21,930929,中证多资产风险平价指数,中证MARP,CSI Multi Asset Risk Parity Index,CSI MARP,,,,1635.72,,,0.0,0.0,5.0,,2017-11-21
2017-11-22,930929,中证多资产风险平价指数,中证MARP,CSI Multi Asset Risk Parity Index,CSI MARP,,,,1634.91,,,0.0,0.0,5.0,,2017-11-22
2017-11-23,930929,中证多资产风险平价指数,中证MARP,CSI Multi Asset Risk Parity Index,CSI MARP,,,,1628.81,,,0.0,0.0,5.0,,2017-11-23
2017-11-24,930929,中证多资产风险平价指数,中证MARP,CSI Multi Asset Risk Parity Index,CSI MARP,,,,1629.09,,,0.0,0.0,5.0,,2017-11-24
2017-11-27,930929,中证多资产风险平价指数,中证MARP,CSI Multi Asset Risk Parity Index,CSI MARP,,,,1626.57,,,0.0,0.0,5.0,,2017-11-27
2017-11-28,930929,中证多资产风险平价指数,中证MARP,CSI Multi Asset Risk Parity Index,CSI MARP,,,,1627.55,,,0.0,0.0,5.0,,2017-11-28
2017-11-29,930929,中证多资产风险平价指数,中证MARP,CSI Multi Asset Risk Parity Index,CSI MARP,,,,1628.52,,,0.0,0.0,5.0,,2017-11-29
2017-11-30,930929,中证多资产风险平价指数,中证MARP,CSI Multi Asset Risk Parity Index,CSI MARP,,,,1625.69,,,0.0,0.0,5.0,,2017-11-30
2017-12-01,930929,中证多资产风险平价指数,中证MARP,CSI Multi Asset Risk Parity Index,CSI MARP,,,,1625.32,,,0.0,0.0,5.0,,2017-12-01
2017-12-04,930929,中证多资产风险平价指数,中证MARP,CSI Multi Asset Risk Parity Index,CSI MARP,,,,1626.15,,,0.0,0.0,5.0,,2017-12-04
2017-12-05,930929,中证多资产风险平价指数,中证MARP,CSI Multi Asset Risk Parity Index,CSI MARP,,,,1626.32,,,0.0,0.0,5.0,,2017-12-05
2017-12-06,930929,中证多资产风险平价指数,中证MARP,CSI Multi Asset Risk Parity Index,CSI MARP,,,,1625.61,,,0.0,0.0,5.0,,2017-12-06
2017-12-07,930929,中证多资产风险平价指数,中证MARP,CSI Multi Asset Risk Parity Index,CSI MARP,,,,1623.17,,,0.0,0.0,5.0,,2017-12-07
2017-12-08,930929,中证多资产风险平价指数,中证MARP,CSI Multi Asset Risk Parity Index,CSI MARP,,,,1623.36,,,0.0,0.0,5.0,,2017-12-08
2017-12-11,930929,中证多资产风险平价指数,中证MARP,CSI Multi Asset Risk Parity Index,CSI MARP,,,,1625.35,,,0.0,0.0,5.0,,2017-12-11
2017-12-12,930929,中证多资产风险平价指数,中证MARP,CSI Multi Asset Risk Parity Index,CSI MARP,,,,1622.88,,,0.0,0.0,5.0,,2017-12-12
2017-12-13,930929,中证多资产风险平价指数,中证MARP,CSI Multi Asset Risk Parity Index,CSI MARP,,,,1624.06,,,0.0,0.0,5.0,,2017-12-13
2017-12-14,930929,中证多资产风险平价指数,中证MARP,CSI Multi Asset Risk Parity Index,CSI MARP,,,,1625.75,,,0.0,0.0,5.0,,2017-12-14
2017-12-15,930929,中证多资产风险平价指数,中证MARP,CSI Multi Asset Risk Parity Index,CSI MARP,,,,1624.27,,,0.0,0.0,5.0,,2017-12-15
2017-12-18,930929,中证多资产风险平价指数,中证MARP,CSI Multi Asset Risk Parity Index,CSI MARP,,,,1624.99,,,0.0,0.0,5.0,,2017-12-18
2017-12-19,930929,中证多资产风险平价指数,中证MARP,CSI Multi Asset Risk Parity Index,CSI MARP,,,,1627.9,,,0.0,0.0,5.0,,2017-12-19
2017-12-20,930929,中证多资产风险平价指数,中证MARP,CSI Multi Asset Risk Parity Index,CSI MARP,,,,1626.62,,,0.0,0.0,5.0,,2017-12-20
2017-12-21,930929,中证多资产风险平价指数,中证MARP,CSI Multi Asset Risk Parity Index,CSI MARP,,,,1628.04,,,0.0,0.0,5.0,,2017-12-21
2017-12-22,930929,中证多资产风险平价指数,中证MARP,CSI Multi Asset Risk Parity Index,CSI MARP,,,,1628.69,,,0.0,0.0,5.0,,2017-12-22
2017-12-25,930929,中证多资产风险平价指数,中证MARP,CSI Multi Asset Risk Parity Index,CSI MARP,,,,1628.66,,,0.0,0.0,5.0,,2017-12-25
2017-12-26,930929,中证多资产风险平价指数,中证MARP,CSI Multi Asset Risk Parity Index,CSI MARP,,,,1627.74,,,0.0,0.0,5.0,,2017-12-26
2017-12-27,930929,中证多资产风险平价指数,中证MARP,CSI Multi Asset Risk Parity Index,CSI MARP,,,,1626.97,,,0.0,0.0,5.0,,2017-12-27
2017-12-28,930929,中证多资产风险平价指数,中证MARP,CSI Multi Asset Risk Parity Index,CSI MARP,,,,1627.97,,,0.0,0.0,5.0,,2017-12-28
2017-12-29,930929,中证多资产风险平价指数,中证MARP,CSI Multi Asset Risk Parity Index,CSI MARP,,,,1630.39,,,0.0,0.0,5.0,,2017-12-29
2018-01-02,930929,中证多资产风险平价指数,中证MARP,CSI Multi Asset Risk Parity Index,CSI MARP,,,,1634.49,,,0.0,0.0,5.0,,2018-01-02
2018-01-03,930929,中证多资产风险平价指数,中证MARP,CSI Multi Asset Risk Parity Index,CSI MARP,,,,1636.43,,,0.0,0.0,5.0,,2018-01-03
2018-01-04,930929,中证多资产风险平价指数,中证MARP,CSI Multi Asset Risk Parity Index,CSI MARP,,,,1635.33,,,0.0,0.0,5.0,,2018-01-04
2018-01-05,930929,中证多资产风险平价指数,中证MARP,CSI Multi Asset Risk Parity Index,CSI MARP,,,,1636.19,,,0.0,0.0,5.0,,2018-01-05
2018-01-08,930929,中证多资产风险平价指数,中证MARP,CSI Multi Asset Risk Parity Index,CSI MARP,,,,1637.7,,,0.0,0.0,5.0,,2018-01-08
2018-01-09,930929,中证多资产风险平价指数,中证MARP,CSI Multi Asset Risk Parity Index,CSI MARP,,,,1639.31,,,0.0,0.0,5.0,,2018-01-09
2018-01-10,930929,中证多资产风险平价指数,中证MARP,CSI Multi Asset Risk Parity Index,CSI MARP,,,,1639.39,,,0.0,0.0,5.0,,2018-01-10
2018-01-11,930929,中证多资产风险平价指数,中证MARP,CSI Multi Asset Risk Parity Index,CSI MARP,,,,1638.76,,,0.0,0.0,5.0,,2018-01-11
2018-01-12,930929,中证多资产风险平价指数,中证MARP,CSI Multi Asset Risk Parity Index,CSI MARP,,,,1641.69,,,0.0,0.0,5.0,,2018-01-12
2018-01-15,930929,中证多资产风险平价指数,中证MARP,CSI Multi Asset Risk Parity Index,CSI MARP,,,,1640.73,,,0.0,0.0,5.0,,2018-01-15
2018-01-16,930929,中证多资产风险平价指数,中证MARP,CSI Multi Asset Risk Parity Index,CSI MARP,,,,1642.04,,,0.0,0.0,5.0,,2018-01-16
2018-01-17,930929,中证多资产风险平价指数,中证MARP,CSI Multi Asset Risk Parity Index,CSI MARP,,,,1641.33,,,0.0,0.0,5.0,,2018-01-17
2018-01-18,930929,中证多资产风险平价指数,中证MARP,CSI Multi Asset Risk Parity Index,CSI MARP,,,,1640.41,,,0.0,0.0,5.0,,2018-01-18
2018-01-19,930929,中证多资产风险平价指数,中证MARP,CSI Multi Asset Risk Parity Index,CSI MARP,,,,1640.16,,,0.0,0.0,5.0,,2018-01-19
2018-01-22,930929,中证多资产风险平价指数,中证MARP,CSI Multi Asset Risk Parity Index,CSI MARP,,,,1643.16,,,0.0,0.0,5.0,,2018-01-22
2018-01-23,930929,中证多资产风险平价指数,中证MARP,CSI Multi Asset Risk Parity Index,CSI MARP,,,,1645.01,,,0.0,0.0,5.0,,2018-01-23
2018-01-24,930929,中证多资产风险平价指数,中证MARP,CSI Multi Asset Risk Parity Index,CSI MARP,,,,1647.13,,,0.0,0.0,5.0,,2018-01-24
2018-01-25,930929,中证多资产风险平价指数,中证MARP,CSI Multi Asset Risk Parity Index,CSI MARP,,,,1647.0,,,0.0,0.0,5.0,,2018-01-25
2018-01-26,930929,中证多资产风险平价指数,中证MARP,CSI Multi Asset Risk Parity Index,CSI MARP,,,,1646.66,,,0.0,0.0,5.0,,2018-01-26
2018-01-29,930929,中证多资产风险平价指数,中证MARP,CSI Multi Asset Risk Parity Index,CSI MARP,,,,1643.15,,,0.0,0.0,5.0,,2018-01-29
2018-01-30,930929,中证多资产风险平价指数,中证MARP,CSI Multi Asset Risk Parity Index,CSI MARP,,,,1640.26,,,0.0,0.0,5.0,,2018-01-30
2018-01-31,930929,中证多资产风险平价指数,中证MARP,CSI Multi Asset Risk Parity Index,CSI MARP,,,,1640.12,,,0.0,0.0,5.0,,2018-01-31
2018-02-01,930929,中证多资产风险平价指数,中证MARP,CSI Multi Asset Risk Parity Index,CSI MARP,,,,1636.95,,,0.0,0.0,5.0,,2018-02-01
2018-02-02,930929,中证多资产风险平价指数,中证MARP,CSI Multi Asset Risk Parity Index,CSI MARP,,,,1637.89,,,0.0,0.0,5.0,,2018-02-02
2018-02-05,930929,中证多资产风险平价指数,中证MARP,CSI Multi Asset Risk Parity Index,CSI MARP,,,,1636.33,,,0.0,0.0,5.0,,2018-02-05
2018-02-06,930929,中证多资产风险平价指数,中证MARP,CSI Multi Asset Risk Parity Index,CSI MARP,,,,1632.51,,,0.0,0.0,5.0,,2018-02-06
2018-02-07,930929,中证多资产风险平价指数,中证MARP,CSI Multi Asset Risk Parity Index,CSI MARP,,,,1628.02,,,0.0,0.0,5.0,,2018-02-07
2018-02-08,930929,中证多资产风险平价指数,中证MARP,CSI Multi Asset Risk Parity Index,CSI MARP,,,,1627.21,,,0.0,0.0,5.0,,2018-02-08
2018-02-09,930929,中证多资产风险平价指数,中证MARP,CSI Multi Asset Risk Parity Index,CSI MARP,,,,1621.98,,,0.0,0.0,5.0,,2018-02-09
2018-02-12,930929,中证多资产风险平价指数,中证MARP,CSI Multi Asset Risk Parity Index,CSI MARP,,,,1625.44,,,0.0,0.0,5.0,,2018-02-12
2018-02-13,930929,中证多资产风险平价指数,中证MARP,CSI Multi Asset Risk Parity Index,CSI MARP,,,,1628.69,,,0.0,0.0,5.0,,2018-02-13
2018-02-14,930929,中证多资产风险平价指数,中证MARP,CSI Multi Asset Risk Parity Index,CSI MARP,,,,1632.11,,,0.0,0.0,5.0,,2018-02-14
2018-02-22,930929,中证多资产风险平价指数,中证MARP,CSI Multi Asset Risk Parity Index,CSI MARP,,,,1634.18,,,0.0,0.0,5.0,,2018-02-22
2018-02-23,930929,中证多资产风险平价指数,中证MARP,CSI Multi Asset Risk Parity Index,CSI MARP,,,,1635.94,,,0.0,0.0,5.0,,2018-02-23
2018-02-26,930929,中证多资产风险平价指数,中证MARP,CSI Multi Asset Risk Parity Index,CSI MARP,,,,1640.67,,,0.0,0.0,5.0,,2018-02-26
2018-02-27,930929,中证多资产风险平价指数,中证MARP,CSI Multi Asset Risk Parity Index,CSI MARP,,,,1639.46,,,0.0,0.0,5.0,,2018-02-27
2018-02-28,930929,中证多资产风险平价指数,中证MARP,CSI Multi Asset Risk Parity Index,CSI MARP,,,,1638.41,,,0.0,0.0,5.0,,2018-02-28
2018-03-01,930929,中证多资产风险平价指数,中证MARP,CSI Multi Asset Risk Parity Index,CSI MARP,,,,1640.02,,,0.0,0.0,5.0,,2018-03-01
2018-03-02,930929,中证多资产风险平价指数,中证MARP,CSI Multi Asset Risk Parity Index,CSI MARP,,,,1640.07,,,0.0,0.0,5.0,,2018-03-02
2018-03-05,930929,中证多资产风险平价指数,中证MARP,CSI Multi Asset Risk Parity Index,CSI MARP,,,,1641.26,,,0.0,0.0,5.0,,2018-03-05
2018-03-06,930929,中证多资产风险平价指数,中证MARP,CSI Multi Asset Risk Parity Index,CSI MARP,,,,1643.57,,,0.0,0.0,5.0,,2018-03-06
2018-03-07,930929,中证多资产风险平价指数,中证MARP,CSI Multi Asset Risk Parity Index,CSI MARP,,,,1643.3,,,0.0,0.0,5.0,,2018-03-07
2018-03-08,930929,中证多资产风险平价指数,中证MARP,CSI Multi Asset Risk Parity Index,CSI MARP,,,,1645.33,,,0.0,0.0,5.0,,2018-03-08
2018-03-09,930929,中证多资产风险平价指数,中证MARP,CSI Multi Asset Risk Parity Index,CSI MARP,,,,1646.15,,,0.0,0.0,5.0,,2018-03-09
2018-03-12,930929,中证多资产风险平价指数,中证MARP,CSI Multi Asset Risk Parity Index,CSI MARP,,,,1648.04,,,0.0,0.0,5.0,,2018-03-12
2018-03-13,930929,中证多资产风险平价指数,中证MARP,CSI Multi Asset Risk Parity Index,CSI MARP,,,,1647.62,,,0.0,0.0,5.0,,2018-03-13
2018-03-14,930929,中证多资产风险平价指数,中证MARP,CSI Multi Asset Risk Parity Index,CSI MARP,,,,1646.86,,,0.0,0.0,5.0,,2018-03-14
2018-03-15,930929,中证多资产风险平价指数,中证MARP,CSI Multi Asset Risk Parity Index,CSI MARP,,,,1647.25,,,0.0,0.0,5.0,,2018-03-15
2018-03-16,930929,中证多资产风险平价指数,中证MARP,CSI Multi Asset Risk Parity Index,CSI MARP,,,,1645.57,,,0.0,0.0,5.0,,2018-03-16
2018-03-19,930929,中证多资产风险平价指数,中证MARP,CSI Multi Asset Risk Parity Index,CSI MARP,,,,1645.91,,,0.0,0.0,5.0,,2018-03-19
2018-03-20,930929,中证多资产风险平价指数,中证MARP,CSI Multi Asset Risk Parity Index,CSI MARP,,,,1647.24,,,0.0,0.0,5.0,,2018-03-20
2018-03-21,930929,中证多资产风险平价指数,中证MARP,CSI Multi Asset Risk Parity Index,CSI MARP,,,,1647.2,,,0.0,0.0,5.0,,2018-03-21
2018-03-22,930929,中证多资产风险平价指数,中证MARP,CSI Multi Asset Risk Parity Index,CSI MARP,,,,1648.99,,,0.0,0.0,5.0,,2018-03-22
2018-03-23,930929,中证多资产风险平价指数,中证MARP,CSI Multi Asset Risk Parity Index,CSI MARP,,,,1650.48,,,0.0,0.0,5.0,,2018-03-23
2018-03-26,930929,中证多资产风险平价指数,中证MARP,CSI Multi Asset Risk Parity Index,CSI MARP,,,,1650.87,,,0.0,0.0,5.0,,2018-03-26
2018-03-27,930929,中证多资产风险平价指数,中证MARP,CSI Multi Asset Risk Parity Index,CSI MARP,,,,1652.03,,,0.0,0.0,5.0,,2018-03-27
2018-03-28,930929,中证多资产风险平价指数,中证MARP,CSI Multi Asset Risk Parity Index,CSI MARP,,,,1650.21,,,0.0,0.0,5.0,,2018-03-28
2018-03-29,930929,中证多资产风险平价指数,中证MARP,CSI Multi Asset Risk Parity Index,CSI MARP,,,,1649.3,,,0.0,0.0,5.0,,2018-03-29
2018-03-30,930929,中证多资产风险平价指数,中证MARP,CSI Multi Asset Risk Parity Index,CSI MARP,,,,1650.38,,,0.0,0.0,5.0,,2018-03-30
2018-04-02,930929,中证多资产风险平价指数,中证MARP,CSI Multi Asset Risk Parity Index,CSI MARP,,,,1651.22,,,0.0,0.0,5.0,,2018-04-02
2018-04-03,930929,中证多资产风险平价指数,中证MARP,CSI Multi Asset Risk Parity Index,CSI MARP,,,,1652.45,,,0.0,0.0,5.0,,2018-04-03
2018-04-04,930929,中证多资产风险平价指数,中证MARP,CSI Multi Asset Risk Parity Index,CSI MARP,,,,1652.79,,,0.0,0.0,5.0,,2018-04-04
2018-04-09,930929,中证多资产风险平价指数,中证MARP,CSI Multi Asset Risk Parity Index,CSI MARP,,,,1654.78,,,0.0,0.0,5.0,,2018-04-09
2018-04-10,930929,中证多资产风险平价指数,中证MARP,CSI Multi Asset Risk Parity Index,CSI MARP,,,,1656.65,,,0.0,0.0,5.0,,2018-04-10
2018-04-11,930929,中证多资产风险平价指数,中证MARP,CSI Multi Asset Risk Parity Index,CSI MARP,,,,1657.92,,,0.0,0.0,5.0,,2018-04-11
2018-04-12,930929,中证多资产风险平价指数,中证MARP,CSI Multi Asset Risk Parity Index,CSI MARP,,,,1658.33,,,0.0,0.0,5.0,,2018-04-12
2018-04-13,930929,中证多资产风险平价指数,中证MARP,CSI Multi Asset Risk Parity Index,CSI MARP,,,,1657.92,,,0.0,0.0,5.0,,2018-04-13
2018-04-16,930929,中证多资产风险平价指数,中证MARP,CSI Multi Asset Risk Parity Index,CSI MARP,,,,1659.11,,,0.0,0.0,5.0,,2018-04-16
2018-04-17,930929,中证多资产风险平价指数,中证MARP,CSI Multi Asset Risk Parity Index,CSI MARP,,,,1659.58,,,0.0,0.0,5.0,,2018-04-17
2018-04-18,930929,中证多资产风险平价指数,中证MARP,CSI Multi Asset Risk Parity Index,CSI MARP,,,,1668.62,,,0.0,0.0,5.0,,2018-04-18
2018-04-19,930929,中证多资产风险平价指数,中证MARP,CSI Multi Asset Risk Parity Index,CSI MARP,,,,1671.07,,,0.0,0.0,5.0,,2018-04-19
2018-04-20,930929,中证多资产风险平价指数,中证MARP,CSI Multi Asset Risk Parity Index,CSI MARP,,,,1668.93,,,0.0,0.0,5.0,,2018-04-20
2018-04-23,930929,中证多资产风险平价指数,中证MARP,CSI Multi Asset Risk Parity Index,CSI MARP,,,,1667.35,,,0.0,0.0,5.0,,2018-04-23
2018-04-24,930929,中证多资产风险平价指数,中证MARP,CSI Multi Asset Risk Parity Index,CSI MARP,,,,1668.72,,,0.0,0.0,5.0,,2018-04-24
2018-04-25,930929,中证多资产风险平价指数,中证MARP,CSI Multi Asset Risk Parity Index,CSI MARP,,,,1668.39,,,0.0,0.0,5.0,,2018-04-25
2018-04-26,930929,中证多资产风险平价指数,中证MARP,CSI Multi Asset Risk Parity Index,CSI MARP,,,,1666.25,,,0.0,0.0,5.0,,2018-04-26
2018-04-27,930929,中证多资产风险平价指数,中证MARP,CSI Multi Asset Risk Parity Index,CSI MARP,,,,1664.5,,,0.0,0.0,5.0,,2018-04-27
2018-05-02,930929,中证多资产风险平价指数,中证MARP,CSI Multi Asset Risk Parity Index,CSI MARP,,,,1664.43,,,0.0,0.0,5.0,,2018-05-02
2018-05-03,930929,中证多资产风险平价指数,中证MARP,CSI Multi Asset Risk Parity Index,CSI MARP,,,,1665.46,,,0.0,0.0,5.0,,2018-05-03
2018-05-04,930929,中证多资产风险平价指数,中证MARP,CSI Multi Asset Risk Parity Index,CSI MARP,,,,1665.25,,,0.0,0.0,5.0,,2018-05-04
2018-05-07,930929,中证多资产风险平价指数,中证MARP,CSI Multi Asset Risk Parity Index,CSI MARP,,,,1667.31,,,0.0,0.0,5.0,,2018-05-07
2018-05-08,930929,中证多资产风险平价指数,中证MARP,CSI Multi Asset Risk Parity Index,CSI MARP,,,,1667.37,,,0.0,0.0,5.0,,2018-05-08
2018-05-09,930929,中证多资产风险平价指数,中证MARP,CSI Multi Asset Risk Parity Index,CSI MARP,,,,1665.65,,,0.0,0.0,5.0,,2018-05-09
2018-05-10,930929,中证多资产风险平价指数,中证MARP,CSI Multi Asset Risk Parity Index,CSI MARP,,,,1665.41,,,0.0,0.0,5.0,,2018-05-10
2018-05-11,930929,中证多资产风险平价指数,中证MARP,CSI Multi Asset Risk Parity Index,CSI MARP,,,,1664.68,,,0.0,0.0,5.0,,2018-05-11
2018-05-14,930929,中证多资产风险平价指数,中证MARP,CSI Multi Asset Risk Parity Index,CSI MARP,,,,1665.28,,,0.0,0.0,5.0,,2018-05-14
2018-05-15,930929,中证多资产风险平价指数,中证MARP,CSI Multi Asset Risk Parity Index,CSI MARP,,,,1664.41,,,0.0,0.0,5.0,,2018-05-15
2018-05-16,930929,中证多资产风险平价指数,中证MARP,CSI Multi Asset Risk Parity Index,CSI MARP,,,,1661.81,,,0.0,0.0,5.0,,2018-05-16
2018-05-17,930929,中证多资产风险平价指数,中证MARP,CSI Multi Asset Risk Parity Index,CSI MARP,,,,1660.0,,,0.0,0.0,5.0,,2018-05-17
2018-05-18,930929,中证多资产风险平价指数,中证MARP,CSI Multi Asset Risk Parity Index,CSI MARP,,,,1660.59,,,0.0,0.0,5.0,,2018-05-18
2018-05-21,930929,中证多资产风险平价指数,中证MARP,CSI Multi Asset Risk Parity Index,CSI MARP,,,,1661.35,,,0.0,0.0,5.0,,2018-05-21
2018-05-22,930929,中证多资产风险平价指数,中证MARP,CSI Multi Asset Risk Parity Index,CSI MARP,,,,1662.39,,,0.0,0.0,5.0,,2018-05-22
2018-05-23,930929,中证多资产风险平价指数,中证MARP,CSI Multi Asset Risk Parity Index,CSI MARP,,,,1661.7,,,0.0,0.0,5.0,,2018-05-23
2018-05-24,930929,中证多资产风险平价指数,中证MARP,CSI Multi Asset Risk Parity Index,CSI MARP,,,,1662.6,,,0.0,0.0,5.0,,2018-05-24
2018-05-25,930929,中证多资产风险平价指数,中证MARP,CSI Multi Asset Risk Parity Index,CSI MARP,,,,1663.56,,,0.0,0.0,5.0,,2018-05-25
2018-05-28,930929,中证多资产风险平价指数,中证MARP,CSI Multi Asset Risk Parity Index,CSI MARP,,,,1663.67,,,0.0,0.0,5.0,,2018-05-28
2018-05-29,930929,中证多资产风险平价指数,中证MARP,CSI Multi Asset Risk Parity Index,CSI MARP,,,,1663.77,,,0.0,0.0,5.0,,2018-05-29
2018-05-30,930929,中证多资产风险平价指数,中证MARP,CSI Multi Asset Risk Parity Index,CSI MARP,,,,1661.9,,,0.0,0.0,5.0,,2018-05-30
2018-05-31,930929,中证多资产风险平价指数,中证MARP,CSI Multi Asset Risk Parity Index,CSI MARP,,,,1664.07,,,0.0,0.0,5.0,,2018-05-31
2018-06-01,930929,中证多资产风险平价指数,中证MARP,CSI Multi Asset Risk Parity Index,CSI MARP,,,,1662.12,,,0.0,0.0,5.0,,2018-06-01
2018-06-04,930929,中证多资产风险平价指数,中证MARP,CSI Multi Asset Risk Parity Index,CSI MARP,,,,1661.64,,,0.0,0.0,5.0,,2018-06-04
2018-06-05,930929,中证多资产风险平价指数,中证MARP,CSI Multi Asset Risk Parity Index,CSI MARP,,,,1662.28,,,0.0,0.0,5.0,,2018-06-05
2018-06-06,930929,中证多资产风险平价指数,中证MARP,CSI Multi Asset Risk Parity Index,CSI MARP,,,,1662.26,,,0.0,0.0,5.0,,2018-06-06
2018-06-07,930929,中证多资产风险平价指数,中证MARP,CSI Multi Asset Risk Parity Index,CSI MARP,,,,1661.17,,,0.0,0.0,5.0,,2018-06-07
2018-06-08,930929,中证多资产风险平价指数,中证MARP,CSI Multi Asset Risk Parity Index,CSI MARP,,,,1660.53,,,0.0,0.0,5.0,,2018-06-08
2018-06-11,930929,中证多资产风险平价指数,中证MARP,CSI Multi Asset Risk Parity Index,CSI MARP,,,,1661.17,,,0.0,0.0,5.0,,2018-06-11
2018-06-12,930929,中证多资产风险平价指数,中证MARP,CSI Multi Asset Risk Parity Index,CSI MARP,,,,1661.67,,,0.0,0.0,5.0,,2018-06-12
2018-06-13,930929,中证多资产风险平价指数,中证MARP,CSI Multi Asset Risk Parity Index,CSI MARP,,,,1659.91,,,0.0,0.0,5.0,,2018-06-13
2018-06-14,930929,中证多资产风险平价指数,中证MARP,CSI Multi Asset Risk Parity Index,CSI MARP,,,,1660.57,,,0.0,0.0,5.0,,2018-06-14
2018-06-15,930929,中证多资产风险平价指数,中证MARP,CSI Multi Asset Risk Parity Index,CSI MARP,,,,1660.37,,,0.0,0.0,5.0,,2018-06-15
2018-06-19,930929,中证多资产风险平价指数,中证MARP,CSI Multi Asset Risk Parity Index,CSI MARP,,,,1655.78,,,0.0,0.0,5.0,,2018-06-19
2018-06-20,930929,中证多资产风险平价指数,中证MARP,CSI Multi Asset Risk Parity Index,CSI MARP,,,,1655.58,,,0.0,0.0,5.0,,2018-06-20
2018-06-21,930929,中证多资产风险平价指数,中证MARP,CSI Multi Asset Risk Parity Index,CSI MARP,,,,1653.57,,,0.0,0.0,5.0,,2018-06-21
2018-06-22,930929,中证多资产风险平价指数,中证MARP,CSI Multi Asset Risk Parity Index,CSI MARP,,,,1655.78,,,0.0,0.0,5.0,,2018-06-22
2018-06-25,930929,中证多资产风险平价指数,中证MARP,CSI Multi Asset Risk Parity Index,CSI MARP,,,,1655.76,,,0.0,0.0,5.0,,2018-06-25
2018-06-26,930929,中证多资产风险平价指数,中证MARP,CSI Multi Asset Risk Parity Index,CSI MARP,,,,1655.2,,,0.0,0.0,5.0,,2018-06-26
2018-06-27,930929,中证多资产风险平价指数,中证MARP,CSI Multi Asset Risk Parity Index,CSI MARP,,,,1654.24,,,0.0,0.0,5.0,,2018-06-27
2018-06-28,930929,中证多资产风险平价指数,中证MARP,CSI Multi Asset Risk Parity Index,CSI MARP,,,,1653.34,,,0.0,0.0,5.0,,2018-06-28
2018-06-29,930929,中证多资产风险平价指数,中证MARP,CSI Multi Asset Risk Parity Index,CSI MARP,,,,1658.59,,,0.0,0.0,5.0,,2018-06-29
2018-07-02,930929,中证多资产风险平价指数,中证MARP,CSI Multi Asset Risk Parity Index,CSI MARP,,,,1658.24,,,0.0,0.0,5.0,,2018-07-02
2018-07-03,930929,中证多资产风险平价指数,中证MARP,CSI Multi Asset Risk Parity Index,CSI MARP,,,,1659.83,,,0.0,0.0,5.0,,2018-07-03
2018-07-04,930929,中证多资产风险平价指数,中证MARP,CSI Multi Asset Risk Parity Index,CSI MARP,,,,1659.89,,,0.0,0.0,5.0,,2018-07-04
2018-07-05,930929,中证多资产风险平价指数,中证MARP,CSI Multi Asset Risk Parity Index,CSI MARP,,,,1658.93,,,0.0,0.0,5.0,,2018-07-05
2018-07-06,930929,中证多资产风险平价指数,中证MARP,CSI Multi Asset Risk Parity Index,CSI MARP,,,,1661.25,,,0.0,0.0,5.0,,2018-07-06
2018-07-09,930929,中证多资产风险平价指数,中证MARP,CSI Multi Asset Risk Parity Index,CSI MARP,,,,1663.33,,,0.0,0.0,5.0,,2018-07-09
2018-07-10,930929,中证多资产风险平价指数,中证MARP,CSI Multi Asset Risk Parity Index,CSI MARP,,,,1662.55,,,0.0,0.0,5.0,,2018-07-10
2018-07-11,930929,中证多资产风险平价指数,中证MARP,CSI Multi Asset Risk Parity Index,CSI MARP,,,,1661.66,,,0.0,0.0,5.0,,2018-07-11
2018-07-12,930929,中证多资产风险平价指数,中证MARP,CSI Multi Asset Risk Parity Index,CSI MARP,,,,1664.29,,,0.0,0.0,5.0,,2018-07-12
2018-07-13,930929,中证多资产风险平价指数,中证MARP,CSI Multi Asset Risk Parity Index,CSI MARP,,,,1665.28,,,0.0,0.0,5.0,,2018-07-13
2018-07-16,930929,中证多资产风险平价指数,中证MARP,CSI Multi Asset Risk Parity Index,CSI MARP,,,,1665.33,,,0.0,0.0,5.0,,2018-07-16
2018-07-17,930929,中证多资产风险平价指数,中证MARP,CSI Multi Asset Risk Parity Index,CSI MARP,,,,1664.98,,,0.0,0.0,5.0,,2018-07-17
2018-07-18,930929,中证多资产风险平价指数,中证MARP,CSI Multi Asset Risk Parity Index,CSI MARP,,,,1662.62,,,0.0,0.0,5.0,,2018-07-18
2018-07-19,930929,中证多资产风险平价指数,中证MARP,CSI Multi Asset Risk Parity Index,CSI MARP,,,,1663.99,,,0.0,0.0,5.0,,2018-07-19
2018-07-20,930929,中证多资产风险平价指数,中证MARP,CSI Multi Asset Risk Parity Index,CSI MARP,,,,1666.13,,,0.0,0.0,5.0,,2018-07-20
2018-07-23,930929,中证多资产风险平价指数,中证MARP,CSI Multi Asset Risk Parity Index,CSI MARP,,,,1668.64,,,0.0,0.0,5.0,,2018-07-23
2018-07-24,930929,中证多资产风险平价指数,中证MARP,CSI Multi Asset Risk Parity Index,CSI MARP,,,,1670.3,,,0.0,0.0,5.0,,2018-07-24
2018-07-25,930929,中证多资产风险平价指数,中证MARP,CSI Multi Asset Risk Parity Index,CSI MARP,,,,1670.45,,,0.0,0.0,5.0,,2018-07-25
2018-07-26,930929,中证多资产风险平价指数,中证MARP,CSI Multi Asset Risk Parity Index,CSI MARP,,,,1670.71,,,0.0,0.0,5.0,,2018-07-26
2018-07-27,930929,中证多资产风险平价指数,中证MARP,CSI Multi Asset Risk Parity Index,CSI MARP,,,,1671.17,,,0.0,0.0,5.0,,2018-07-27
2018-07-30,930929,中证多资产风险平价指数,中证MARP,CSI Multi Asset Risk Parity Index,CSI MARP,,,,1671.85,,,0.0,0.0,5.0,,2018-07-30
2018-07-31,930929,中证多资产风险平价指数,中证MARP,CSI Multi Asset Risk Parity Index,CSI MARP,,,,1672.98,,,0.0,0.0,5.0,,2018-07-31
2018-08-01,930929,中证多资产风险平价指数,中证MARP,CSI Multi Asset Risk Parity Index,CSI MARP,,,,1672.72,,,0.0,0.0,5.0,,2018-08-01
2018-08-02,930929,中证多资产风险平价指数,中证MARP,CSI Multi Asset Risk Parity Index,CSI MARP,,,,1672.08,,,0.0,0.0,5.0,,2018-08-02
2018-08-03,930929,中证多资产风险平价指数,中证MARP,CSI Multi Asset Risk Parity Index,CSI MARP,,,,1672.01,,,0.0,0.0,5.0,,2018-08-03
2018-08-06,930929,中证多资产风险平价指数,中证MARP,CSI Multi Asset Risk Parity Index,CSI MARP,,,,1671.68,,,0.0,0.0,5.0,,2018-08-06
2018-08-07,930929,中证多资产风险平价指数,中证MARP,CSI Multi Asset Risk Parity Index,CSI MARP,,,,1675.53,,,0.0,0.0,5.0,,2018-08-07
2018-08-08,930929,中证多资产风险平价指数,中证MARP,CSI Multi Asset Risk Parity Index,CSI MARP,,,,1674.19,,,0.0,0.0,5.0,,2018-08-08
2018-08-09,930929,中证多资产风险平价指数,中证MARP,CSI Multi Asset Risk Parity Index,CSI MARP,,,,1674.4,,,0.0,0.0,5.0,,2018-08-09
2018-08-10,930929,中证多资产风险平价指数,中证MARP,CSI Multi Asset Risk Parity Index,CSI MARP,,,,1672.34,,,0.0,0.0,5.0,,2018-08-10
2018-08-13,930929,中证多资产风险平价指数,中证MARP,CSI Multi Asset Risk Parity Index,CSI MARP,,,,1671.12,,,0.0,0.0,5.0,,2018-08-13
2018-08-14,930929,中证多资产风险平价指数,中证MARP,CSI Multi Asset Risk Parity Index,CSI MARP,,,,1668.02,,,0.0,0.0,5.0,,2018-08-14
2018-08-15,930929,中证多资产风险平价指数,中证MARP,CSI Multi Asset Risk Parity Index,CSI MARP,,,,1665.4,,,0.0,0.0,5.0,,2018-08-15
2018-08-16,930929,中证多资产风险平价指数,中证MARP,CSI Multi Asset Risk Parity Index,CSI MARP,,,,1662.55,,,0.0,0.0,5.0,,2018-08-16
2018-08-17,930929,中证多资产风险平价指数,中证MARP,CSI Multi Asset Risk Parity Index,CSI MARP,,,,1659.37,,,0.0,0.0,5.0,,2018-08-17
2018-08-20,930929,中证多资产风险平价指数,中证MARP,CSI Multi Asset Risk Parity Index,CSI MARP,,,,1659.03,,,0.0,0.0,5.0,,2018-08-20
2018-08-21,930929,中证多资产风险平价指数,中证MARP,CSI Multi Asset Risk Parity Index,CSI MARP,,,,1660.27,,,0.0,0.0,5.0,,2018-08-21
2018-08-22,930929,中证多资产风险平价指数,中证MARP,CSI Multi Asset Risk Parity Index,CSI MARP,,,,1658.54,,,0.0,0.0,5.0,,2018-08-22
2018-08-23,930929,中证多资产风险平价指数,中证MARP,CSI Multi Asset Risk Parity Index,CSI MARP,,,,1659.52,,,0.0,0.0,5.0,,2018-08-23
2018-08-24,930929,中证多资产风险平价指数,中证MARP,CSI Multi Asset Risk Parity Index,CSI MARP,,,,1660.7,,,0.0,0.0,5.0,,2018-08-24
2018-08-27,930929,中证多资产风险平价指数,中证MARP,CSI Multi Asset Risk Parity Index,CSI MARP,,,,1664.25,,,0.0,0.0,5.0,,2018-08-27
2018-08-28,930929,中证多资产风险平价指数,中证MARP,CSI Multi Asset Risk Parity Index,CSI MARP,,,,1664.7,,,0.0,0.0,5.0,,2018-08-28
2018-08-29,930929,中证多资产风险平价指数,中证MARP,CSI Multi Asset Risk Parity Index,CSI MARP,,,,1663.12,,,0.0,0.0,5.0,,2018-08-29
2018-08-30,930929,中证多资产风险平价指数,中证MARP,CSI Multi Asset Risk Parity Index,CSI MARP,,,,1662.7,,,0.0,0.0,5.0,,2018-08-30
2018-08-31,930929,中证多资产风险平价指数,中证MARP,CSI Multi Asset Risk Parity Index,CSI MARP,,,,1663.3,,,0.0,0.0,5.0,,2018-08-31
2018-09-03,930929,中证多资产风险平价指数,中证MARP,CSI Multi Asset Risk Parity Index,CSI MARP,,,,1662.96,,,0.0,0.0,5.0,,2018-09-03
2018-09-04,930929,中证多资产风险平价指数,中证MARP,CSI Multi Asset Risk Parity Index,CSI MARP,,,,1662.71,,,0.0,0.0,5.0,,2018-09-04
2018-09-05,930929,中证多资产风险平价指数,中证MARP,CSI Multi Asset Risk Parity Index,CSI MARP,,,,1660.99,,,0.0,0.0,5.0,,2018-09-05
2018-09-06,930929,中证多资产风险平价指数,中证MARP,CSI Multi Asset Risk Parity Index,CSI MARP,,,,1660.46,,,0.0,0.0,5.0,,2018-09-06
2018-09-07,930929,中证多资产风险平价指数,中证MARP,CSI Multi Asset Risk Parity Index,CSI MARP,,,,1661.07,,,0.0,0.0,5.0,,2018-09-07
2018-09-10,930929,中证多资产风险平价指数,中证MARP,CSI Multi Asset Risk Parity Index,CSI MARP,,,,1658.77,,,0.0,0.0,5.0,,2018-09-10
2018-09-11,930929,中证多资产风险平价指数,中证MARP,CSI Multi Asset Risk Parity Index,CSI MARP,,,,1658.53,,,0.0,0.0,5.0,,2018-09-11
2018-09-12,930929,中证多资产风险平价指数,中证MARP,CSI Multi Asset Risk Parity Index,CSI MARP,,,,1657.05,,,0.0,0.0,5.0,,2018-09-12
2018-09-13,930929,中证多资产风险平价指数,中证MARP,CSI Multi Asset Risk Parity Index,CSI MARP,,,,1658.96,,,0.0,0.0,5.0,,2018-09-13
2018-09-14,930929,中证多资产风险平价指数,中证MARP,CSI Multi Asset Risk Parity Index,CSI MARP,,,,1659.17,,,0.0,0.0,5.0,,2018-09-14
2018-09-17,930929,中证多资产风险平价指数,中证MARP,CSI Multi Asset Risk Parity Index,CSI MARP,,,,1657.8,,,0.0,0.0,5.0,,2018-09-17
2018-09-18,930929,中证多资产风险平价指数,中证MARP,CSI Multi Asset Risk Parity Index,CSI MARP,,,,1660.2,,,0.0,0.0,5.0,,2018-09-18
2018-09-19,930929,中证多资产风险平价指数,中证MARP,CSI Multi Asset Risk Parity Index,CSI MARP,,,,1661.4,,,0.0,0.0,5.0,,2018-09-19
2018-09-20,930929,中证多资产风险平价指数,中证MARP,CSI Multi Asset Risk Parity Index,CSI MARP,,,,1661.0,,,0.0,0.0,5.0,,2018-09-20
2018-09-21,930929,中证多资产风险平价指数,中证MARP,CSI Multi Asset Risk Parity Index,CSI MARP,,,,1663.66,,,0.0,0.0,5.0,,2018-09-21
2018-09-25,930929,中证多资产风险平价指数,中证MARP,CSI Multi Asset Risk Parity Index,CSI MARP,,,,1663.35,,,0.0,0.0,5.0,,2018-09-25
2018-09-26,930929,中证多资产风险平价指数,中证MARP,CSI Multi Asset Risk Parity Index,CSI MARP,,,,1664.63,,,0.0,0.0,5.0,,2018-09-26
2018-09-27,930929,中证多资产风险平价指数,中证MARP,CSI Multi Asset Risk Parity Index,CSI MARP,,,,1663.91,,,0.0,0.0,5.0,,2018-09-27
2018-09-28,930929,中证多资产风险平价指数,中证MARP,CSI Multi Asset Risk Parity Index,CSI MARP,,,,1664.83,,,0.0,0.0,5.0,,2018-09-28
2018-10-08,930929,中证多资产风险平价指数,中证MARP,CSI Multi Asset Risk Parity Index,CSI MARP,,,,1665.37,,,0.0,0.0,5.0,,2018-10-08
2018-10-09,930929,中证多资产风险平价指数,中证MARP,CSI Multi Asset Risk Parity Index,CSI MARP,,,,1665.48,,,0.0,0.0,5.0,,2018-10-09
2018-10-10,930929,中证多资产风险平价指数,中证MARP,CSI Multi Asset Risk Parity Index,CSI MARP,,,,1666.0,,,0.0,0.0,5.0,,2018-10-10
2018-10-11,930929,中证多资产风险平价指数,中证MARP,CSI Multi Asset Risk Parity Index,CSI MARP,,,,1662.99,,,0.0,0.0,5.0,,2018-10-11
2018-10-12,930929,中证多资产风险平价指数,中证MARP,CSI Multi Asset Risk Parity Index,CSI MARP,,,,1666.9,,,0.0,0.0,5.0,,2018-10-12
2018-10-15,930929,中证多资产风险平价指数,中证MARP,CSI Multi Asset Risk Parity Index,CSI MARP,,,,1668.45,,,0.0,0.0,5.0,,2018-10-15
2018-10-16,930929,中证多资产风险平价指数,中证MARP,CSI Multi Asset Risk Parity Index,CSI MARP,,,,1667.5,,,0.0,0.0,5.0,,2018-10-16
2018-10-17,930929,中证多资产风险平价指数,中证MARP,CSI Multi Asset Risk Parity Index,CSI MARP,,,,1667.52,,,0.0,0.0,5.0,,2018-10-17
2018-10-18,930929,中证多资产风险平价指数,中证MARP,CSI Multi Asset Risk Parity Index,CSI MARP,,,,1666.31,,,0.0,0.0,5.0,,2018-10-18
2018-10-19,930929,中证多资产风险平价指数,中证MARP,CSI Multi Asset Risk Parity Index,CSI MARP,,,,1670.68,,,0.0,0.0,5.0,,2018-10-19
2018-10-22,930929,中证多资产风险平价指数,中证MARP,CSI Multi Asset Risk Parity Index,CSI MARP,,,,1674.47,,,0.0,0.0,5.0,,2018-10-22
2018-10-23,930929,中证多资产风险平价指数,中证MARP,CSI Multi Asset Risk Parity Index,CSI MARP,,,,1673.99,,,0.0,0.0,5.0,,2018-10-23
2018-10-24,930929,中证多资产风险平价指数,中证MARP,CSI Multi Asset Risk Parity Index,CSI MARP,,,,1674.62,,,0.0,0.0,5.0,,2018-10-24
2018-10-25,930929,中证多资产风险平价指数,中证MARP,CSI Multi Asset Risk Parity Index,CSI MARP,,,,1676.11,,,0.0,0.0,5.0,,2018-10-25
2018-10-26,930929,中证多资产风险平价指数,中证MARP,CSI Multi Asset Risk Parity Index,CSI MARP,,,,1676.4,,,0.0,0.0,5.0,,2018-10-26
2018-10-29,930929,中证多资产风险平价指数,中证MARP,CSI Multi Asset Risk Parity Index,CSI MARP,,,,1675.06,,,0.0,0.0,5.0,,2018-10-29
2018-10-30,930929,中证多资产风险平价指数,中证MARP,CSI Multi Asset Risk Parity Index,CSI MARP,,,,1676.49,,,0.0,0.0,5.0,,2018-10-30
2018-10-31,930929,中证多资产风险平价指数,中证MARP,CSI Multi Asset Risk Parity Index,CSI MARP,,,,1676.44,,,0.0,0.0,5.0,,2018-10-31
2018-11-01,930929,中证多资产风险平价指数,中证MARP,CSI Multi Asset Risk Parity Index,CSI MARP,,,,1677.9,,,0.0,0.0,5.0,,2018-11-01
2018-11-02,930929,中证多资产风险平价指数,中证MARP,CSI Multi Asset Risk Parity Index,CSI MARP,,,,1680.78,,,0.0,0.0,5.0,,2018-11-02
2018-11-05,930929,中证多资产风险平价指数,中证MARP,CSI Multi Asset Risk Parity Index,CSI MARP,,,,1680.98,,,0.0,0.0,5.0,,2018-11-05
2018-11-06,930929,中证多资产风险平价指数,中证MARP,CSI Multi Asset Risk Parity Index,CSI MARP,,,,1681.3,,,0.0,0.0,5.0,,2018-11-06
2018-11-07,930929,中证多资产风险平价指数,中证MARP,CSI Multi Asset Risk Parity Index,CSI MARP,,,,1682.09,,,0.0,0.0,5.0,,2018-11-07
2018-11-08,930929,中证多资产风险平价指数,中证MARP,CSI Multi Asset Risk Parity Index,CSI MARP,,,,1682.06,,,0.0,0.0,5.0,,2018-11-08
2018-11-09,930929,中证多资产风险平价指数,中证MARP,CSI Multi Asset Risk Parity Index,CSI MARP,,,,1681.5,,,0.0,0.0,5.0,,2018-11-09
2018-11-12,930929,中证多资产风险平价指数,中证MARP,CSI Multi Asset Risk Parity Index,CSI MARP,,,,1682.28,,,0.0,0.0,5.0,,2018-11-12
2018-11-13,930929,中证多资产风险平价指数,中证MARP,CSI Multi Asset Risk Parity Index,CSI MARP,,,,1683.44,,,0.0,0.0,5.0,,2018-11-13
2018-11-14,930929,中证多资产风险平价指数,中证MARP,CSI Multi Asset Risk Parity Index,CSI MARP,,,,1685.49,,,0.0,0.0,5.0,,2018-11-14
2018-11-15,930929,中证多资产风险平价指数,中证MARP,CSI Multi Asset Risk Parity Index,CSI MARP,,,,1689.1,,,0.0,0.0,5.0,,2018-11-15
2018-11-16,930929,中证多资产风险平价指数,中证MARP,CSI Multi Asset Risk Parity Index,CSI MARP,,,,1691.69,,,0.0,0.0,5.0,,2018-11-16
2018-11-19,930929,中证多资产风险平价指数,中证MARP,CSI Multi Asset Risk Parity Index,CSI MARP,,,,1694.23,,,0.0,0.0,5.0,,2018-11-19
2018-11-20,930929,中证多资产风险平价指数,中证MARP,CSI Multi Asset Risk Parity Index,CSI MARP,,,,1693.46,,,0.0,0.0,5.0,,2018-11-20
2018-11-21,930929,中证多资产风险平价指数,中证MARP,CSI Multi Asset Risk Parity Index,CSI MARP,,,,1693.33,,,0.0,0.0,5.0,,2018-11-21
2018-11-22,930929,中证多资产风险平价指数,中证MARP,CSI Multi Asset Risk Parity Index,CSI MARP,,,,1693.8,,,0.0,0.0,5.0,,2018-11-22
2018-11-23,930929,中证多资产风险平价指数,中证MARP,CSI Multi Asset Risk Parity Index,CSI MARP,,,,1691.54,,,0.0,0.0,5.0,,2018-11-23
2018-11-26,930929,中证多资产风险平价指数,中证MARP,CSI Multi Asset Risk Parity Index,CSI MARP,,,,1691.67,,,0.0,0.0,5.0,,2018-11-26
2018-11-27,930929,中证多资产风险平价指数,中证MARP,CSI Multi Asset Risk Parity Index,CSI MARP,,,,1691.65,,,0.0,0.0,5.0,,2018-11-27
2018-11-28,930929,中证多资产风险平价指数,中证MARP,CSI Multi Asset Risk Parity Index,CSI MARP,,,,1692.02,,,0.0,0.0,5.0,,2018-11-28
2018-11-29,930929,中证多资产风险平价指数,中证MARP,CSI Multi Asset Risk Parity Index,CSI MARP,,,,1692.43,,,0.0,0.0,5.0,,2018-11-29
2018-11-30,930929,中证多资产风险平价指数,中证MARP,CSI Multi Asset Risk Parity Index,CSI MARP,,,,1693.46,,,0.0,0.0,5.0,,2018-11-30
2018-12-03,930929,中证多资产风险平价指数,中证MARP,CSI Multi Asset Risk Parity Index,CSI MARP,,,,1695.81,,,0.0,0.0,5.0,,2018-12-03
2018-12-04,930929,中证多资产风险平价指数,中证MARP,CSI Multi Asset Risk Parity Index,CSI MARP,,,,1697.04,,,0.0,0.0,5.0,,2018-12-04
2018-12-05,930929,中证多资产风险平价指数,中证MARP,CSI Multi Asset Risk Parity Index,CSI MARP,,,,1698.18,,,0.0,0.0,5.0,,2018-12-05
2018-12-06,930929,中证多资产风险平价指数,中证MARP,CSI Multi Asset Risk Parity Index,CSI MARP,,,,1697.98,,,0.0,0.0,5.0,,2018-12-06
2018-12-07,930929,中证多资产风险平价指数,中证MARP,CSI Multi Asset Risk Parity Index,CSI MARP,,,,1699.2,,,0.0,0.0,5.0,,2018-12-07
2018-12-10,930929,中证多资产风险平价指数,中证MARP,CSI Multi Asset Risk Parity Index,CSI MARP,,,,1702.37,,,0.0,0.0,5.0,,2018-12-10
2018-12-11,930929,中证多资产风险平价指数,中证MARP,CSI Multi Asset Risk Parity Index,CSI MARP,,,,1703.6,,,0.0,0.0,5.0,,2018-12-11
2018-12-12,930929,中证多资产风险平价指数,中证MARP,CSI Multi Asset Risk Parity Index,CSI MARP,,,,1703.02,,,0.0,0.0,5.0,,2018-12-12
2018-12-13,930929,中证多资产风险平价指数,中证MARP,CSI Multi Asset Risk Parity Index,CSI MARP,,,,1703.54,,,0.0,0.0,5.0,,2018-12-13
2018-12-14,930929,中证多资产风险平价指数,中证MARP,CSI Multi Asset Risk Parity Index,CSI MARP,,,,1700.9,,,0.0,0.0,5.0,,2018-12-14
2018-12-17,930929,中证多资产风险平价指数,中证MARP,CSI Multi Asset Risk Parity Index,CSI MARP,,,,1700.78,,,0.0,0.0,5.0,,2018-12-17
2018-12-18,930929,中证多资产风险平价指数,中证MARP,CSI Multi Asset Risk Parity Index,CSI MARP,,,,1700.54,,,0.0,0.0,5.0,,2018-12-18
2018-12-19,930929,中证多资产风险平价指数,中证MARP,CSI Multi Asset Risk Parity Index,CSI MARP,,,,1700.04,,,0.0,0.0,5.0,,2018-12-19
2018-12-20,930929,中证多资产风险平价指数,中证MARP,CSI Multi Asset Risk Parity Index,CSI MARP,,,,1700.68,,,0.0,0.0,5.0,,2018-12-20
2018-12-21,930929,中证多资产风险平价指数,中证MARP,CSI Multi Asset Risk Parity Index,CSI MARP,,,,1701.74,,,0.0,0.0,5.0,,2018-12-21
2018-12-24,930929,中证多资产风险平价指数,中证MARP,CSI Multi Asset Risk Parity Index,CSI MARP,,,,1703.79,,,0.0,0.0,5.0,,2018-12-24
2018-12-25,930929,中证多资产风险平价指数,中证MARP,CSI Multi Asset Risk Parity Index,CSI MARP,,,,1705.2,,,0.0,0.0,5.0,,2018-12-25
2018-12-26,930929,中证多资产风险平价指数,中证MARP,CSI Multi Asset Risk Parity Index,CSI MARP,,,,1704.68,,,0.0,0.0,5.0,,2018-12-26
2018-12-27,930929,中证多资产风险平价指数,中证MARP,CSI Multi Asset Risk Parity Index,CSI MARP,,,,1703.51,,,0.0,0.0,5.0,,2018-12-27
2018-12-28,930929,中证多资产风险平价指数,中证MARP,CSI Multi Asset Risk Parity Index,CSI MARP,,,,1707.51,,,0.0,0.0,5.0,,2018-12-28
2019-01-02,930929,中证多资产风险平价指数,中证MARP,CSI Multi Asset Risk Parity Index,CSI MARP,,,,1710.47,,,0.0,0.0,5.0,,2019-01-02
2019-01-03,930929,中证多资产风险平价指数,中证MARP,CSI Multi Asset Risk Parity Index,CSI MARP,,,,1715.14,,,0.0,0.0,5.0,,2019-01-03
2019-01-04,930929,中证多资产风险平价指数,中证MARP,CSI Multi Asset Risk Parity Index,CSI MARP,,,,1716.84,,,0.0,0.0,5.0,,2019-01-04
2019-01-07,930929,中证多资产风险平价指数,中证MARP,CSI Multi Asset Risk Parity Index,CSI MARP,,,,1718.14,,,0.0,0.0,5.0,,2019-01-07
2019-01-08,930929,中证多资产风险平价指数,中证MARP,CSI Multi Asset Risk Parity Index,CSI MARP,,,,1718.01,,,0.0,0.0,5.0,,2019-01-08
2019-01-09,930929,中证多资产风险平价指数,中证MARP,CSI Multi Asset Risk Parity Index,CSI MARP,,,,1719.34,,,0.0,0.0,5.0,,2019-01-09
2019-01-10,930929,中证多资产风险平价指数,中证MARP,CSI Multi Asset Risk Parity Index,CSI MARP,,,,1720.44,,,0.0,0.0,5.0,,2019-01-10
2019-01-11,930929,中证多资产风险平价指数,中证MARP,CSI Multi Asset Risk Parity Index,CSI MARP,,,,1719.74,,,0.0,0.0,5.0,,2019-01-11
2019-01-14,930929,中证多资产风险平价指数,中证MARP,CSI Multi Asset Risk Parity Index,CSI MARP,,,,1719.85,,,0.0,0.0,5.0,,2019-01-14
2019-01-15,930929,中证多资产风险平价指数,中证MARP,CSI Multi Asset Risk Parity Index,CSI MARP,,,,1719.84,,,0.0,0.0,5.0,,2019-01-15
2019-01-16,930929,中证多资产风险平价指数,中证MARP,CSI Multi Asset Risk Parity Index,CSI MARP,,,,1719.93,,,0.0,0.0,5.0,,2019-01-16
2019-01-17,930929,中证多资产风险平价指数,中证MARP,CSI Multi Asset Risk Parity Index,CSI MARP,,,,1721.59,,,0.0,0.0,5.0,,2019-01-17
2019-01-18,930929,中证多资产风险平价指数,中证MARP,CSI Multi Asset Risk Parity Index,CSI MARP,,,,1722.68,,,0.0,0.0,5.0,,2019-01-18
2019-01-21,930929,中证多资产风险平价指数,中证MARP,CSI Multi Asset Risk Parity Index,CSI MARP,,,,1722.36,,,0.0,0.0,5.0,,2019-01-21
2019-01-22,930929,中证多资产风险平价指数,中证MARP,CSI Multi Asset Risk Parity Index,CSI MARP,,,,1721.09,,,0.0,0.0,5.0,,2019-01-22
2019-01-23,930929,中证多资产风险平价指数,中证MARP,CSI Multi Asset Risk Parity Index,CSI MARP,,,,1721.93,,,0.0,0.0,5.0,,2019-01-23
2019-01-24,930929,中证多资产风险平价指数,中证MARP,CSI Multi Asset Risk Parity Index,CSI MARP,,,,1722.41,,,0.0,0.0,5.0,,2019-01-24
2019-01-25,930929,中证多资产风险平价指数,中证MARP,CSI Multi Asset Risk Parity Index,CSI MARP,,,,1721.66,,,0.0,0.0,5.0,,2019-01-25
2019-01-28,930929,中证多资产风险平价指数,中证MARP,CSI Multi Asset Risk Parity Index,CSI MARP,,,,1723.54,,,0.0,0.0,5.0,,2019-01-28
2019-01-29,930929,中证多资产风险平价指数,中证MARP,CSI Multi Asset Risk Parity Index,CSI MARP,,,,1724.28,,,0.0,0.0,5.0,,2019-01-29
2019-01-30,930929,中证多资产风险平价指数,中证MARP,CSI Multi Asset Risk Parity Index,CSI MARP,,,,1724.92,,,0.0,0.0,5.0,,2019-01-30
2019-01-31,930929,中证多资产风险平价指数,中证MARP,CSI Multi Asset Risk Parity Index,CSI MARP,,,,1725.14,,,0.0,0.0,5.0,,2019-01-31
2019-02-01,930929,中证多资产风险平价指数,中证MARP,CSI Multi Asset Risk Parity Index,CSI MARP,,,,1728.14,,,0.0,0.0,5.0,,2019-02-01
2019-02-11,930929,中证多资产风险平价指数,中证MARP,CSI Multi Asset Risk Parity Index,CSI MARP,,,,1730.93,,,0.0,0.0,5.0,,2019-02-11
2019-02-12,930929,中证多资产风险平价指数,中证MARP,CSI Multi Asset Risk Parity Index,CSI MARP,,,,1733.17,,,0.0,0.0,5.0,,2019-02-12
2019-02-13,930929,中证多资产风险平价指数,中证MARP,CSI Multi Asset Risk Parity Index,CSI MARP,,,,1734.85,,,0.0,0.0,5.0,,2019-02-13
2019-02-14,930929,中证多资产风险平价指数,中证MARP,CSI Multi Asset Risk Parity Index,CSI MARP,,,,1735.03,,,0.0,0.0,5.0,,2019-02-14
2019-02-15,930929,中证多资产风险平价指数,中证MARP,CSI Multi Asset Risk Parity Index,CSI MARP,,,,1735.96,,,0.0,0.0,5.0,,2019-02-15
2019-02-18,930929,中证多资产风险平价指数,中证MARP,CSI Multi Asset Risk Parity Index,CSI MARP,,,,1739.71,,,0.0,0.0,5.0,,2019-02-18
2019-02-19,930929,中证多资产风险平价指数,中证MARP,CSI Multi Asset Risk Parity Index,CSI MARP,,,,1739.16,,,0.0,0.0,5.0,,2019-02-19
2019-02-20,930929,中证多资产风险平价指数,中证MARP,CSI Multi Asset Risk Parity Index,CSI MARP,,,,1740.78,,,0.0,0.0,5.0,,2019-02-20
2019-02-21,930929,中证多资产风险平价指数,中证MARP,CSI Multi Asset Risk Parity Index,CSI MARP,,,,1739.11,,,0.0,0.0,5.0,,2019-02-21
2019-02-22,930929,中证多资产风险平价指数,中证MARP,CSI Multi Asset Risk Parity Index,CSI MARP,,,,1739.08,,,0.0,0.0,5.0,,2019-02-22
2019-02-25,930929,中证多资产风险平价指数,中证MARP,CSI Multi Asset Risk Parity Index,CSI MARP,,,,1743.83,,,0.0,0.0,5.0,,2019-02-25
2019-02-26,930929,中证多资产风险平价指数,中证MARP,CSI Multi Asset Risk Parity Index,CSI MARP,,,,1740.6,,,0.0,0.0,5.0,,2019-02-26
2019-02-27,930929,中证多资产风险平价指数,中证MARP,CSI Multi Asset Risk Parity Index,CSI MARP,,,,1738.38,,,0.0,0.0,5.0,,2019-02-27
2019-02-28,930929,中证多资产风险平价指数,中证MARP,CSI Multi Asset Risk Parity Index,CSI MARP,,,,1737.34,,,0.0,0.0,5.0,,2019-02-28
2019-03-01,930929,中证多资产风险平价指数,中证MARP,CSI Multi Asset Risk Parity Index,CSI MARP,,,,1736.98,,,0.0,0.0,5.0,,2019-03-01
2019-03-04,930929,中证多资产风险平价指数,中证MARP,CSI Multi Asset Risk Parity Index,CSI MARP,,,,1734.18,,,0.0,0.0,5.0,,2019-03-04
2019-03-05,930929,中证多资产风险平价指数,中证MARP,CSI Multi Asset Risk Parity Index,CSI MARP,,,,1733.68,,,0.0,0.0,5.0,,2019-03-05
2019-03-06,930929,中证多资产风险平价指数,中证MARP,CSI Multi Asset Risk Parity Index,CSI MARP,,,,1735.42,,,0.0,0.0,5.0,,2019-03-06
2019-03-07,930929,中证多资产风险平价指数,中证MARP,CSI Multi Asset Risk Parity Index,CSI MARP,,,,1734.9,,,0.0,0.0,5.0,,2019-03-07
2019-03-08,930929,中证多资产风险平价指数,中证MARP,CSI Multi Asset Risk Parity Index,CSI MARP,,,,1735.14,,,0.0,0.0,5.0,,2019-03-08
2019-03-11,930929,中证多资产风险平价指数,中证MARP,CSI Multi Asset Risk Parity Index,CSI MARP,,,,1738.91,,,0.0,0.0,5.0,,2019-03-11
2019-03-12,930929,中证多资产风险平价指数,中证MARP,CSI Multi Asset Risk Parity Index,CSI MARP,,,,1739.85,,,0.0,0.0,5.0,,2019-03-12
2019-03-13,930929,中证多资产风险平价指数,中证MARP,CSI Multi Asset Risk Parity Index,CSI MARP,,,,1739.03,,,0.0,0.0,5.0,,2019-03-13
2019-03-14,930929,中证多资产风险平价指数,中证MARP,CSI Multi Asset Risk Parity Index,CSI MARP,,,,1737.34,,,0.0,0.0,5.0,,2019-03-14
2019-03-15,930929,中证多资产风险平价指数,中证MARP,CSI Multi Asset Risk Parity Index,CSI MARP,,,,1737.58,,,0.0,0.0,5.0,,2019-03-15
2019-03-18,930929,中证多资产风险平价指数,中证MARP,CSI Multi Asset Risk Parity Index,CSI MARP,,,,1739.5,,,0.0,0.0,5.0,,2019-03-18
2019-03-19,930929,中证多资产风险平价指数,中证MARP,CSI Multi Asset Risk Parity Index,CSI MARP,,,,1741.19,,,0.0,0.0,5.0,,2019-03-19
2019-03-20,930929,中证多资产风险平价指数,中证MARP,CSI Multi Asset Risk Parity Index,CSI MARP,,,,1740.84,,,0.0,0.0,5.0,,2019-03-20
2019-03-21,930929,中证多资产风险平价指数,中证MARP,CSI Multi Asset Risk Parity Index,CSI MARP,,,,1743.92,,,0.0,0.0,5.0,,2019-03-21
2019-03-22,930929,中证多资产风险平价指数,中证MARP,CSI Multi Asset Risk Parity Index,CSI MARP,,,,1744.33,,,0.0,0.0,5.0,,2019-03-22
2019-03-25,930929,中证多资产风险平价指数,中证MARP,CSI Multi Asset Risk Parity Index,CSI MARP,,,,1744.8,,,0.0,0.0,5.0,,2019-03-25
2019-03-26,930929,中证多资产风险平价指数,中证MARP,CSI Multi Asset Risk Parity Index,CSI MARP,,,,1744.63,,,0.0,0.0,5.0,,2019-03-26
2019-03-27,930929,中证多资产风险平价指数,中证MARP,CSI Multi Asset Risk Parity Index,CSI MARP,,,,1746.06,,,0.0,0.0,5.0,,2019-03-27
2019-03-28,930929,中证多资产风险平价指数,中证MARP,CSI Multi Asset Risk Parity Index,CSI MARP,,,,1745.42,,,0.0,0.0,5.0,,2019-03-28
2019-03-29,930929,中证多资产风险平价指数,中证MARP,CSI Multi Asset Risk Parity Index,CSI MARP,,,,1744.16,,,0.0,0.0,5.0,,2019-03-29
2019-04-01,930929,中证多资产风险平价指数,中证MARP,CSI Multi Asset Risk Parity Index,CSI MARP,,,,1746.02,,,0.0,0.0,5.0,,2019-04-01
2019-04-02,930929,中证多资产风险平价指数,中证MARP,CSI Multi Asset Risk Parity Index,CSI MARP,,,,1745.68,,,0.0,0.0,5.0,,2019-04-02
2019-04-03,930929,中证多资产风险平价指数,中证MARP,CSI Multi Asset Risk Parity Index,CSI MARP,,,,1745.4,,,0.0,0.0,5.0,,2019-04-03
2019-04-04,930929,中证多资产风险平价指数,中证MARP,CSI Multi Asset Risk Parity Index,CSI MARP,,,,1744.86,,,0.0,0.0,5.0,,2019-04-04
2019-04-08,930929,中证多资产风险平价指数,中证MARP,CSI Multi Asset Risk Parity Index,CSI MARP,,,,1745.08,,,0.0,0.0,5.0,,2019-04-08
2019-04-09,930929,中证多资产风险平价指数,中证MARP,CSI Multi Asset Risk Parity Index,CSI MARP,,,,1744.47,,,0.0,0.0,5.0,,2019-04-09
2019-04-10,930929,中证多资产风险平价指数,中证MARP,CSI Multi Asset Risk Parity Index,CSI MARP,,,,1744.18,,,0.0,0.0,5.0,,2019-04-10
2019-04-11,930929,中证多资产风险平价指数,中证MARP,CSI Multi Asset Risk Parity Index,CSI MARP,,,,1742.4,,,0.0,0.0,5.0,,2019-04-11
2019-04-12,930929,中证多资产风险平价指数,中证MARP,CSI Multi Asset Risk Parity Index,CSI MARP,,,,1740.49,,,0.0,0.0,5.0,,2019-04-12
2019-04-15,930929,中证多资产风险平价指数,中证MARP,CSI Multi Asset Risk Parity Index,CSI MARP,,,,1736.23,,,0.0,0.0,5.0,,2019-04-15
2019-04-16,930929,中证多资产风险平价指数,中证MARP,CSI Multi Asset Risk Parity Index,CSI MARP,,,,1736.61,,,0.0,0.0,5.0,,2019-04-16
2019-04-17,930929,中证多资产风险平价指数,中证MARP,CSI Multi Asset Risk Parity Index,CSI MARP,,,,1734.91,,,0.0,0.0,5.0,,2019-04-17
2019-04-18,930929,中证多资产风险平价指数,中证MARP,CSI Multi Asset Risk Parity Index,CSI MARP,,,,1733.37,,,0.0,0.0,5.0,,2019-04-18
2019-04-19,930929,中证多资产风险平价指数,中证MARP,CSI Multi Asset Risk Parity Index,CSI MARP,,,,1736.49,,,0.0,0.0,5.0,,2019-04-19
2019-04-22,930929,中证多资产风险平价指数,中证MARP,CSI Multi Asset Risk Parity Index,CSI MARP,,,,1735.19,,,0.0,0.0,5.0,,2019-04-22
2019-04-23,930929,中证多资产风险平价指数,中证MARP,CSI Multi Asset Risk Parity Index,CSI MARP,,,,1732.4,,,0.0,0.0,5.0,,2019-04-23
2019-04-24,930929,中证多资产风险平价指数,中证MARP,CSI Multi Asset Risk Parity Index,CSI MARP,,,,1732.22,,,0.0,0.0,5.0,,2019-04-24
2019-04-25,930929,中证多资产风险平价指数,中证MARP,CSI Multi Asset Risk Parity Index,CSI MARP,,,,1730.79,,,0.0,0.0,5.0,,2019-04-25
2019-04-26,930929,中证多资产风险平价指数,中证MARP,CSI Multi Asset Risk Parity Index,CSI MARP,,,,1730.96,,,0.0,0.0,5.0,,2019-04-26
2019-04-29,930929,中证多资产风险平价指数,中证MARP,CSI Multi Asset Risk Parity Index,CSI MARP,,,,1729.64,,,0.0,0.0,5.0,,2019-04-29
2019-04-30,930929,中证多资产风险平价指数,中证MARP,CSI Multi Asset Risk Parity Index,CSI MARP,,,,1731.61,,,0.0,0.0,5.0,,2019-04-30
2019-05-06,930929,中证多资产风险平价指数,中证MARP,CSI Multi Asset Risk Parity Index,CSI MARP,,,,1730.17,,,0.0,0.0,5.0,,2019-05-06
2019-05-07,930929,中证多资产风险平价指数,中证MARP,CSI Multi Asset Risk Parity Index,CSI MARP,,,,1732.11,,,0.0,0.0,5.0,,2019-05-07
2019-05-08,930929,中证多资产风险平价指数,中证MARP,CSI Multi Asset Risk Parity Index,CSI MARP,,,,1733.17,,,0.0,0.0,5.0,,2019-05-08
2019-05-09,930929,中证多资产风险平价指数,中证MARP,CSI Multi Asset Risk Parity Index,CSI MARP,,,,1733.73,,,0.0,0.0,5.0,,2019-05-09
2019-05-10,930929,中证多资产风险平价指数,中证MARP,CSI Multi Asset Risk Parity Index,CSI MARP,,,,1737.13,,,0.0,0.0,5.0,,2019-05-10
2019-05-13,930929,中证多资产风险平价指数,中证MARP,CSI Multi Asset Risk Parity Index,CSI MARP,,,,1738.74,,,0.0,0.0,5.0,,2019-05-13
2019-05-14,930929,中证多资产风险平价指数,中证MARP,CSI Multi Asset Risk Parity Index,CSI MARP,,,,1742.17,,,0.0,0.0,5.0,,2019-05-14
2019-05-15,930929,中证多资产风险平价指数,中证MARP,CSI Multi Asset Risk Parity Index,CSI MARP,,,,1742.48,,,0.0,0.0,5.0,,2019-05-15
2019-05-16,930929,中证多资产风险平价指数,中证MARP,CSI Multi Asset Risk Parity Index,CSI MARP,,,,1744.91,,,0.0,0.0,5.0,,2019-05-16
2019-05-17,930929,中证多资产风险平价指数,中证MARP,CSI Multi Asset Risk Parity Index,CSI MARP,,,,1742.98,,,0.0,0.0,5.0,,2019-05-17
2019-05-20,930929,中证多资产风险平价指数,中证MARP,CSI Multi Asset Risk Parity Index,CSI MARP,,,,1741.52,,,0.0,0.0,5.0,,2019-05-20
2019-05-21,930929,中证多资产风险平价指数,中证MARP,CSI Multi Asset Risk Parity Index,CSI MARP,,,,1742.68,,,0.0,0.0,5.0,,2019-05-21
2019-05-22,930929,中证多资产风险平价指数,中证MARP,CSI Multi Asset Risk Parity Index,CSI MARP,,,,1742.03,,,0.0,0.0,5.0,,2019-05-22
2019-05-23,930929,中证多资产风险平价指数,中证MARP,CSI Multi Asset Risk Parity Index,CSI MARP,,,,1741.32,,,0.0,0.0,5.0,,2019-05-23
2019-05-24,930929,中证多资产风险平价指数,中证MARP,CSI Multi Asset Risk Parity Index,CSI MARP,,,,1743.13,,,0.0,0.0,5.0,,2019-05-24
2019-05-27,930929,中证多资产风险平价指数,中证MARP,CSI Multi Asset Risk Parity Index,CSI MARP,,,,1744.16,,,0.0,0.0,5.0,,2019-05-27
2019-05-28,930929,中证多资产风险平价指数,中证MARP,CSI Multi Asset Risk Parity Index,CSI MARP,,,,1743.49,,,0.0,0.0,5.0,,2019-05-28
2019-05-29,930929,中证多资产风险平价指数,中证MARP,CSI Multi Asset Risk Parity Index,CSI MARP,,,,1745.09,,,0.0,0.0,5.0,,2019-05-29
2019-05-30,930929,中证多资产风险平价指数,中证MARP,CSI Multi Asset Risk Parity Index,CSI MARP,,,,1744.48,,,0.0,0.0,5.0,,2019-05-30
2019-05-31,930929,中证多资产风险平价指数,中证MARP,CSI Multi Asset Risk Parity Index,CSI MARP,,,,1748.24,,,0.0,0.0,5.0,,2019-05-31
2019-06-03,930929,中证多资产风险平价指数,中证MARP,CSI Multi Asset Risk Parity Index,CSI MARP,,,,1751.3,,,0.0,0.0,5.0,,2019-06-03
2019-06-04,930929,中证多资产风险平价指数,中证MARP,CSI Multi Asset Risk Parity Index,CSI MARP,,,,1753.79,,,0.0,0.0,5.0,,2019-06-04
2019-06-05,930929,中证多资产风险平价指数,中证MARP,CSI Multi Asset Risk Parity Index,CSI MARP,,,,1756.26,,,0.0,0.0,5.0,,2019-06-05
2019-06-06,930929,中证多资产风险平价指数,中证MARP,CSI Multi Asset Risk Parity Index,CSI MARP,,,,1755.29,,,0.0,0.0,5.0,,2019-06-06
2019-06-10,930929,中证多资产风险平价指数,中证MARP,CSI Multi Asset Risk Parity Index,CSI MARP,,,,1755.79,,,0.0,0.0,5.0,,2019-06-10
2019-06-11,930929,中证多资产风险平价指数,中证MARP,CSI Multi Asset Risk Parity Index,CSI MARP,,,,1756.24,,,0.0,0.0,5.0,,2019-06-11
2019-06-12,930929,中证多资产风险平价指数,中证MARP,CSI Multi Asset Risk Parity Index,CSI MARP,,,,1758.59,,,0.0,0.0,5.0,,2019-06-12
2019-06-13,930929,中证多资产风险平价指数,中证MARP,CSI Multi Asset Risk Parity Index,CSI MARP,,,,1759.14,,,0.0,0.0,5.0,,2019-06-13
2019-06-14,930929,中证多资产风险平价指数,中证MARP,CSI Multi Asset Risk Parity Index,CSI MARP,,,,1762.18,,,0.0,0.0,5.0,,2019-06-14
2019-06-17,930929,中证多资产风险平价指数,中证MARP,CSI Multi Asset Risk Parity Index,CSI MARP,,,,1759.9,,,0.0,0.0,5.0,,2019-06-17
2019-06-18,930929,中证多资产风险平价指数,中证MARP,CSI Multi Asset Risk Parity Index,CSI MARP,,,,1762.15,,,0.0,0.0,5.0,,2019-06-18
2019-06-19,930929,中证多资产风险平价指数,中证MARP,CSI Multi Asset Risk Parity Index,CSI MARP,,,,1762.2,,,0.0,0.0,5.0,,2019-06-19
2019-06-20,930929,中证多资产风险平价指数,中证MARP,CSI Multi Asset Risk Parity Index,CSI MARP,,,,1769.26,,,0.0,0.0,5.0,,2019-06-20
2019-06-21,930929,中证多资产风险平价指数,中证MARP,CSI Multi Asset Risk Parity Index,CSI MARP,,,,1772.29,,,0.0,0.0,5.0,,2019-06-21
2019-06-24,930929,中证多资产风险平价指数,中证MARP,CSI Multi Asset Risk Parity Index,CSI MARP,,,,1774.61,,,0.0,0.0,5.0,,2019-06-24
2019-06-25,930929,中证多资产风险平价指数,中证MARP,CSI Multi Asset Risk Parity Index,CSI MARP,,,,1779.22,,,0.0,0.0,5.0,,2019-06-25
2019-06-26,930929,中证多资产风险平价指数,中证MARP,CSI Multi Asset Risk Parity Index,CSI MARP,,,,1775.32,,,0.0,0.0,5.0,,2019-06-26
2019-06-27,930929,中证多资产风险平价指数,中证MARP,CSI Multi Asset Risk Parity Index,CSI MARP,,,,1776.09,,,0.0,0.0,5.0,,2019-06-27
2019-06-28,930929,中证多资产风险平价指数,中证MARP,CSI Multi Asset Risk Parity Index,CSI MARP,,,,1776.56,,,0.0,0.0,5.0,,2019-06-28
2019-07-01,930929,中证多资产风险平价指数,中证MARP,CSI Multi Asset Risk Parity Index,CSI MARP,,,,1774.52,,,0.0,0.0,5.0,,2019-07-01
2019-07-02,930929,中证多资产风险平价指数,中证MARP,CSI Multi Asset Risk Parity Index,CSI MARP,,,,1777.62,,,0.0,0.0,5.0,,2019-07-02
2019-07-03,930929,中证多资产风险平价指数,中证MARP,CSI Multi Asset Risk Parity Index,CSI MARP,,,,1784.48,,,0.0,0.0,5.0,,2019-07-03
2019-07-04,930929,中证多资产风险平价指数,中证MARP,CSI Multi Asset Risk Parity Index,CSI MARP,,,,1783.13,,,0.0,0.0,5.0,,2019-07-04
2019-07-05,930929,中证多资产风险平价指数,中证MARP,CSI Multi Asset Risk Parity Index,CSI MARP,,,,1784.04,,,0.0,0.0,5.0,,2019-07-05
2019-07-08,930929,中证多资产风险平价指数,中证MARP,CSI Multi Asset Risk Parity Index,CSI MARP,,,,1781.05,,,0.0,0.0,5.0,,2019-07-08
2019-07-09,930929,中证多资产风险平价指数,中证MARP,CSI Multi Asset Risk Parity Index,CSI MARP,,,,1778.93,,,0.0,0.0,5.0,,2019-07-09
2019-07-10,930929,中证多资产风险平价指数,中证MARP,CSI Multi Asset Risk Parity Index,CSI MARP,,,,1778.93,,,0.0,0.0,5.0,,2019-07-10
2019-07-11,930929,中证多资产风险平价指数,中证MARP,CSI Multi Asset Risk Parity Index,CSI MARP,,,,1783.23,,,0.0,0.0,5.0,,2019-07-11
2019-07-12,930929,中证多资产风险平价指数,中证MARP,CSI Multi Asset Risk Parity Index,CSI MARP,,,,1782.32,,,0.0,0.0,5.0,,2019-07-12
2019-07-15,930929,中证多资产风险平价指数,中证MARP,CSI Multi Asset Risk Parity Index,CSI MARP,,,,1784.34,,,0.0,0.0,5.0,,2019-07-15
2019-07-16,930929,中证多资产风险平价指数,中证MARP,CSI Multi Asset Risk Parity Index,CSI MARP,,,,1784.21,,,0.0,0.0,5.0,,2019-07-16
2019-07-17,930929,中证多资产风险平价指数,中证MARP,CSI Multi Asset Risk Parity Index,CSI MARP,,,,1782.96,,,0.0,0.0,5.0,,2019-07-17
2019-07-18,930929,中证多资产风险平价指数,中证MARP,CSI Multi Asset Risk Parity Index,CSI MARP,,,,1784.88,,,0.0,0.0,5.0,,2019-07-18
2019-07-19,930929,中证多资产风险平价指数,中证MARP,CSI Multi Asset Risk Parity Index,CSI MARP,,,,1788.92,,,0.0,0.0,5.0,,2019-07-19
2019-07-22,930929,中证多资产风险平价指数,中证MARP,CSI Multi Asset Risk Parity Index,CSI MARP,,,,1787.01,,,0.0,0.0,5.0,,2019-07-22
2019-07-23,930929,中证多资产风险平价指数,中证MARP,CSI Multi Asset Risk Parity Index,CSI MARP,,,,1786.18,,,0.0,0.0,5.0,,2019-07-23
2019-07-24,930929,中证多资产风险平价指数,中证MARP,CSI Multi Asset Risk Parity Index,CSI MARP,,,,1787.92,,,0.0,0.0,5.0,,2019-07-24
2019-07-25,930929,中证多资产风险平价指数,中证MARP,CSI Multi Asset Risk Parity Index,CSI MARP,,,,1788.73,,,0.0,0.0,5.0,,2019-07-25
2019-07-26,930929,中证多资产风险平价指数,中证MARP,CSI Multi Asset Risk Parity Index,CSI MARP,,,,1788.38,,,0.0,0.0,5.0,,2019-07-26
2019-07-29,930929,中证多资产风险平价指数,中证MARP,CSI Multi Asset Risk Parity Index,CSI MARP,,,,1788.67,,,0.0,0.0,5.0,,2019-07-29
2019-07-30,930929,中证多资产风险平价指数,中证MARP,CSI Multi Asset Risk Parity Index,CSI MARP,,,,1789.83,,,0.0,0.0,5.0,,2019-07-30
2019-07-31,930929,中证多资产风险平价指数,中证MARP,CSI Multi Asset Risk Parity Index,CSI MARP,,,,1791.12,,,0.0,0.0,5.0,,2019-07-31
2019-08-01,930929,中证多资产风险平价指数,中证MARP,CSI Multi Asset Risk Parity Index,CSI MARP,,,,1787.68,,,0.0,0.0,5.0,,2019-08-01
2019-08-02,930929,中证多资产风险平价指数,中证MARP,CSI Multi Asset Risk Parity Index,CSI MARP,,,,1793.8,,,0.0,0.0,5.0,,2019-08-02
2019-08-05,930929,中证多资产风险平价指数,中证MARP,CSI Multi Asset Risk Parity Index,CSI MARP,,,,1802.43,,,0.0,0.0,5.0,,2019-08-05
2019-08-06,930929,中证多资产风险平价指数,中证MARP,CSI Multi Asset Risk Parity Index,CSI MARP,,,,1803.1,,,0.0,0.0,5.0,,2019-08-06
2019-08-07,930929,中证多资产风险平价指数,中证MARP,CSI Multi Asset Risk Parity Index,CSI MARP,,,,1808.37,,,0.0,0.0,5.0,,2019-08-07
2019-08-08,930929,中证多资产风险平价指数,中证MARP,CSI Multi Asset Risk Parity Index,CSI MARP,,,,1810.94,,,0.0,0.0,5.0,,2019-08-08
2019-08-09,930929,中证多资产风险平价指数,中证MARP,CSI Multi Asset Risk Parity Index,CSI MARP,,,,1812.37,,,0.0,0.0,5.0,,2019-08-09
2019-08-12,930929,中证多资产风险平价指数,中证MARP,CSI Multi Asset Risk Parity Index,CSI MARP,,,,1812.56,,,0.0,0.0,5.0,,2019-08-12
2019-08-13,930929,中证多资产风险平价指数,中证MARP,CSI Multi Asset Risk Parity Index,CSI MARP,,,,1818.74,,,0.0,0.0,5.0,,2019-08-13
2019-08-14,930929,中证多资产风险平价指数,中证MARP,CSI Multi Asset Risk Parity Index,CSI MARP,,,,1813.17,,,0.0,0.0,5.0,,2019-08-14
2019-08-15,930929,中证多资产风险平价指数,中证MARP,CSI Multi Asset Risk Parity Index,CSI MARP,,,,1816.85,,,0.0,0.0,5.0,,2019-08-15
2019-08-16,930929,中证多资产风险平价指数,中证MARP,CSI Multi Asset Risk Parity Index,CSI MARP,,,,1817.35,,,0.0,0.0,5.0,,2019-08-16
2019-08-19,930929,中证多资产风险平价指数,中证MARP,CSI Multi Asset Risk Parity Index,CSI MARP,,,,1818.06,,,0.0,0.0,5.0,,2019-08-19
2019-08-20,930929,中证多资产风险平价指数,中证MARP,CSI Multi Asset Risk Parity Index,CSI MARP,,,,1817.19,,,0.0,0.0,5.0,,2019-08-20
2019-08-21,930929,中证多资产风险平价指数,中证MARP,CSI Multi Asset Risk Parity Index,CSI MARP,,,,1817.3,,,0.0,0.0,5.0,,2019-08-21
2019-08-22,930929,中证多资产风险平价指数,中证MARP,CSI Multi Asset Risk Parity Index,CSI MARP,,,,1817.54,,,0.0,0.0,5.0,,2019-08-22
2019-08-23,930929,中证多资产风险平价指数,中证MARP,CSI Multi Asset Risk Parity Index,CSI MARP,,,,1817.58,,,0.0,0.0,5.0,,2019-08-23
2019-08-26,930929,中证多资产风险平价指数,中证MARP,CSI Multi Asset Risk Parity Index,CSI MARP,,,,1826.32,,,0.0,0.0,5.0,,2019-08-26
2019-08-27,930929,中证多资产风险平价指数,中证MARP,CSI Multi Asset Risk Parity Index,CSI MARP,,,,1827.76,,,0.0,0.0,5.0,,2019-08-27
2019-08-28,930929,中证多资产风险平价指数,中证MARP,CSI Multi Asset Risk Parity Index,CSI MARP,,,,1827.59,,,0.0,0.0,5.0,,2019-08-28
2019-08-29,930929,中证多资产风险平价指数,中证MARP,CSI Multi Asset Risk Parity Index,CSI MARP,,,,1830.52,,,0.0,0.0,5.0,,2019-08-29
2019-08-30,930929,中证多资产风险平价指数,中证MARP,CSI Multi Asset Risk Parity Index,CSI MARP,,,,1826.4,,,0.0,0.0,5.0,,2019-08-30
2019-09-02,930929,中证多资产风险平价指数,中证MARP,CSI Multi Asset Risk Parity Index,CSI MARP,,,,1826.91,,,0.0,0.0,5.0,,2019-09-02
2019-09-03,930929,中证多资产风险平价指数,中证MARP,CSI Multi Asset Risk Parity Index,CSI MARP,,,,1828.08,,,0.0,0.0,5.0,,2019-09-03
2019-09-04,930929,中证多资产风险平价指数,中证MARP,CSI Multi Asset Risk Parity Index,CSI MARP,,,,1829.84,,,0.0,0.0,5.0,,2019-09-04
2019-09-05,930929,中证多资产风险平价指数,中证MARP,CSI Multi Asset Risk Parity Index,CSI MARP,,,,1832.84,,,0.0,0.0,5.0,,2019-09-05
2019-09-06,930929,中证多资产风险平价指数,中证MARP,CSI Multi Asset Risk Parity Index,CSI MARP,,,,1826.37,,,0.0,0.0,5.0,,2019-09-06
2019-09-09,930929,中证多资产风险平价指数,中证MARP,CSI Multi Asset Risk Parity Index,CSI MARP,,,,1829.29,,,0.0,0.0,5.0,,2019-09-09
2019-09-10,930929,中证多资产风险平价指数,中证MARP,CSI Multi Asset Risk Parity Index,CSI MARP,,,,1824.97,,,0.0,0.0,5.0,,2019-09-10
2019-09-11,930929,中证多资产风险平价指数,中证MARP,CSI Multi Asset Risk Parity Index,CSI MARP,,,,1825.13,,,0.0,0.0,5.0,,2019-09-11
2019-09-12,930929,中证多资产风险平价指数,中证MARP,CSI Multi Asset Risk Parity Index,CSI MARP,,,,1825.2,,,0.0,0.0,5.0,,2019-09-12
2019-09-16,930929,中证多资产风险平价指数,中证MARP,CSI Multi Asset Risk Parity Index,CSI MARP,,,,1825.33,,,0.0,0.0,5.0,,2019-09-16
2019-09-17,930929,中证多资产风险平价指数,中证MARP,CSI Multi Asset Risk Parity Index,CSI MARP,,,,1823.93,,,0.0,0.0,5.0,,2019-09-17
2019-09-18,930929,中证多资产风险平价指数,中证MARP,CSI Multi Asset Risk Parity Index,CSI MARP,,,,1824.19,,,0.0,0.0,5.0,,2019-09-18
2019-09-19,930929,中证多资产风险平价指数,中证MARP,CSI Multi Asset Risk Parity Index,CSI MARP,,,,1824.36,,,0.0,0.0,5.0,,2019-09-19
2019-09-20,930929,中证多资产风险平价指数,中证MARP,CSI Multi Asset Risk Parity Index,CSI MARP,,,,1824.5,,,0.0,0.0,5.0,,2019-09-20
2019-09-23,930929,中证多资产风险平价指数,中证MARP,CSI Multi Asset Risk Parity Index,CSI MARP,,,,1825.28,,,0.0,0.0,5.0,,2019-09-23
2019-09-24,930929,中证多资产风险平价指数,中证MARP,CSI Multi Asset Risk Parity Index,CSI MARP,,,,1826.43,,,0.0,0.0,5.0,,2019-09-24
2019-09-25,930929,中证多资产风险平价指数,中证MARP,CSI Multi Asset Risk Parity Index,CSI MARP,,,,1826.02,,,0.0,0.0,5.0,,2019-09-25
2019-09-26,930929,中证多资产风险平价指数,中证MARP,CSI Multi Asset Risk Parity Index,CSI MARP,,,,1823.42,,,0.0,0.0,5.0,,2019-09-26
2019-09-27,930929,中证多资产风险平价指数,中证MARP,CSI Multi Asset Risk Parity Index,CSI MARP,,,,1821.81,,,0.0,0.0,5.0,,2019-09-27
2019-09-30,930929,中证多资产风险平价指数,中证MARP,CSI Multi Asset Risk Parity Index,CSI MARP,,,,1821.88,,,0.0,0.0,5.0,,2019-09-30
2019-10-08,930929,中证多资产风险平价指数,中证MARP,CSI Multi Asset Risk Parity Index,CSI MARP,,,,1823.3,,,0.0,0.0,5.0,,2019-10-08
2019-10-09,930929,中证多资产风险平价指数,中证MARP,CSI Multi Asset Risk Parity Index,CSI MARP,,,,1825.65,,,0.0,0.0,5.0,,2019-10-09
2019-10-10,930929,中证多资产风险平价指数,中证MARP,CSI Multi Asset Risk Parity Index,CSI MARP,,,,1825.78,,,0.0,0.0,5.0,,2019-10-10
2019-10-11,930929,中证多资产风险平价指数,中证MARP,CSI Multi Asset Risk Parity Index,CSI MARP,,,,1825.33,,,0.0,0.0,5.0,,2019-10-11
2019-10-14,930929,中证多资产风险平价指数,中证MARP,CSI Multi Asset Risk Parity Index,CSI MARP,,,,1824.14,,,0.0,0.0,5.0,,2019-10-14
2019-10-15,930929,中证多资产风险平价指数,中证MARP,CSI Multi Asset Risk Parity Index,CSI MARP,,,,1823.34,,,0.0,0.0,5.0,,2019-10-15
2019-10-16,930929,中证多资产风险平价指数,中证MARP,CSI Multi Asset Risk Parity Index,CSI MARP,,,,1822.48,,,0.0,0.0,5.0,,2019-10-16
2019-10-17,930929,中证多资产风险平价指数,中证MARP,CSI Multi Asset Risk Parity Index,CSI MARP,,,,1823.64,,,0.0,0.0,5.0,,2019-10-17
2019-10-18,930929,中证多资产风险平价指数,中证MARP,CSI Multi Asset Risk Parity Index,CSI MARP,,,,1822.56,,,0.0,0.0,5.0,,2019-10-18
2019-10-21,930929,中证多资产风险平价指数,中证MARP,CSI Multi Asset Risk Parity Index,CSI MARP,,,,1823.0,,,0.0,0.0,5.0,,2019-10-21
2019-10-22,930929,中证多资产风险平价指数,中证MARP,CSI Multi Asset Risk Parity Index,CSI MARP,,,,1822.44,,,0.0,0.0,5.0,,2019-10-22
2019-10-23,930929,中证多资产风险平价指数,中证MARP,CSI Multi Asset Risk Parity Index,CSI MARP,,,,1822.46,,,0.0,0.0,5.0,,2019-10-23
2019-10-24,930929,中证多资产风险平价指数,中证MARP,CSI Multi Asset Risk Parity Index,CSI MARP,,,,1821.74,,,0.0,0.0,5.0,,2019-10-24
2019-10-25,930929,中证多资产风险平价指数,中证MARP,CSI Multi Asset Risk Parity Index,CSI MARP,,,,1823.35,,,0.0,0.0,5.0,,2019-10-25
2019-10-28,930929,中证多资产风险平价指数,中证MARP,CSI Multi Asset Risk Parity Index,CSI MARP,,,,1823.09,,,0.0,0.0,5.0,,2019-10-28
2019-10-29,930929,中证多资产风险平价指数,中证MARP,CSI Multi Asset Risk Parity Index,CSI MARP,,,,1820.76,,,0.0,0.0,5.0,,2019-10-29
2019-10-30,930929,中证多资产风险平价指数,中证MARP,CSI Multi Asset Risk Parity Index,CSI MARP,,,,1819.11,,,0.0,0.0,5.0,,2019-10-30
2019-10-31,930929,中证多资产风险平价指数,中证MARP,CSI Multi Asset Risk Parity Index,CSI MARP,,,,1818.08,,,0.0,0.0,5.0,,2019-10-31
2019-11-01,930929,中证多资产风险平价指数,中证MARP,CSI Multi Asset Risk Parity Index,CSI MARP,,,,1819.85,,,0.0,0.0,5.0,,2019-11-01
2019-11-04,930929,中证多资产风险平价指数,中证MARP,CSI Multi Asset Risk Parity Index,CSI MARP,,,,1820.83,,,0.0,0.0,5.0,,2019-11-04
2019-11-05,930929,中证多资产风险平价指数,中证MARP,CSI Multi Asset Risk Parity Index,CSI MARP,,,,1821.04,,,0.0,0.0,5.0,,2019-11-05
2019-11-06,930929,中证多资产风险平价指数,中证MARP,CSI Multi Asset Risk Parity Index,CSI MARP,,,,1819.73,,,0.0,0.0,5.0,,2019-11-06
2019-11-07,930929,中证多资产风险平价指数,中证MARP,CSI Multi Asset Risk Parity Index,CSI MARP,,,,1821.18,,,0.0,0.0,5.0,,2019-11-07
2019-11-08,930929,中证多资产风险平价指数,中证MARP,CSI Multi Asset Risk Parity Index,CSI MARP,,,,1819.39,,,0.0,0.0,5.0,,2019-11-08
2019-11-11,930929,中证多资产风险平价指数,中证MARP,CSI Multi Asset Risk Parity Index,CSI MARP,,,,1818.6,,,0.0,0.0,5.0,,2019-11-11
2019-11-12,930929,中证多资产风险平价指数,中证MARP,CSI Multi Asset Risk Parity Index,CSI MARP,,,,1818.66,,,0.0,0.0,5.0,,2019-11-12
2019-11-13,930929,中证多资产风险平价指数,中证MARP,CSI Multi Asset Risk Parity Index,CSI MARP,,,,1819.96,,,0.0,0.0,5.0,,2019-11-13
2019-11-14,930929,中证多资产风险平价指数,中证MARP,CSI Multi Asset Risk Parity Index,CSI MARP,,,,1821.03,,,0.0,0.0,5.0,,2019-11-14
2019-11-15,930929,中证多资产风险平价指数,中证MARP,CSI Multi Asset Risk Parity Index,CSI MARP,,,,1820.48,,,0.0,0.0,5.0,,2019-11-15
2019-11-18,930929,中证多资产风险平价指数,中证MARP,CSI Multi Asset Risk Parity Index,CSI MARP,,,,1822.26,,,0.0,0.0,5.0,,2019-11-18
2019-11-19,930929,中证多资产风险平价指数,中证MARP,CSI Multi Asset Risk Parity Index,CSI MARP,,,,1825.42,,,0.0,0.0,5.0,,2019-11-19
2019-11-20,930929,中证多资产风险平价指数,中证MARP,CSI Multi Asset Risk Parity Index,CSI MARP,,,,1826.1,,,0.0,0.0,5.0,,2019-11-20
2019-11-21,930929,中证多资产风险平价指数,中证MARP,CSI Multi Asset Risk Parity Index,CSI MARP,,,,1827.11,,,0.0,0.0,5.0,,2019-11-21
2019-11-22,930929,中证多资产风险平价指数,中证MARP,CSI Multi Asset Risk Parity Index,CSI MARP,,,,1826.95,,,0.0,0.0,5.0,,2019-11-22
2019-11-25,930929,中证多资产风险平价指数,中证MARP,CSI Multi Asset Risk Parity Index,CSI MARP,,,,1826.4,,,0.0,0.0,5.0,,2019-11-25
2019-11-26,930929,中证多资产风险平价指数,中证MARP,CSI Multi Asset Risk Parity Index,CSI MARP,,,,1826.27,,,0.0,0.0,5.0,,2019-11-26
2019-11-27,930929,中证多资产风险平价指数,中证MARP,CSI Multi Asset Risk Parity Index,CSI MARP,,,,1826.8,,,0.0,0.0,5.0,,2019-11-27
2019-11-28,930929,中证多资产风险平价指数,中证MARP,CSI Multi Asset Risk Parity Index,CSI MARP,,,,1826.87,,,0.0,0.0,5.0,,2019-11-28
2019-11-29,930929,中证多资产风险平价指数,中证MARP,CSI Multi Asset Risk Parity Index,CSI MARP,,,,1826.86,,,0.0,0.0,5.0,,2019-11-29
2019-12-02,930929,中证多资产风险平价指数,中证MARP,CSI Multi Asset Risk Parity Index,CSI MARP,,,,1827.31,,,0.0,0.0,5.0,,2019-12-02
2019-12-03,930929,中证多资产风险平价指数,中证MARP,CSI Multi Asset Risk Parity Index,CSI MARP,,,,1827.63,,,0.0,0.0,5.0,,2019-12-03
2019-12-04,930929,中证多资产风险平价指数,中证MARP,CSI Multi Asset Risk Parity Index,CSI MARP,,,,1830.26,,,0.0,0.0,5.0,,2019-12-04
2019-12-05,930929,中证多资产风险平价指数,中证MARP,CSI Multi Asset Risk Parity Index,CSI MARP,,,,1830.72,,,0.0,0.0,5.0,,2019-12-05
2019-12-06,930929,中证多资产风险平价指数,中证MARP,CSI Multi Asset Risk Parity Index,CSI MARP,,,,1830.56,,,0.0,0.0,5.0,,2019-12-06
2019-12-09,930929,中证多资产风险平价指数,中证MARP,CSI Multi Asset Risk Parity Index,CSI MARP,,,,1830.19,,,0.0,0.0,5.0,,2019-12-09
2019-12-10,930929,中证多资产风险平价指数,中证MARP,CSI Multi Asset Risk Parity Index,CSI MARP,,,,1830.77,,,0.0,0.0,5.0,,2019-12-10
2019-12-11,930929,中证多资产风险平价指数,中证MARP,CSI Multi Asset Risk Parity Index,CSI MARP,,,,1830.9,,,0.0,0.0,5.0,,2019-12-11
2019-12-12,930929,中证多资产风险平价指数,中证MARP,CSI Multi Asset Risk Parity Index,CSI MARP,,,,1832.4,,,0.0,0.0,5.0,,2019-12-12
2019-12-13,930929,中证多资产风险平价指数,中证MARP,CSI Multi Asset Risk Parity Index,CSI MARP,,,,1832.32,,,0.0,0.0,5.0,,2019-12-13
2019-12-16,930929,中证多资产风险平价指数,中证MARP,CSI Multi Asset Risk Parity Index,CSI MARP,,,,1834.54,,,0.0,0.0,5.0,,2019-12-16
2019-12-17,930929,中证多资产风险平价指数,中证MARP,CSI Multi Asset Risk Parity Index,CSI MARP,,,,1835.82,,,0.0,0.0,5.0,,2019-12-17
2019-12-18,930929,中证多资产风险平价指数,中证MARP,CSI Multi Asset Risk Parity Index,CSI MARP,,,,1835.66,,,0.0,0.0,5.0,,2019-12-18
2019-12-19,930929,中证多资产风险平价指数,中证MARP,CSI Multi Asset Risk Parity Index,CSI MARP,,,,1836.22,,,0.0,0.0,5.0,,2019-12-19
2019-12-20,930929,中证多资产风险平价指数,中证MARP,CSI Multi Asset Risk Parity Index,CSI MARP,,,,1836.47,,,0.0,0.0,5.0,,2019-12-20
2019-12-23,930929,中证多资产风险平价指数,中证MARP,CSI Multi Asset Risk Parity Index,CSI MARP,,,,1836.54,,,0.0,0.0,5.0,,2019-12-23
2019-12-24,930929,中证多资产风险平价指数,中证MARP,CSI Multi Asset Risk Parity Index,CSI MARP,,,,1839.03,,,0.0,0.0,5.0,,2019-12-24
2019-12-25,930929,中证多资产风险平价指数,中证MARP,CSI Multi Asset Risk Parity Index,CSI MARP,,,,1840.87,,,0.0,0.0,5.0,,2019-12-25
2019-12-26,930929,中证多资产风险平价指数,中证MARP,CSI Multi Asset Risk Parity Index,CSI MARP,,,,1842.73,,,0.0,0.0,5.0,,2019-12-26
2019-12-27,930929,中证多资产风险平价指数,中证MARP,CSI Multi Asset Risk Parity Index,CSI MARP,,,,1843.72,,,0.0,0.0,5.0,,2019-12-27
2019-12-30,930929,中证多资产风险平价指数,中证MARP,CSI Multi Asset Risk Parity Index,CSI MARP,,,,1845.72,,,0.0,0.0,5.0,,2019-12-30
2019-12-31,930929,中证多资产风险平价指数,中证MARP,CSI Multi Asset Risk Parity Index,CSI MARP,,,,1847.19,,,0.0,0.0,5.0,,2019-12-31
2020-01-02,930929,中证多资产风险平价指数,中证MARP,CSI Multi Asset Risk Parity Index,CSI MARP,,,,1847.66,,,0.0,0.0,5.0,,2020-01-02
2020-01-03,930929,中证多资产风险平价指数,中证MARP,CSI Multi Asset Risk Parity Index,CSI MARP,,,,1849.28,,,0.0,0.0,5.0,,2020-01-03
2020-01-06,930929,中证多资产风险平价指数,中证MARP,CSI Multi Asset Risk Parity Index,CSI MARP,,,,1852.4,,,0.0,0.0,5.0,,2020-01-06
2020-01-07,930929,中证多资产风险平价指数,中证MARP,CSI Multi Asset Risk Parity Index,CSI MARP,,,,1852.62,,,0.0,0.0,5.0,,2020-01-07
2020-01-08,930929,中证多资产风险平价指数,中证MARP,CSI Multi Asset Risk Parity Index,CSI MARP,,,,1854.42,,,0.0,0.0,5.0,,2020-01-08
2020-01-09,930929,中证多资产风险平价指数,中证MARP,CSI Multi Asset Risk Parity Index,CSI MARP,,,,1851.82,,,0.0,0.0,5.0,,2020-01-09
2020-01-10,930929,中证多资产风险平价指数,中证MARP,CSI Multi Asset Risk Parity Index,CSI MARP,,,,1852.89,,,0.0,0.0,5.0,,2020-01-10
2020-01-13,930929,中证多资产风险平价指数,中证MARP,CSI Multi Asset Risk Parity Index,CSI MARP,,,,1854.98,,,0.0,0.0,5.0,,2020-01-13
2020-01-14,930929,中证多资产风险平价指数,中证MARP,CSI Multi Asset Risk Parity Index,CSI MARP,,,,1853.22,,,0.0,0.0,5.0,,2020-01-14
2020-01-15,930929,中证多资产风险平价指数,中证MARP,CSI Multi Asset Risk Parity Index,CSI MARP,,,,1853.74,,,0.0,0.0,5.0,,2020-01-15
2020-01-16,930929,中证多资产风险平价指数,中证MARP,CSI Multi Asset Risk Parity Index,CSI MARP,,,,1854.08,,,0.0,0.0,5.0,,2020-01-16
2020-01-17,930929,中证多资产风险平价指数,中证MARP,CSI Multi Asset Risk Parity Index,CSI MARP,,,,1854.64,,,0.0,0.0,5.0,,2020-01-17
2020-01-20,930929,中证多资产风险平价指数,中证MARP,CSI Multi Asset Risk Parity Index,CSI MARP,,,,1856.9,,,0.0,0.0,5.0,,2020-01-20
2020-01-21,930929,中证多资产风险平价指数,中证MARP,CSI Multi Asset Risk Parity Index,CSI MARP,,,,1857.83,,,0.0,0.0,5.0,,2020-01-21
2020-01-22,930929,中证多资产风险平价指数,中证MARP,CSI Multi Asset Risk Parity Index,CSI MARP,,,,1858.33,,,0.0,0.0,5.0,,2020-01-22
2020-01-23,930929,中证多资产风险平价指数,中证MARP,CSI Multi Asset Risk Parity Index,CSI MARP,,,,1857.58,,,0.0,0.0,5.0,,2020-01-23
2020-02-03,930929,中证多资产风险平价指数,中证MARP,CSI Multi Asset Risk Parity Index,CSI MARP,,,,1866.06,,,0.0,0.0,5.0,,2020-02-03
2020-02-04,930929,中证多资产风险平价指数,中证MARP,CSI Multi Asset Risk Parity Index,CSI MARP,,,,1866.66,,,0.0,0.0,5.0,,2020-02-04
2020-02-05,930929,中证多资产风险平价指数,中证MARP,CSI Multi Asset Risk Parity Index,CSI MARP,,,,1866.87,,,0.0,0.0,5.0,,2020-02-05
2020-02-06,930929,中证多资产风险平价指数,中证MARP,CSI Multi Asset Risk Parity Index,CSI MARP,,,,1868.01,,,0.0,0.0,5.0,,2020-02-06
2020-02-07,930929,中证多资产风险平价指数,中证MARP,CSI Multi Asset Risk Parity Index,CSI MARP,,,,1870.11,,,0.0,0.0,5.0,,2020-02-07
2020-02-10,930929,中证多资产风险平价指数,中证MARP,CSI Multi Asset Risk Parity Index,CSI MARP,,,,1872.79,,,0.0,0.0,5.0,,2020-02-10
2020-02-11,930929,中证多资产风险平价指数,中证MARP,CSI Multi Asset Risk Parity Index,CSI MARP,,,,1873.64,,,0.0,0.0,5.0,,2020-02-11
2020-02-12,930929,中证多资产风险平价指数,中证MARP,CSI Multi Asset Risk Parity Index,CSI MARP,,,,1874.3,,,0.0,0.0,5.0,,2020-02-12
2020-02-13,930929,中证多资产风险平价指数,中证MARP,CSI Multi Asset Risk Parity Index,CSI MARP,,,,1875.01,,,0.0,0.0,5.0,,2020-02-13
2020-02-14,930929,中证多资产风险平价指数,中证MARP,CSI Multi Asset Risk Parity Index,CSI MARP,,,,1876.09,,,0.0,0.0,5.0,,2020-02-14
2020-02-17,930929,中证多资产风险平价指数,中证MARP,CSI Multi Asset Risk Parity Index,CSI MARP,,,,1878.98,,,0.0,0.0,5.0,,2020-02-17
2020-02-18,930929,中证多资产风险平价指数,中证MARP,CSI Multi Asset Risk Parity Index,CSI MARP,,,,1879.86,,,0.0,0.0,5.0,,2020-02-18
2020-02-19,930929,中证多资产风险平价指数,中证MARP,CSI Multi Asset Risk Parity Index,CSI MARP,,,,1880.83,,,0.0,0.0,5.0,,2020-02-19
2020-02-20,930929,中证多资产风险平价指数,中证MARP,CSI Multi Asset Risk Parity Index,CSI MARP,,,,1882.78,,,0.0,0.0,5.0,,2020-02-20
2020-02-21,930929,中证多资产风险平价指数,中证MARP,CSI Multi Asset Risk Parity Index,CSI MARP,,,,1886.44,,,0.0,0.0,5.0,,2020-02-21
2020-02-24,930929,中证多资产风险平价指数,中证MARP,CSI Multi Asset Risk Parity Index,CSI MARP,,,,1890.86,,,0.0,0.0,5.0,,2020-02-24
2020-02-25,930929,中证多资产风险平价指数,中证MARP,CSI Multi Asset Risk Parity Index,CSI MARP,,,,1889.32,,,0.0,0.0,5.0,,2020-02-25
2020-02-26,930929,中证多资产风险平价指数,中证MARP,CSI Multi Asset Risk Parity Index,CSI MARP,,,,1888.96,,,0.0,0.0,5.0,,2020-02-26
2020-02-27,930929,中证多资产风险平价指数,中证MARP,CSI Multi Asset Risk Parity Index,CSI MARP,,,,1890.51,,,0.0,0.0,5.0,,2020-02-27
2020-02-28,930929,中证多资产风险平价指数,中证MARP,CSI Multi Asset Risk Parity Index,CSI MARP,,,,1887.27,,,0.0,0.0,5.0,,2020-02-28
2020-03-02,930929,中证多资产风险平价指数,中证MARP,CSI Multi Asset Risk Parity Index,CSI MARP,,,,1889.02,,,0.0,0.0,5.0,,2020-03-02
2020-03-03,930929,中证多资产风险平价指数,中证MARP,CSI Multi Asset Risk Parity Index,CSI MARP,,,,1889.56,,,0.0,0.0,5.0,,2020-03-03
2020-03-04,930929,中证多资产风险平价指数,中证MARP,CSI Multi Asset Risk Parity Index,CSI MARP,,,,1894.13,,,0.0,0.0,5.0,,2020-03-04
2020-03-05,930929,中证多资产风险平价指数,中证MARP,CSI Multi Asset Risk Parity Index,CSI MARP,,,,1897.12,,,0.0,0.0,5.0,,2020-03-05
2020-03-06,930929,中证多资产风险平价指数,中证MARP,CSI Multi Asset Risk Parity Index,CSI MARP,,,,1899.74,,,0.0,0.0,5.0,,2020-03-06
2020-03-09,930929,中证多资产风险平价指数,中证MARP,CSI Multi Asset Risk Parity Index,CSI MARP,,,,1900.3,,,0.0,0.0,5.0,,2020-03-09
2020-03-10,930929,中证多资产风险平价指数,中证MARP,CSI Multi Asset Risk Parity Index,CSI MARP,,,,1900.57,,,0.0,0.0,5.0,,2020-03-10
2020-03-11,930929,中证多资产风险平价指数,中证MARP,CSI Multi Asset Risk Parity Index,CSI MARP,,,,1898.6,,,0.0,0.0,5.0,,2020-03-11
2020-03-12,930929,中证多资产风险平价指数,中证MARP,CSI Multi Asset Risk Parity Index,CSI MARP,,,,1895.43,,,0.0,0.0,5.0,,2020-03-12
2020-03-13,930929,中证多资产风险平价指数,中证MARP,CSI Multi Asset Risk Parity Index,CSI MARP,,,,1890.26,,,0.0,0.0,5.0,,2020-03-13
2020-03-16,930929,中证多资产风险平价指数,中证MARP,CSI Multi Asset Risk Parity Index,CSI MARP,,,,1881.21,,,0.0,0.0,5.0,,2020-03-16
2020-03-17,930929,中证多资产风险平价指数,中证MARP,CSI Multi Asset Risk Parity Index,CSI MARP,,,,1875.2,,,0.0,0.0,5.0,,2020-03-17
2020-03-18,930929,中证多资产风险平价指数,中证MARP,CSI Multi Asset Risk Parity Index,CSI MARP,,,,1873.97,,,0.0,0.0,5.0,,2020-03-18
2020-03-19,930929,中证多资产风险平价指数,中证MARP,CSI Multi Asset Risk Parity Index,CSI MARP,,,,1872.48,,,0.0,0.0,5.0,,2020-03-19
2020-03-20,930929,中证多资产风险平价指数,中证MARP,CSI Multi Asset Risk Parity Index,CSI MARP,,,,1875.23,,,0.0,0.0,5.0,,2020-03-20
2020-03-23,930929,中证多资产风险平价指数,中证MARP,CSI Multi Asset Risk Parity Index,CSI MARP,,,,1873.79,,,0.0,0.0,5.0,,2020-03-23
2020-03-24,930929,中证多资产风险平价指数,中证MARP,CSI Multi Asset Risk Parity Index,CSI MARP,,,,1883.52,,,0.0,0.0,5.0,,2020-03-24
2020-03-25,930929,中证多资产风险平价指数,中证MARP,CSI Multi Asset Risk Parity Index,CSI MARP,,,,1887.52,,,0.0,0.0,5.0,,2020-03-25
2020-03-26,930929,中证多资产风险平价指数,中证MARP,CSI Multi Asset Risk Parity Index,CSI MARP,,,,1887.78,,,0.0,0.0,5.0,,2020-03-26
2020-03-27,930929,中证多资产风险平价指数,中证MARP,CSI Multi Asset Risk Parity Index,CSI MARP,,,,1890.7,,,0.0,0.0,5.0,,2020-03-27
2020-03-30,930929,中证多资产风险平价指数,中证MARP,CSI Multi Asset Risk Parity Index,CSI MARP,,,,1888.42,,,0.0,0.0,5.0,,2020-03-30
2020-03-31,930929,中证多资产风险平价指数,中证MARP,CSI Multi Asset Risk Parity Index,CSI MARP,,,,1890.15,,,0.0,0.0,5.0,,2020-03-31
2020-04-01,930929,中证多资产风险平价指数,中证MARP,CSI Multi Asset Risk Parity Index,CSI MARP,,,,1889.85,,,0.0,0.0,5.0,,2020-04-01
2020-04-02,930929,中证多资产风险平价指数,中证MARP,CSI Multi Asset Risk Parity Index,CSI MARP,,,,1893.03,,,0.0,0.0,5.0,,2020-04-02
2020-04-03,930929,中证多资产风险平价指数,中证MARP,CSI Multi Asset Risk Parity Index,CSI MARP,,,,1893.06,,,0.0,0.0,5.0,,2020-04-03
2020-04-07,930929,中证多资产风险平价指数,中证MARP,CSI Multi Asset Risk Parity Index,CSI MARP,,,,1907.59,,,0.0,0.0,5.0,,2020-04-07
2020-04-08,930929,中证多资产风险平价指数,中证MARP,CSI Multi Asset Risk Parity Index,CSI MARP,,,,1909.15,,,0.0,0.0,5.0,,2020-04-08
2020-04-09,930929,中证多资产风险平价指数,中证MARP,CSI Multi Asset Risk Parity Index,CSI MARP,,,,1912.59,,,0.0,0.0,5.0,,2020-04-09
2020-04-10,930929,中证多资产风险平价指数,中证MARP,CSI Multi Asset Risk Parity Index,CSI MARP,,,,1911.92,,,0.0,0.0,5.0,,2020-04-10
2020-04-13,930929,中证多资产风险平价指数,中证MARP,CSI Multi Asset Risk Parity Index,CSI MARP,,,,1910.86,,,0.0,0.0,5.0,,2020-04-13
2020-04-14,930929,中证多资产风险平价指数,中证MARP,CSI Multi Asset Risk Parity Index,CSI MARP,,,,1914.74,,,0.0,0.0,5.0,,2020-04-14
2020-04-15,930929,中证多资产风险平价指数,中证MARP,CSI Multi Asset Risk Parity Index,CSI MARP,,,,1915.49,,,0.0,0.0,5.0,,2020-04-15
2020-04-16,930929,中证多资产风险平价指数,中证MARP,CSI Multi Asset Risk Parity Index,CSI MARP,,,,1918.52,,,0.0,0.0,5.0,,2020-04-16
2020-04-17,930929,中证多资产风险平价指数,中证MARP,CSI Multi Asset Risk Parity Index,CSI MARP,,,,1918.5,,,0.0,0.0,5.0,,2020-04-17
2020-04-20,930929,中证多资产风险平价指数,中证MARP,CSI Multi Asset Risk Parity Index,CSI MARP,,,,1918.35,,,0.0,0.0,5.0,,2020-04-20
2020-04-21,930929,中证多资产风险平价指数,中证MARP,CSI Multi Asset Risk Parity Index,CSI MARP,,,,1918.09,,,0.0,0.0,5.0,,2020-04-21
2020-04-22,930929,中证多资产风险平价指数,中证MARP,CSI Multi Asset Risk Parity Index,CSI MARP,,,,1920.72,,,0.0,0.0,5.0,,2020-04-22
2020-04-23,930929,中证多资产风险平价指数,中证MARP,CSI Multi Asset Risk Parity Index,CSI MARP,,,,1924.46,,,0.0,0.0,5.0,,2020-04-23
2020-04-24,930929,中证多资产风险平价指数,中证MARP,CSI Multi Asset Risk Parity Index,CSI MARP,,,,1927.44,,,0.0,0.0,5.0,,2020-04-24
2020-04-27,930929,中证多资产风险平价指数,中证MARP,CSI Multi Asset Risk Parity Index,CSI MARP,,,,1927.77,,,0.0,0.0,5.0,,2020-04-27
2020-04-28,930929,中证多资产风险平价指数,中证MARP,CSI Multi Asset Risk Parity Index,CSI MARP,,,,1927.82,,,0.0,0.0,5.0,,2020-04-28
2020-04-29,930929,中证多资产风险平价指数,中证MARP,CSI Multi Asset Risk Parity Index,CSI MARP,,,,1929.66,,,0.0,0.0,5.0,,2020-04-29
2020-04-30,930929,中证多资产风险平价指数,中证MARP,CSI Multi Asset Risk Parity Index,CSI MARP,,,,1932.93,,,0.0,0.0,5.0,,2020-04-30
2020-05-06,930929,中证多资产风险平价指数,中证MARP,CSI Multi Asset Risk Parity Index,CSI MARP,,,,1933.85,,,0.0,0.0,5.0,,2020-05-06
2020-05-07,930929,中证多资产风险平价指数,中证MARP,CSI Multi Asset Risk Parity Index,CSI MARP,,,,1929.65,,,0.0,0.0,5.0,,2020-05-07
2020-05-08,930929,中证多资产风险平价指数,中证MARP,CSI Multi Asset Risk Parity Index,CSI MARP,,,,1929.74,,,0.0,0.0,5.0,,2020-05-08
2020-05-11,930929,中证多资产风险平价指数,中证MARP,CSI Multi Asset Risk Parity Index,CSI MARP,,,,1927.29,,,0.0,0.0,5.0,,2020-05-11
2020-05-12,930929,中证多资产风险平价指数,中证MARP,CSI Multi Asset Risk Parity Index,CSI MARP,,,,1923.79,,,0.0,0.0,5.0,,2020-05-12
2020-05-13,930929,中证多资产风险平价指数,中证MARP,CSI Multi Asset Risk Parity Index,CSI MARP,,,,1923.75,,,0.0,0.0,5.0,,2020-05-13
2020-05-14,930929,中证多资产风险平价指数,中证MARP,CSI Multi Asset Risk Parity Index,CSI MARP,,,,1923.12,,,0.0,0.0,5.0,,2020-05-14
2020-05-15,930929,中证多资产风险平价指数,中证MARP,CSI Multi Asset Risk Parity Index,CSI MARP,,,,1925.29,,,0.0,0.0,5.0,,2020-05-15
2020-05-18,930929,中证多资产风险平价指数,中证MARP,CSI Multi Asset Risk Parity Index,CSI MARP,,,,1927.86,,,0.0,0.0,5.0,,2020-05-18
2020-05-19,930929,中证多资产风险平价指数,中证MARP,CSI Multi Asset Risk Parity Index,CSI MARP,,,,1925.3,,,0.0,0.0,5.0,,2020-05-19
2020-05-20,930929,中证多资产风险平价指数,中证MARP,CSI Multi Asset Risk Parity Index,CSI MARP,,,,1925.13,,,0.0,0.0,5.0,,2020-05-20
2020-05-21,930929,中证多资产风险平价指数,中证MARP,CSI Multi Asset Risk Parity Index,CSI MARP,,,,1922.76,,,0.0,0.0,5.0,,2020-05-21
2020-05-22,930929,中证多资产风险平价指数,中证MARP,CSI Multi Asset Risk Parity Index,CSI MARP,,,,1921.89,,,0.0,0.0,5.0,,2020-05-22
2020-05-25,930929,中证多资产风险平价指数,中证MARP,CSI Multi Asset Risk Parity Index,CSI MARP,,,,1922.03,,,0.0,0.0,5.0,,2020-05-25
2020-05-26,930929,中证多资产风险平价指数,中证MARP,CSI Multi Asset Risk Parity Index,CSI MARP,,,,1921.56,,,0.0,0.0,5.0,,2020-05-26
2020-05-27,930929,中证多资产风险平价指数,中证MARP,CSI Multi Asset Risk Parity Index,CSI MARP,,,,1916.0,,,0.0,0.0,5.0,,2020-05-27
2020-05-28,930929,中证多资产风险平价指数,中证MARP,CSI Multi Asset Risk Parity Index,CSI MARP,,,,1916.02,,,0.0,0.0,5.0,,2020-05-28
2020-05-29,930929,中证多资产风险平价指数,中证MARP,CSI Multi Asset Risk Parity Index,CSI MARP,,,,1916.33,,,0.0,0.0,5.0,,2020-05-29
2020-06-01,930929,中证多资产风险平价指数,中证MARP,CSI Multi Asset Risk Parity Index,CSI MARP,,,,1920.42,,,0.0,0.0,5.0,,2020-06-01
2020-06-02,930929,中证多资产风险平价指数,中证MARP,CSI Multi Asset Risk Parity Index,CSI MARP,,,,1915.87,,,0.0,0.0,5.0,,2020-06-02
2020-06-03,930929,中证多资产风险平价指数,中证MARP,CSI Multi Asset Risk Parity Index,CSI MARP,,,,1907.44,,,0.0,0.0,5.0,,2020-06-03
2020-06-04,930929,中证多资产风险平价指数,中证MARP,CSI Multi Asset Risk Parity Index,CSI MARP,,,,1905.45,,,0.0,0.0,5.0,,2020-06-04
2020-06-05,930929,中证多资产风险平价指数,中证MARP,CSI Multi Asset Risk Parity Index,CSI MARP,,,,1903.06,,,0.0,0.0,5.0,,2020-06-05
2020-06-08,930929,中证多资产风险平价指数,中证MARP,CSI Multi Asset Risk Parity Index,CSI MARP,,,,1900.42,,,0.0,0.0,5.0,,2020-06-08
2020-06-09,930929,中证多资产风险平价指数,中证MARP,CSI Multi Asset Risk Parity Index,CSI MARP,,,,1901.98,,,0.0,0.0,5.0,,2020-06-09
2020-06-10,930929,中证多资产风险平价指数,中证MARP,CSI Multi Asset Risk Parity Index,CSI MARP,,,,1903.39,,,0.0,0.0,5.0,,2020-06-10
2020-06-11,930929,中证多资产风险平价指数,中证MARP,CSI Multi Asset Risk Parity Index,CSI MARP,,,,1904.58,,,0.0,0.0,5.0,,2020-06-11
2020-06-12,930929,中证多资产风险平价指数,中证MARP,CSI Multi Asset Risk Parity Index,CSI MARP,,,,1906.45,,,0.0,0.0,5.0,,2020-06-12
2020-06-15,930929,中证多资产风险平价指数,中证MARP,CSI Multi Asset Risk Parity Index,CSI MARP,,,,1906.98,,,0.0,0.0,5.0,,2020-06-15
2020-06-16,930929,中证多资产风险平价指数,中证MARP,CSI Multi Asset Risk Parity Index,CSI MARP,,,,1904.35,,,0.0,0.0,5.0,,2020-06-16
2020-06-17,930929,中证多资产风险平价指数,中证MARP,CSI Multi Asset Risk Parity Index,CSI MARP,,,,1903.12,,,0.0,0.0,5.0,,2020-06-17
2020-06-18,930929,中证多资产风险平价指数,中证MARP,CSI Multi Asset Risk Parity Index,CSI MARP,,,,1903.63,,,0.0,0.0,5.0,,2020-06-18
2020-06-19,930929,中证多资产风险平价指数,中证MARP,CSI Multi Asset Risk Parity Index,CSI MARP,,,,1906.1,,,0.0,0.0,5.0,,2020-06-19
2020-06-22,930929,中证多资产风险平价指数,中证MARP,CSI Multi Asset Risk Parity Index,CSI MARP,,,,1905.79,,,0.0,0.0,5.0,,2020-06-22
2020-06-23,930929,中证多资产风险平价指数,中证MARP,CSI Multi Asset Risk Parity Index,CSI MARP,,,,1903.05,,,0.0,0.0,5.0,,2020-06-23
2020-06-24,930929,中证多资产风险平价指数,中证MARP,CSI Multi Asset Risk Parity Index,CSI MARP,,,,1905.33,,,0.0,0.0,5.0,,2020-06-24
2020-06-29,930929,中证多资产风险平价指数,中证MARP,CSI Multi Asset Risk Parity Index,CSI MARP,,,,1907.1,,,0.0,0.0,5.0,,2020-06-29
2020-06-30,930929,中证多资产风险平价指数,中证MARP,CSI Multi Asset Risk Parity Index,CSI MARP,,,,1908.82,,,0.0,0.0,5.0,,2020-06-30
2020-07-01,930929,中证多资产风险平价指数,中证MARP,CSI Multi Asset Risk Parity Index,CSI MARP,,,,1911.65,,,0.0,0.0,5.0,,2020-07-01
2020-07-02,930929,中证多资产风险平价指数,中证MARP,CSI Multi Asset Risk Parity Index,CSI MARP,,,,1913.63,,,0.0,0.0,5.0,,2020-07-02
2020-07-03,930929,中证多资产风险平价指数,中证MARP,CSI Multi Asset Risk Parity Index,CSI MARP,,,,1915.81,,,0.0,0.0,5.0,,2020-07-03
2020-07-06,930929,中证多资产风险平价指数,中证MARP,CSI Multi Asset Risk Parity Index,CSI MARP,,,,1917.74,,,0.0,0.0,5.0,,2020-07-06
2020-07-07,930929,中证多资产风险平价指数,中证MARP,CSI Multi Asset Risk Parity Index,CSI MARP,,,,1914.61,,,0.0,0.0,5.0,,2020-07-07
2020-07-08,930929,中证多资产风险平价指数,中证MARP,CSI Multi Asset Risk Parity Index,CSI MARP,,,,1916.58,,,0.0,0.0,5.0,,2020-07-08
2020-07-09,930929,中证多资产风险平价指数,中证MARP,CSI Multi Asset Risk Parity Index,CSI MARP,,,,1915.07,,,0.0,0.0,5.0,,2020-07-09
2020-07-10,930929,中证多资产风险平价指数,中证MARP,CSI Multi Asset Risk Parity Index,CSI MARP,,,,1912.61,,,0.0,0.0,5.0,,2020-07-10
2020-07-13,930929,中证多资产风险平价指数,中证MARP,CSI Multi Asset Risk Parity Index,CSI MARP,,,,1915.28,,,0.0,0.0,5.0,,2020-07-13
2020-07-14,930929,中证多资产风险平价指数,中证MARP,CSI Multi Asset Risk Parity Index,CSI MARP,,,,1912.76,,,0.0,0.0,5.0,,2020-07-14
2020-07-15,930929,中证多资产风险平价指数,中证MARP,CSI Multi Asset Risk Parity Index,CSI MARP,,,,1912.1,,,0.0,0.0,5.0,,2020-07-15
2020-07-16,930929,中证多资产风险平价指数,中证MARP,CSI Multi Asset Risk Parity Index,CSI MARP,,,,1907.54,,,0.0,0.0,5.0,,2020-07-16
2020-07-17,930929,中证多资产风险平价指数,中证MARP,CSI Multi Asset Risk Parity Index,CSI MARP,,,,1907.69,,,0.0,0.0,5.0,,2020-07-17
2020-07-20,930929,中证多资产风险平价指数,中证MARP,CSI Multi Asset Risk Parity Index,CSI MARP,,,,1912.47,,,0.0,0.0,5.0,,2020-07-20
2020-07-21,930929,中证多资产风险平价指数,中证MARP,CSI Multi Asset Risk Parity Index,CSI MARP,,,,1917.44,,,0.0,0.0,5.0,,2020-07-21
2020-07-22,930929,中证多资产风险平价指数,中证MARP,CSI Multi Asset Risk Parity Index,CSI MARP,,,,1922.67,,,0.0,0.0,5.0,,2020-07-22
2020-07-23,930929,中证多资产风险平价指数,中证MARP,CSI Multi Asset Risk Parity Index,CSI MARP,,,,1925.01,,,0.0,0.0,5.0,,2020-07-23
2020-07-24,930929,中证多资产风险平价指数,中证MARP,CSI Multi Asset Risk Parity Index,CSI MARP,,,,1921.76,,,0.0,0.0,5.0,,2020-07-24
2020-07-27,930929,中证多资产风险平价指数,中证MARP,CSI Multi Asset Risk Parity Index,CSI MARP,,,,1925.45,,,0.0,0.0,5.0,,2020-07-27
2020-07-28,930929,中证多资产风险平价指数,中证MARP,CSI Multi Asset Risk Parity Index,CSI MARP,,,,1926.24,,,0.0,0.0,5.0,,2020-07-28
2020-07-29,930929,中证多资产风险平价指数,中证MARP,CSI Multi Asset Risk Parity Index,CSI MARP,,,,1928.71,,,0.0,0.0,5.0,,2020-07-29
2020-07-30,930929,中证多资产风险平价指数,中证MARP,CSI Multi Asset Risk Parity Index,CSI MARP,,,,1926.18,,,0.0,0.0,5.0,,2020-07-30
2020-07-31,930929,中证多资产风险平价指数,中证MARP,CSI Multi Asset Risk Parity Index,CSI MARP,,,,1927.92,,,0.0,0.0,5.0,,2020-07-31
2020-08-03,930929,中证多资产风险平价指数,中证MARP,CSI Multi Asset Risk Parity Index,CSI MARP,,,,1929.95,,,0.0,0.0,5.0,,2020-08-03
2020-08-04,930929,中证多资产风险平价指数,中证MARP,CSI Multi Asset Risk Parity Index,CSI MARP,,,,1930.01,,,0.0,0.0,5.0,,2020-08-04
2020-08-05,930929,中证多资产风险平价指数,中证MARP,CSI Multi Asset Risk Parity Index,CSI MARP,,,,1933.32,,,0.0,0.0,5.0,,2020-08-05
2020-08-06,930929,中证多资产风险平价指数,中证MARP,CSI Multi Asset Risk Parity Index,CSI MARP,,,,1933.03,,,0.0,0.0,5.0,,2020-08-06
2020-08-07,930929,中证多资产风险平价指数,中证MARP,CSI Multi Asset Risk Parity Index,CSI MARP,,,,1931.35,,,0.0,0.0,5.0,,2020-08-07
2020-08-10,930929,中证多资产风险平价指数,中证MARP,CSI Multi Asset Risk Parity Index,CSI MARP,,,,1932.04,,,0.0,0.0,5.0,,2020-08-10
2020-08-11,930929,中证多资产风险平价指数,中证MARP,CSI Multi Asset Risk Parity Index,CSI MARP,,,,1928.23,,,0.0,0.0,5.0,,2020-08-11
2020-08-12,930929,中证多资产风险平价指数,中证MARP,CSI Multi Asset Risk Parity Index,CSI MARP,,,,1920.4,,,0.0,0.0,5.0,,2020-08-12
2020-08-13,930929,中证多资产风险平价指数,中证MARP,CSI Multi Asset Risk Parity Index,CSI MARP,,,,1922.59,,,0.0,0.0,5.0,,2020-08-13
2020-08-14,930929,中证多资产风险平价指数,中证MARP,CSI Multi Asset Risk Parity Index,CSI MARP,,,,1925.86,,,0.0,0.0,5.0,,2020-08-14
2020-08-17,930929,中证多资产风险平价指数,中证MARP,CSI Multi Asset Risk Parity Index,CSI MARP,,,,1931.21,,,0.0,0.0,5.0,,2020-08-17
2020-08-18,930929,中证多资产风险平价指数,中证MARP,CSI Multi Asset Risk Parity Index,CSI MARP,,,,1934.69,,,0.0,0.0,5.0,,2020-08-18
2020-08-19,930929,中证多资产风险平价指数,中证MARP,CSI Multi Asset Risk Parity Index,CSI MARP,,,,1930.56,,,0.0,0.0,5.0,,2020-08-19
2020-08-20,930929,中证多资产风险平价指数,中证MARP,CSI Multi Asset Risk Parity Index,CSI MARP,,,,1925.43,,,0.0,0.0,5.0,,2020-08-20
2020-08-21,930929,中证多资产风险平价指数,中证MARP,CSI Multi Asset Risk Parity Index,CSI MARP,,,,1925.23,,,0.0,0.0,5.0,,2020-08-21
2020-08-24,930929,中证多资产风险平价指数,中证MARP,CSI Multi Asset Risk Parity Index,CSI MARP,,,,1926.74,,,0.0,0.0,5.0,,2020-08-24
2020-08-25,930929,中证多资产风险平价指数,中证MARP,CSI Multi Asset Risk Parity Index,CSI MARP,,,,1925.3,,,0.0,0.0,5.0,,2020-08-25
2020-08-26,930929,中证多资产风险平价指数,中证MARP,CSI Multi Asset Risk Parity Index,CSI MARP,,,,1921.0,,,0.0,0.0,5.0,,2020-08-26
2020-08-27,930929,中证多资产风险平价指数,中证MARP,CSI Multi Asset Risk Parity Index,CSI MARP,,,,1922.51,,,0.0,0.0,5.0,,2020-08-27
2020-08-28,930929,中证多资产风险平价指数,中证MARP,CSI Multi Asset Risk Parity Index,CSI MARP,,,,1924.34,,,0.0,0.0,5.0,,2020-08-28
2020-08-31,930929,中证多资产风险平价指数,中证MARP,CSI Multi Asset Risk Parity Index,CSI MARP,,,,1924.22,,,0.0,0.0,5.0,,2020-08-31
2020-09-01,930929,中证多资产风险平价指数,中证MARP,CSI Multi Asset Risk Parity Index,CSI MARP,,,,1926.83,,,0.0,0.0,5.0,,2020-09-01
2020-09-02,930929,中证多资产风险平价指数,中证MARP,CSI Multi Asset Risk Parity Index,CSI MARP,,,,1924.21,,,0.0,0.0,5.0,,2020-09-02
2020-09-03,930929,中证多资产风险平价指数,中证MARP,CSI Multi Asset Risk Parity Index,CSI MARP,,,,1920.29,,,0.0,0.0,5.0,,2020-09-03
2020-09-04,930929,中证多资产风险平价指数,中证MARP,CSI Multi Asset Risk Parity Index,CSI MARP,,,,1918.55,,,0.0,0.0,5.0,,2020-09-04
2020-09-07,930929,中证多资产风险平价指数,中证MARP,CSI Multi Asset Risk Parity Index,CSI MARP,,,,1915.04,,,0.0,0.0,5.0,,2020-09-07
2020-09-08,930929,中证多资产风险平价指数,中证MARP,CSI Multi Asset Risk Parity Index,CSI MARP,,,,1916.25,,,0.0,0.0,5.0,,2020-09-08
2020-09-09,930929,中证多资产风险平价指数,中证MARP,CSI Multi Asset Risk Parity Index,CSI MARP,,,,1913.81,,,0.0,0.0,5.0,,2020-09-09
2020-09-10,930929,中证多资产风险平价指数,中证MARP,CSI Multi Asset Risk Parity Index,CSI MARP,,,,1914.74,,,0.0,0.0,5.0,,2020-09-10
2020-09-11,930929,中证多资产风险平价指数,中证MARP,CSI Multi Asset Risk Parity Index,CSI MARP,,,,1916.09,,,0.0,0.0,5.0,,2020-09-11
2020-09-14,930929,中证多资产风险平价指数,中证MARP,CSI Multi Asset Risk Parity Index,CSI MARP,,,,1916.63,,,0.0,0.0,5.0,,2020-09-14
2020-09-15,930929,中证多资产风险平价指数,中证MARP,CSI Multi Asset Risk Parity Index,CSI MARP,,,,1918.62,,,0.0,0.0,5.0,,2020-09-15
2020-09-16,930929,中证多资产风险平价指数,中证MARP,CSI Multi Asset Risk Parity Index,CSI MARP,,,,1918.85,,,0.0,0.0,5.0,,2020-09-16
2020-09-17,930929,中证多资产风险平价指数,中证MARP,CSI Multi Asset Risk Parity Index,CSI MARP,,,,1918.4,,,0.0,0.0,5.0,,2020-09-17
2020-09-18,930929,中证多资产风险平价指数,中证MARP,CSI Multi Asset Risk Parity Index,CSI MARP,,,,1922.01,,,0.0,0.0,5.0,,2020-09-18
2020-09-21,930929,中证多资产风险平价指数,中证MARP,CSI Multi Asset Risk Parity Index,CSI MARP,,,,1922.44,,,0.0,0.0,5.0,,2020-09-21
2020-09-22,930929,中证多资产风险平价指数,中证MARP,CSI Multi Asset Risk Parity Index,CSI MARP,,,,1919.03,,,0.0,0.0,5.0,,2020-09-22
2020-09-23,930929,中证多资产风险平价指数,中证MARP,CSI Multi Asset Risk Parity Index,CSI MARP,,,,1918.39,,,0.0,0.0,5.0,,2020-09-23
2020-09-24,930929,中证多资产风险平价指数,中证MARP,CSI Multi Asset Risk Parity Index,CSI MARP,,,,1914.53,,,0.0,0.0,5.0,,2020-09-24
2020-09-25,930929,中证多资产风险平价指数,中证MARP,CSI Multi Asset Risk Parity Index,CSI MARP,,,,1914.96,,,0.0,0.0,5.0,,2020-09-25
2020-09-28,930929,中证多资产风险平价指数,中证MARP,CSI Multi Asset Risk Parity Index,CSI MARP,,,,1914.65,,,0.0,0.0,5.0,,2020-09-28
2020-09-29,930929,中证多资产风险平价指数,中证MARP,CSI Multi Asset Risk Parity Index,CSI MARP,,,,1916.66,,,0.0,0.0,5.0,,2020-09-29
2020-09-30,930929,中证多资产风险平价指数,中证MARP,CSI Multi Asset Risk Parity Index,CSI MARP,,,,1915.82,,,0.0,0.0,5.0,,2020-09-30
2020-10-09,930929,中证多资产风险平价指数,中证MARP,CSI Multi Asset Risk Parity Index,CSI MARP,,,,1917.96,,,0.0,0.0,5.0,,2020-10-09
2020-10-12,930929,中证多资产风险平价指数,中证MARP,CSI Multi Asset Risk Parity Index,CSI MARP,,,,1922.3,,,0.0,0.0,5.0,,2020-10-12
2020-10-13,930929,中证多资产风险平价指数,中证MARP,CSI Multi Asset Risk Parity Index,CSI MARP,,,,1922.66,,,0.0,0.0,5.0,,2020-10-13
2020-10-14,930929,中证多资产风险平价指数,中证MARP,CSI Multi Asset Risk Parity Index,CSI MARP,,,,1920.33,,,0.0,0.0,5.0,,2020-10-14
2020-10-15,930929,中证多资产风险平价指数,中证MARP,CSI Multi Asset Risk Parity Index,CSI MARP,,,,1919.55,,,0.0,0.0,5.0,,2020-10-15
2020-10-16,930929,中证多资产风险平价指数,中证MARP,CSI Multi Asset Risk Parity Index,CSI MARP,,,,1919.53,,,0.0,0.0,5.0,,2020-10-16
2020-10-19,930929,中证多资产风险平价指数,中证MARP,CSI Multi Asset Risk Parity Index,CSI MARP,,,,1919.19,,,0.0,0.0,5.0,,2020-10-19
2020-10-20,930929,中证多资产风险平价指数,中证MARP,CSI Multi Asset Risk Parity Index,CSI MARP,,,,1920.76,,,0.0,0.0,5.0,,2020-10-20
2020-10-21,930929,中证多资产风险平价指数,中证MARP,CSI Multi Asset Risk Parity Index,CSI MARP,,,,1921.27,,,0.0,0.0,5.0,,2020-10-21
2020-10-22,930929,中证多资产风险平价指数,中证MARP,CSI Multi Asset Risk Parity Index,CSI MARP,,,,1922.21,,,0.0,0.0,5.0,,2020-10-22
2020-10-23,930929,中证多资产风险平价指数,中证MARP,CSI Multi Asset Risk Parity Index,CSI MARP,,,,1920.85,,,0.0,0.0,5.0,,2020-10-23
2020-10-26,930929,中证多资产风险平价指数,中证MARP,CSI Multi Asset Risk Parity Index,CSI MARP,,,,1920.3,,,0.0,0.0,5.0,,2020-10-26
2020-10-27,930929,中证多资产风险平价指数,中证MARP,CSI Multi Asset Risk Parity Index,CSI MARP,,,,1921.56,,,0.0,0.0,5.0,,2020-10-27
2020-10-28,930929,中证多资产风险平价指数,中证MARP,CSI Multi Asset Risk Parity Index,CSI MARP,,,,1922.83,,,0.0,0.0,5.0,,2020-10-28
2020-10-29,930929,中证多资产风险平价指数,中证MARP,CSI Multi Asset Risk Parity Index,CSI MARP,,,,1921.76,,,0.0,0.0,5.0,,2020-10-29
2020-10-30,930929,中证多资产风险平价指数,中证MARP,CSI Multi Asset Risk Parity Index,CSI MARP,,,,1919.24,,,0.0,0.0,5.0,,2020-10-30
2020-11-02,930929,中证多资产风险平价指数,中证MARP,CSI Multi Asset Risk Parity Index,CSI MARP,,,,1921.65,,,0.0,0.0,5.0,,2020-11-02
2020-11-03,930929,中证多资产风险平价指数,中证MARP,CSI Multi Asset Risk Parity Index,CSI MARP,,,,1924.24,,,0.0,0.0,5.0,,2020-11-03
2020-11-04,930929,中证多资产风险平价指数,中证MARP,CSI Multi Asset Risk Parity Index,CSI MARP,,,,1925.61,,,0.0,0.0,5.0,,2020-11-04
2020-11-05,930929,中证多资产风险平价指数,中证MARP,CSI Multi Asset Risk Parity Index,CSI MARP,,,,1927.97,,,0.0,0.0,5.0,,2020-11-05
2020-11-06,930929,中证多资产风险平价指数,中证MARP,CSI Multi Asset Risk Parity Index,CSI MARP,,,,1928.21,,,0.0,0.0,5.0,,2020-11-06
2020-11-09,930929,中证多资产风险平价指数,中证MARP,CSI Multi Asset Risk Parity Index,CSI MARP,,,,1930.44,,,0.0,0.0,5.0,,2020-11-09
2020-11-10,930929,中证多资产风险平价指数,中证MARP,CSI Multi Asset Risk Parity Index,CSI MARP,,,,1926.34,,,0.0,0.0,5.0,,2020-11-10
2020-11-11,930929,中证多资产风险平价指数,中证MARP,CSI Multi Asset Risk Parity Index,CSI MARP,,,,1924.23,,,0.0,0.0,5.0,,2020-11-11
2020-11-12,930929,中证多资产风险平价指数,中证MARP,CSI Multi Asset Risk Parity Index,CSI MARP,,,,1923.79,,,0.0,0.0,5.0,,2020-11-12
2020-11-13,930929,中证多资产风险平价指数,中证MARP,CSI Multi Asset Risk Parity Index,CSI MARP,,,,1921.71,,,0.0,0.0,5.0,,2020-11-13
2020-11-16,930929,中证多资产风险平价指数,中证MARP,CSI Multi Asset Risk Parity Index,CSI MARP,,,,1922.59,,,0.0,0.0,5.0,,2020-11-16
2020-11-17,930929,中证多资产风险平价指数,中证MARP,CSI Multi Asset Risk Parity Index,CSI MARP,,,,1920.46,,,0.0,0.0,5.0,,2020-11-17
2020-11-18,930929,中证多资产风险平价指数,中证MARP,CSI Multi Asset Risk Parity Index,CSI MARP,,,,1918.35,,,0.0,0.0,5.0,,2020-11-18
2020-11-19,930929,中证多资产风险平价指数,中证MARP,CSI Multi Asset Risk Parity Index,CSI MARP,,,,1917.08,,,0.0,0.0,5.0,,2020-11-19
2020-11-20,930929,中证多资产风险平价指数,中证MARP,CSI Multi Asset Risk Parity Index,CSI MARP,,,,1916.72,,,0.0,0.0,5.0,,2020-11-20
2020-11-23,930929,中证多资产风险平价指数,中证MARP,CSI Multi Asset Risk Parity Index,CSI MARP,,,,1918.53,,,0.0,0.0,5.0,,2020-11-23
2020-11-24,930929,中证多资产风险平价指数,中证MARP,CSI Multi Asset Risk Parity Index,CSI MARP,,,,1915.32,,,0.0,0.0,5.0,,2020-11-24
2020-11-25,930929,中证多资产风险平价指数,中证MARP,CSI Multi Asset Risk Parity Index,CSI MARP,,,,1912.37,,,0.0,0.0,5.0,,2020-11-25
2020-11-26,930929,中证多资产风险平价指数,中证MARP,CSI Multi Asset Risk Parity Index,CSI MARP,,,,1913.02,,,0.0,0.0,5.0,,2020-11-26
2020-11-27,930929,中证多资产风险平价指数,中证MARP,CSI Multi Asset Risk Parity Index,CSI MARP,,,,1914.21,,,0.0,0.0,5.0,,2020-11-27
2020-11-30,930929,中证多资产风险平价指数,中证MARP,CSI Multi Asset Risk Parity Index,CSI MARP,,,,1913.38,,,0.0,0.0,5.0,,2020-11-30
2020-12-01,930929,中证多资产风险平价指数,中证MARP,CSI Multi Asset Risk Parity Index,CSI MARP,,,,1916.29,,,0.0,0.0,5.0,,2020-12-01
2020-12-02,930929,中证多资产风险平价指数,中证MARP,CSI Multi Asset Risk Parity Index,CSI MARP,,,,1917.99,,,0.0,0.0,5.0,,2020-12-02
2020-12-03,930929,中证多资产风险平价指数,中证MARP,CSI Multi Asset Risk Parity Index,CSI MARP,,,,1919.25,,,0.0,0.0,5.0,,2020-12-03
2020-12-04,930929,中证多资产风险平价指数,中证MARP,CSI Multi Asset Risk Parity Index,CSI MARP,,,,1920.46,,,0.0,0.0,5.0,,2020-12-04
2020-12-07,930929,中证多资产风险平价指数,中证MARP,CSI Multi Asset Risk Parity Index,CSI MARP,,,,1919.63,,,0.0,0.0,5.0,,2020-12-07
2020-12-08,930929,中证多资产风险平价指数,中证MARP,CSI Multi Asset Risk Parity Index,CSI MARP,,,,1921.61,,,0.0,0.0,5.0,,2020-12-08
2020-12-09,930929,中证多资产风险平价指数,中证MARP,CSI Multi Asset Risk Parity Index,CSI MARP,,,,1919.05,,,0.0,0.0,5.0,,2020-12-09
2020-12-10,930929,中证多资产风险平价指数,中证MARP,CSI Multi Asset Risk Parity Index,CSI MARP,,,,1918.65,,,0.0,0.0,5.0,,2020-12-10
2020-12-11,930929,中证多资产风险平价指数,中证MARP,CSI Multi Asset Risk Parity Index,CSI MARP,,,,1916.1,,,0.0,0.0,5.0,,2020-12-11
2020-12-14,930929,中证多资产风险平价指数,中证MARP,CSI Multi Asset Risk Parity Index,CSI MARP,,,,1917.43,,,0.0,0.0,5.0,,2020-12-14
2020-12-15,930929,中证多资产风险平价指数,中证MARP,CSI Multi Asset Risk Parity Index,CSI MARP,,,,1919.58,,,0.0,0.0,5.0,,2020-12-15
2020-12-16,930929,中证多资产风险平价指数,中证MARP,CSI Multi Asset Risk Parity Index,CSI MARP,,,,1921.41,,,0.0,0.0,5.0,,2020-12-16
2020-12-17,930929,中证多资产风险平价指数,中证MARP,CSI Multi Asset Risk Parity Index,CSI MARP,,,,1923.27,,,0.0,0.0,5.0,,2020-12-17
2020-12-18,930929,中证多资产风险平价指数,中证MARP,CSI Multi Asset Risk Parity Index,CSI MARP,,,,1923.26,,,0.0,0.0,5.0,,2020-12-18
2020-12-21,930929,中证多资产风险平价指数,中证MARP,CSI Multi Asset Risk Parity Index,CSI MARP,,,,1927.8,,,0.0,0.0,5.0,,2020-12-21
2020-12-22,930929,中证多资产风险平价指数,中证MARP,CSI Multi Asset Risk Parity Index,CSI MARP,,,,1925.97,,,0.0,0.0,5.0,,2020-12-22
2020-12-23,930929,中证多资产风险平价指数,中证MARP,CSI Multi Asset Risk Parity Index,CSI MARP,,,,1927.5,,,0.0,0.0,5.0,,2020-12-23
2020-12-24,930929,中证多资产风险平价指数,中证MARP,CSI Multi Asset Risk Parity Index,CSI MARP,,,,1926.55,,,0.0,0.0,5.0,,2020-12-24
2020-12-25,930929,中证多资产风险平价指数,中证MARP,CSI Multi Asset Risk Parity Index,CSI MARP,,,,1929.69,,,0.0,0.0,5.0,,2020-12-25
2020-12-28,930929,中证多资产风险平价指数,中证MARP,CSI Multi Asset Risk Parity Index,CSI MARP,,,,1930.72,,,0.0,0.0,5.0,,2020-12-28
2020-12-29,930929,中证多资产风险平价指数,中证MARP,CSI Multi Asset Risk Parity Index,CSI MARP,,,,1930.11,,,0.0,0.0,5.0,,2020-12-29
2020-12-30,930929,中证多资产风险平价指数,中证MARP,CSI Multi Asset Risk Parity Index,CSI MARP,,,,1932.95,,,0.0,0.0,5.0,,2020-12-30
2020-12-31,930929,中证多资产风险平价指数,中证MARP,CSI Multi Asset Risk Parity Index,CSI MARP,,,,1935.78,,,0.0,0.0,5.0,,2020-12-31
2021-01-04,930929,中证多资产风险平价指数,中证MARP,CSI Multi Asset Risk Parity Index,CSI MARP,,,,1939.43,,,0.0,0.0,5.0,,2021-01-04
2021-01-05,930929,中证多资产风险平价指数,中证MARP,CSI Multi Asset Risk Parity Index,CSI MARP,,,,1942.32,,,0.0,0.0,5.0,,2021-01-05
2021-01-06,930929,中证多资产风险平价指数,中证MARP,CSI Multi Asset Risk Parity Index,CSI MARP,,,,1944.07,,,0.0,0.0,5.0,,2021-01-06
2021-01-07,930929,中证多资产风险平价指数,中证MARP,CSI Multi Asset Risk Parity Index,CSI MARP,,,,1946.26,,,0.0,0.0,5.0,,2021-01-07
2021-01-08,930929,中证多资产风险平价指数,中证MARP,CSI Multi Asset Risk Parity Index,CSI MARP,,,,1946.02,,,0.0,0.0,5.0,,2021-01-08
2021-01-11,930929,中证多资产风险平价指数,中证MARP,CSI Multi Asset Risk Parity Index,CSI MARP,,,,1940.73,,,0.0,0.0,5.0,,2021-01-11
2021-01-12,930929,中证多资产风险平价指数,中证MARP,CSI Multi Asset Risk Parity Index,CSI MARP,,,,1945.66,,,0.0,0.0,5.0,,2021-01-12
2021-01-13,930929,中证多资产风险平价指数,中证MARP,CSI Multi Asset Risk Parity Index,CSI MARP,,,,1945.91,,,0.0,0.0,5.0,,2021-01-13
2021-01-14,930929,中证多资产风险平价指数,中证MARP,CSI Multi Asset Risk Parity Index,CSI MARP,,,,1944.23,,,0.0,0.0,5.0,,2021-01-14
2021-01-15,930929,中证多资产风险平价指数,中证MARP,CSI Multi Asset Risk Parity Index,CSI MARP,,,,1943.52,,,0.0,0.0,5.0,,2021-01-15
2021-01-18,930929,中证多资产风险平价指数,中证MARP,CSI Multi Asset Risk Parity Index,CSI MARP,,,,1943.68,,,0.0,0.0,5.0,,2021-01-18
2021-01-19,930929,中证多资产风险平价指数,中证MARP,CSI Multi Asset Risk Parity Index,CSI MARP,,,,1941.69,,,0.0,0.0,5.0,,2021-01-19
2021-01-20,930929,中证多资产风险平价指数,中证MARP,CSI Multi Asset Risk Parity Index,CSI MARP,,,,1943.6,,,0.0,0.0,5.0,,2021-01-20
2021-01-21,930929,中证多资产风险平价指数,中证MARP,CSI Multi Asset Risk Parity Index,CSI MARP,,,,1948.09,,,0.0,0.0,5.0,,2021-01-21
2021-01-22,930929,中证多资产风险平价指数,中证MARP,CSI Multi Asset Risk Parity Index,CSI MARP,,,,1948.01,,,0.0,0.0,5.0,,2021-01-22
2021-01-25,930929,中证多资产风险平价指数,中证MARP,CSI Multi Asset Risk Parity Index,CSI MARP,,,,1948.59,,,0.0,0.0,5.0,,2021-01-25
2021-01-26,930929,中证多资产风险平价指数,中证MARP,CSI Multi Asset Risk Parity Index,CSI MARP,,,,1944.21,,,0.0,0.0,5.0,,2021-01-26
2021-01-27,930929,中证多资产风险平价指数,中证MARP,CSI Multi Asset Risk Parity Index,CSI MARP,,,,1943.55,,,0.0,0.0,5.0,,2021-01-27
2021-01-28,930929,中证多资产风险平价指数,中证MARP,CSI Multi Asset Risk Parity Index,CSI MARP,,,,1937.79,,,0.0,0.0,5.0,,2021-01-28
2021-01-29,930929,中证多资产风险平价指数,中证MARP,CSI Multi Asset Risk Parity Index,CSI MARP,,,,1936.78,,,0.0,0.0,5.0,,2021-01-29
2021-02-01,930929,中证多资产风险平价指数,中证MARP,CSI Multi Asset Risk Parity Index,CSI MARP,,,,1940.51,,,0.0,0.0,5.0,,2021-02-01
2021-02-02,930929,中证多资产风险平价指数,中证MARP,CSI Multi Asset Risk Parity Index,CSI MARP,,,,1941.85,,,0.0,0.0,5.0,,2021-02-02
2021-02-03,930929,中证多资产风险平价指数,中证MARP,CSI Multi Asset Risk Parity Index,CSI MARP,,,,1938.93,,,0.0,0.0,5.0,,2021-02-03
2021-02-04,930929,中证多资产风险平价指数,中证MARP,CSI Multi Asset Risk Parity Index,CSI MARP,,,,1936.47,,,0.0,0.0,5.0,,2021-02-04
2021-02-05,930929,中证多资产风险平价指数,中证MARP,CSI Multi Asset Risk Parity Index,CSI MARP,,,,1933.79,,,0.0,0.0,5.0,,2021-02-05
2021-02-08,930929,中证多资产风险平价指数,中证MARP,CSI Multi Asset Risk Parity Index,CSI MARP,,,,1936.81,,,0.0,0.0,5.0,,2021-02-08
2021-02-09,930929,中证多资产风险平价指数,中证MARP,CSI Multi Asset Risk Parity Index,CSI MARP,,,,1941.36,,,0.0,0.0,5.0,,2021-02-09
2021-02-10,930929,中证多资产风险平价指数,中证MARP,CSI Multi Asset Risk Parity Index,CSI MARP,,,,1943.96,,,0.0,0.0,5.0,,2021-02-10
2021-02-18,930929,中证多资产风险平价指数,中证MARP,CSI Multi Asset Risk Parity Index,CSI MARP,,,,1940.38,,,0.0,0.0,5.0,,2021-02-18
2021-02-19,930929,中证多资产风险平价指数,中证MARP,CSI Multi Asset Risk Parity Index,CSI MARP,,,,1941.65,,,0.0,0.0,5.0,,2021-02-19
2021-02-22,930929,中证多资产风险平价指数,中证MARP,CSI Multi Asset Risk Parity Index,CSI MARP,,,,1940.32,,,0.0,0.0,5.0,,2021-02-22
2021-02-23,930929,中证多资产风险平价指数,中证MARP,CSI Multi Asset Risk Parity Index,CSI MARP,,,,1941.65,,,0.0,0.0,5.0,,2021-02-23
2021-02-24,930929,中证多资产风险平价指数,中证MARP,CSI Multi Asset Risk Parity Index,CSI MARP,,,,1939.75,,,0.0,0.0,5.0,,2021-02-24
2021-02-25,930929,中证多资产风险平价指数,中证MARP,CSI Multi Asset Risk Parity Index,CSI MARP,,,,1938.09,,,0.0,0.0,5.0,,2021-02-25
2021-02-26,930929,中证多资产风险平价指数,中证MARP,CSI Multi Asset Risk Parity Index,CSI MARP,,,,1932.81,,,0.0,0.0,5.0,,2021-02-26
2021-03-01,930929,中证多资产风险平价指数,中证MARP,CSI Multi Asset Risk Parity Index,CSI MARP,,,,1935.61,,,0.0,0.0,5.0,,2021-03-01
2021-03-02,930929,中证多资产风险平价指数,中证MARP,CSI Multi Asset Risk Parity Index,CSI MARP,,,,1933.04,,,0.0,0.0,5.0,,2021-03-02
2021-03-03,930929,中证多资产风险平价指数,中证MARP,CSI Multi Asset Risk Parity Index,CSI MARP,,,,1935.83,,,0.0,0.0,5.0,,2021-03-03
2021-03-04,930929,中证多资产风险平价指数,中证MARP,CSI Multi Asset Risk Parity Index,CSI MARP,,,,1931.36,,,0.0,0.0,5.0,,2021-03-04
2021-03-05,930929,中证多资产风险平价指数,中证MARP,CSI Multi Asset Risk Parity Index,CSI MARP,,,,1930.66,,,0.0,0.0,5.0,,2021-03-05
2021-03-08,930929,中证多资产风险平价指数,中证MARP,CSI Multi Asset Risk Parity Index,CSI MARP,,,,1929.15,,,0.0,0.0,5.0,,2021-03-08
2021-03-09,930929,中证多资产风险平价指数,中证MARP,CSI Multi Asset Risk Parity Index,CSI MARP,,,,1925.5,,,0.0,0.0,5.0,,2021-03-09
2021-03-10,930929,中证多资产风险平价指数,中证MARP,CSI Multi Asset Risk Parity Index,CSI MARP,,,,1927.13,,,0.0,0.0,5.0,,2021-03-10
2021-03-11,930929,中证多资产风险平价指数,中证MARP,CSI Multi Asset Risk Parity Index,CSI MARP,,,,1931.28,,,0.0,0.0,5.0,,2021-03-11
2021-03-12,930929,中证多资产风险平价指数,中证MARP,CSI Multi Asset Risk Parity Index,CSI MARP,,,,1930.08,,,0.0,0.0,5.0,,2021-03-12
2021-03-15,930929,中证多资产风险平价指数,中证MARP,CSI Multi Asset Risk Parity Index,CSI MARP,,,,1929.15,,,0.0,0.0,5.0,,2021-03-15
2021-03-16,930929,中证多资产风险平价指数,中证MARP,CSI Multi Asset Risk Parity Index,CSI MARP,,,,1930.7,,,0.0,0.0,5.0,,2021-03-16
2021-03-17,930929,中证多资产风险平价指数,中证MARP,CSI Multi Asset Risk Parity Index,CSI MARP,,,,1932.21,,,0.0,0.0,5.0,,2021-03-17
2021-03-18,930929,中证多资产风险平价指数,中证MARP,CSI Multi Asset Risk Parity Index,CSI MARP,,,,1933.66,,,0.0,0.0,5.0,,2021-03-18
2021-03-19,930929,中证多资产风险平价指数,中证MARP,CSI Multi Asset Risk Parity Index,CSI MARP,,,,1931.62,,,0.0,0.0,5.0,,2021-03-19
2021-03-22,930929,中证多资产风险平价指数,中证MARP,CSI Multi Asset Risk Parity Index,CSI MARP,,,,1933.31,,,0.0,0.0,5.0,,2021-03-22
2021-03-23,930929,中证多资产风险平价指数,中证MARP,CSI Multi Asset Risk Parity Index,CSI MARP,,,,1932.43,,,0.0,0.0,5.0,,2021-03-23
2021-03-24,930929,中证多资产风险平价指数,中证MARP,CSI Multi Asset Risk Parity Index,CSI MARP,,,,1931.81,,,0.0,0.0,5.0,,2021-03-24
2021-03-25,930929,中证多资产风险平价指数,中证MARP,CSI Multi Asset Risk Parity Index,CSI MARP,,,,1932.6,,,0.0,0.0,5.0,,2021-03-25
2021-03-26,930929,中证多资产风险平价指数,中证MARP,CSI Multi Asset Risk Parity Index,CSI MARP,,,,1934.96,,,0.0,0.0,5.0,,2021-03-26
2021-03-29,930929,中证多资产风险平价指数,中证MARP,CSI Multi Asset Risk Parity Index,CSI MARP,,,,1935.48,,,0.0,0.0,5.0,,2021-03-29
2021-03-30,930929,中证多资产风险平价指数,中证MARP,CSI Multi Asset Risk Parity Index,CSI MARP,,,,1935.24,,,0.0,0.0,5.0,,2021-03-30
2021-03-31,930929,中证多资产风险平价指数,中证MARP,CSI Multi Asset Risk Parity Index,CSI MARP,,,,1933.64,,,0.0,0.0,5.0,,2021-03-31
2021-04-01,930929,中证多资产风险平价指数,中证MARP,CSI Multi Asset Risk Parity Index,CSI MARP,,,,1937.49,,,0.0,0.0,5.0,,2021-04-01
2021-04-02,930929,中证多资产风险平价指数,中证MARP,CSI Multi Asset Risk Parity Index,CSI MARP,,,,1940.11,,,0.0,0.0,5.0,,2021-04-02
2021-04-06,930929,中证多资产风险平价指数,中证MARP,CSI Multi Asset Risk Parity Index,CSI MARP,,,,1939.29,,,0.0,0.0,5.0,,2021-04-06
2021-04-07,930929,中证多资产风险平价指数,中证MARP,CSI Multi Asset Risk Parity Index,CSI MARP,,,,1939.34,,,0.0,0.0,5.0,,2021-04-07
2021-04-08,930929,中证多资产风险平价指数,中证MARP,CSI Multi Asset Risk Parity Index,CSI MARP,,,,1939.67,,,0.0,0.0,5.0,,2021-04-08
2021-04-09,930929,中证多资产风险平价指数,中证MARP,CSI Multi Asset Risk Parity Index,CSI MARP,,,,1939.61,,,0.0,0.0,5.0,,2021-04-09
2021-04-12,930929,中证多资产风险平价指数,中证MARP,CSI Multi Asset Risk Parity Index,CSI MARP,,,,1937.88,,,0.0,0.0,5.0,,2021-04-12
2021-04-13,930929,中证多资产风险平价指数,中证MARP,CSI Multi Asset Risk Parity Index,CSI MARP,,,,1938.3,,,0.0,0.0,5.0,,2021-04-13
2021-04-14,930929,中证多资产风险平价指数,中证MARP,CSI Multi Asset Risk Parity Index,CSI MARP,,,,1941.07,,,0.0,0.0,5.0,,2021-04-14
2021-04-15,930929,中证多资产风险平价指数,中证MARP,CSI Multi Asset Risk Parity Index,CSI MARP,,,,1941.01,,,0.0,0.0,5.0,,2021-04-15
2021-04-16,930929,中证多资产风险平价指数,中证MARP,CSI Multi Asset Risk Parity Index,CSI MARP,,,,1942.71,,,0.0,0.0,5.0,,2021-04-16
2021-04-19,930929,中证多资产风险平价指数,中证MARP,CSI Multi Asset Risk Parity Index,CSI MARP,,,,1947.02,,,0.0,0.0,5.0,,2021-04-19
2021-04-20,930929,中证多资产风险平价指数,中证MARP,CSI Multi Asset Risk Parity Index,CSI MARP,,,,1947.05,,,0.0,0.0,5.0,,2021-04-20
2021-04-21,930929,中证多资产风险平价指数,中证MARP,CSI Multi Asset Risk Parity Index,CSI MARP,,,,1949.04,,,0.0,0.0,5.0,,2021-04-21
2021-04-22,930929,中证多资产风险平价指数,中证MARP,CSI Multi Asset Risk Parity Index,CSI MARP,,,,1949.43,,,0.0,0.0,5.0,,2021-04-22
2021-04-23,930929,中证多资产风险平价指数,中证MARP,CSI Multi Asset Risk Parity Index,CSI MARP,,,,1950.24,,,0.0,0.0,5.0,,2021-04-23
2021-04-26,930929,中证多资产风险平价指数,中证MARP,CSI Multi Asset Risk Parity Index,CSI MARP,,,,1948.06,,,0.0,0.0,5.0,,2021-04-26
2021-04-27,930929,中证多资产风险平价指数,中证MARP,CSI Multi Asset Risk Parity Index,CSI MARP,,,,1948.03,,,0.0,0.0,5.0,,2021-04-27
2021-04-28,930929,中证多资产风险平价指数,中证MARP,CSI Multi Asset Risk Parity Index,CSI MARP,,,,1948.75,,,0.0,0.0,5.0,,2021-04-28
2021-04-29,930929,中证多资产风险平价指数,中证MARP,CSI Multi Asset Risk Parity Index,CSI MARP,,,,1950.25,,,0.0,0.0,5.0,,2021-04-29
2021-04-30,930929,中证多资产风险平价指数,中证MARP,CSI Multi Asset Risk Parity Index,CSI MARP,,,,1950.21,,,0.0,0.0,5.0,,2021-04-30
2021-05-06,930929,中证多资产风险平价指数,中证MARP,CSI Multi Asset Risk Parity Index,CSI MARP,,,,1952.27,,,0.0,0.0,5.0,,2021-05-06
2021-05-07,930929,中证多资产风险平价指数,中证MARP,CSI Multi Asset Risk Parity Index,CSI MARP,,,,1953.05,,,0.0,0.0,5.0,,2021-05-07
2021-05-10,930929,中证多资产风险平价指数,中证MARP,CSI Multi Asset Risk Parity Index,CSI MARP,,,,1954.52,,,0.0,0.0,5.0,,2021-05-10
2021-05-11,930929,中证多资产风险平价指数,中证MARP,CSI Multi Asset Risk Parity Index,CSI MARP,,,,1955.81,,,0.0,0.0,5.0,,2021-05-11
2021-05-12,930929,中证多资产风险平价指数,中证MARP,CSI Multi Asset Risk Parity Index,CSI MARP,,,,1957.57,,,0.0,0.0,5.0,,2021-05-12
2021-05-13,930929,中证多资产风险平价指数,中证MARP,CSI Multi Asset Risk Parity Index,CSI MARP,,,,1955.36,,,0.0,0.0,5.0,,2021-05-13
2021-05-14,930929,中证多资产风险平价指数,中证MARP,CSI Multi Asset Risk Parity Index,CSI MARP,,,,1959.14,,,0.0,0.0,5.0,,2021-05-14
2021-05-17,930929,中证多资产风险平价指数,中证MARP,CSI Multi Asset Risk Parity Index,CSI MARP,,,,1962.11,,,0.0,0.0,5.0,,2021-05-17
2021-05-18,930929,中证多资产风险平价指数,中证MARP,CSI Multi Asset Risk Parity Index,CSI MARP,,,,1963.08,,,0.0,0.0,5.0,,2021-05-18
2021-05-19,930929,中证多资产风险平价指数,中证MARP,CSI Multi Asset Risk Parity Index,CSI MARP,,,,1964.17,,,0.0,0.0,5.0,,2021-05-19
2021-05-20,930929,中证多资产风险平价指数,中证MARP,CSI Multi Asset Risk Parity Index,CSI MARP,,,,1965.18,,,0.0,0.0,5.0,,2021-05-20
2021-05-21,930929,中证多资产风险平价指数,中证MARP,CSI Multi Asset Risk Parity Index,CSI MARP,,,,1965.59,,,0.0,0.0,5.0,,2021-05-21
2021-05-24,930929,中证多资产风险平价指数,中证MARP,CSI Multi Asset Risk Parity Index,CSI MARP,,,,1966.97,,,0.0,0.0,5.0,,2021-05-24
2021-05-25,930929,中证多资产风险平价指数,中证MARP,CSI Multi Asset Risk Parity Index,CSI MARP,,,,1969.54,,,0.0,0.0,5.0,,2021-05-25
2021-05-26,930929,中证多资产风险平价指数,中证MARP,CSI Multi Asset Risk Parity Index,CSI MARP,,,,1971.75,,,0.0,0.0,5.0,,2021-05-26
2021-05-27,930929,中证多资产风险平价指数,中证MARP,CSI Multi Asset Risk Parity Index,CSI MARP,,,,1971.42,,,0.0,0.0,5.0,,2021-05-27
2021-05-28,930929,中证多资产风险平价指数,中证MARP,CSI Multi Asset Risk Parity Index,CSI MARP,,,,1969.94,,,0.0,0.0,5.0,,2021-05-28
2021-05-31,930929,中证多资产风险平价指数,中证MARP,CSI Multi Asset Risk Parity Index,CSI MARP,,,,1971.96,,,0.0,0.0,5.0,,2021-05-31
2021-06-01,930929,中证多资产风险平价指数,中证MARP,CSI Multi Asset Risk Parity Index,CSI MARP,,,,1973.68,,,0.0,0.0,5.0,,2021-06-01
2021-06-02,930929,中证多资产风险平价指数,中证MARP,CSI Multi Asset Risk Parity Index,CSI MARP,,,,1970.25,,,0.0,0.0,5.0,,2021-06-02
2021-06-03,930929,中证多资产风险平价指数,中证MARP,CSI Multi Asset Risk Parity Index,CSI MARP,,,,1969.22,,,0.0,0.0,5.0,,2021-06-03
2021-06-04,930929,中证多资产风险平价指数,中证MARP,CSI Multi Asset Risk Parity Index,CSI MARP,,,,1967.88,,,0.0,0.0,5.0,,2021-06-04
2021-06-07,930929,中证多资产风险平价指数,中证MARP,CSI Multi Asset Risk Parity Index,CSI MARP,,,,1967.28,,,0.0,0.0,5.0,,2021-06-07
2021-06-08,930929,中证多资产风险平价指数,中证MARP,CSI Multi Asset Risk Parity Index,CSI MARP,,,,1966.47,,,0.0,0.0,5.0,,2021-06-08
2021-06-09,930929,中证多资产风险平价指数,中证MARP,CSI Multi Asset Risk Parity Index,CSI MARP,,,,1966.36,,,0.0,0.0,5.0,,2021-06-09
2021-06-10,930929,中证多资产风险平价指数,中证MARP,CSI Multi Asset Risk Parity Index,CSI MARP,,,,1967.74,,,0.0,0.0,5.0,,2021-06-10
2021-06-11,930929,中证多资产风险平价指数,中证MARP,CSI Multi Asset Risk Parity Index,CSI MARP,,,,1967.48,,,0.0,0.0,5.0,,2021-06-11
2021-06-15,930929,中证多资产风险平价指数,中证MARP,CSI Multi Asset Risk Parity Index,CSI MARP,,,,1964.95,,,0.0,0.0,5.0,,2021-06-15
2021-06-16,930929,中证多资产风险平价指数,中证MARP,CSI Multi Asset Risk Parity Index,CSI MARP,,,,1963.49,,,0.0,0.0,5.0,,2021-06-16
2021-06-17,930929,中证多资产风险平价指数,中证MARP,CSI Multi Asset Risk Parity Index,CSI MARP,,,,1961.93,,,0.0,0.0,5.0,,2021-06-17
2021-06-18,930929,中证多资产风险平价指数,中证MARP,CSI Multi Asset Risk Parity Index,CSI MARP,,,,1961.19,,,0.0,0.0,5.0,,2021-06-18
2021-06-21,930929,中证多资产风险平价指数,中证MARP,CSI Multi Asset Risk Parity Index,CSI MARP,,,,1963.24,,,0.0,0.0,5.0,,2021-06-21
2021-06-22,930929,中证多资产风险平价指数,中证MARP,CSI Multi Asset Risk Parity Index,CSI MARP,,,,1964.12,,,0.0,0.0,5.0,,2021-06-22
2021-06-23,930929,中证多资产风险平价指数,中证MARP,CSI Multi Asset Risk Parity Index,CSI MARP,,,,1965.48,,,0.0,0.0,5.0,,2021-06-23
2021-06-24,930929,中证多资产风险平价指数,中证MARP,CSI Multi Asset Risk Parity Index,CSI MARP,,,,1965.55,,,0.0,0.0,5.0,,2021-06-24
2021-06-25,930929,中证多资产风险平价指数,中证MARP,CSI Multi Asset Risk Parity Index,CSI MARP,,,,1967.04,,,0.0,0.0,5.0,,2021-06-25
2021-06-28,930929,中证多资产风险平价指数,中证MARP,CSI Multi Asset Risk Parity Index,CSI MARP,,,,1968.02,,,0.0,0.0,5.0,,2021-06-28
2021-06-29,930929,中证多资产风险平价指数,中证MARP,CSI Multi Asset Risk Parity Index,CSI MARP,,,,1966.83,,,0.0,0.0,5.0,,2021-06-29
2021-06-30,930929,中证多资产风险平价指数,中证MARP,CSI Multi Asset Risk Parity Index,CSI MARP,,,,1967.28,,,0.0,0.0,5.0,,2021-06-30
2021-07-01,930929,中证多资产风险平价指数,中证MARP,CSI Multi Asset Risk Parity Index,CSI MARP,,,,1968.35,,,0.0,0.0,5.0,,2021-07-01
2021-07-02,930929,中证多资产风险平价指数,中证MARP,CSI Multi Asset Risk Parity Index,CSI MARP,,,,1967.59,,,0.0,0.0,5.0,,2021-07-02
2021-07-05,930929,中证多资产风险平价指数,中证MARP,CSI Multi Asset Risk Parity Index,CSI MARP,,,,1969.53,,,0.0,0.0,5.0,,2021-07-05
2021-07-06,930929,中证多资产风险平价指数,中证MARP,CSI Multi Asset Risk Parity Index,CSI MARP,,,,1970.88,,,0.0,0.0,5.0,,2021-07-06
2021-07-07,930929,中证多资产风险平价指数,中证MARP,CSI Multi Asset Risk Parity Index,CSI MARP,,,,1972.66,,,0.0,0.0,5.0,,2021-07-07
2021-07-08,930929,中证多资产风险平价指数,中证MARP,CSI Multi Asset Risk Parity Index,CSI MARP,,,,1976.09,,,0.0,0.0,5.0,,2021-07-08
2021-07-09,930929,中证多资产风险平价指数,中证MARP,CSI Multi Asset Risk Parity Index,CSI MARP,,,,1976.82,,,0.0,0.0,5.0,,2021-07-09
2021-07-12,930929,中证多资产风险平价指数,中证MARP,CSI Multi Asset Risk Parity Index,CSI MARP,,,,1981.16,,,0.0,0.0,5.0,,2021-07-12
2021-07-13,930929,中证多资产风险平价指数,中证MARP,CSI Multi Asset Risk Parity Index,CSI MARP,,,,1983.84,,,0.0,0.0,5.0,,2021-07-13
2021-07-14,930929,中证多资产风险平价指数,中证MARP,CSI Multi Asset Risk Parity Index,CSI MARP,,,,1984.77,,,0.0,0.0,5.0,,2021-07-14
2021-07-15,930929,中证多资产风险平价指数,中证MARP,CSI Multi Asset Risk Parity Index,CSI MARP,,,,1985.93,,,0.0,0.0,5.0,,2021-07-15
2021-07-16,930929,中证多资产风险平价指数,中证MARP,CSI Multi Asset Risk Parity Index,CSI MARP,,,,1986.52,,,0.0,0.0,5.0,,2021-07-16
2021-07-19,930929,中证多资产风险平价指数,中证MARP,CSI Multi Asset Risk Parity Index,CSI MARP,,,,1986.17,,,0.0,0.0,5.0,,2021-07-19
2021-07-20,930929,中证多资产风险平价指数,中证MARP,CSI Multi Asset Risk Parity Index,CSI MARP,,,,1987.74,,,0.0,0.0,5.0,,2021-07-20
2021-07-21,930929,中证多资产风险平价指数,中证MARP,CSI Multi Asset Risk Parity Index,CSI MARP,,,,1989.51,,,0.0,0.0,5.0,,2021-07-21
2021-07-22,930929,中证多资产风险平价指数,中证MARP,CSI Multi Asset Risk Parity Index,CSI MARP,,,,1989.75,,,0.0,0.0,5.0,,2021-07-22
2021-07-23,930929,中证多资产风险平价指数,中证MARP,CSI Multi Asset Risk Parity Index,CSI MARP,,,,1990.49,,,0.0,0.0,5.0,,2021-07-23
2021-07-26,930929,中证多资产风险平价指数,中证MARP,CSI Multi Asset Risk Parity Index,CSI MARP,,,,1990.39,,,0.0,0.0,5.0,,2021-07-26
2021-07-27,930929,中证多资产风险平价指数,中证MARP,CSI Multi Asset Risk Parity Index,CSI MARP,,,,1985.77,,,0.0,0.0,5.0,,2021-07-27
2021-07-28,930929,中证多资产风险平价指数,中证MARP,CSI Multi Asset Risk Parity Index,CSI MARP,,,,1985.82,,,0.0,0.0,5.0,,2021-07-28
2021-07-29,930929,中证多资产风险平价指数,中证MARP,CSI Multi Asset Risk Parity Index,CSI MARP,,,,1988.46,,,0.0,0.0,5.0,,2021-07-29
2021-07-30,930929,中证多资产风险平价指数,中证MARP,CSI Multi Asset Risk Parity Index,CSI MARP,,,,1990.52,,,0.0,0.0,5.0,,2021-07-30
2021-08-02,930929,中证多资产风险平价指数,中证MARP,CSI Multi Asset Risk Parity Index,CSI MARP,,,,1993.23,,,0.0,0.0,5.0,,2021-08-02
2021-08-03,930929,中证多资产风险平价指数,中证MARP,CSI Multi Asset Risk Parity Index,CSI MARP,,,,1992.44,,,0.0,0.0,5.0,,2021-08-03
2021-08-04,930929,中证多资产风险平价指数,中证MARP,CSI Multi Asset Risk Parity Index,CSI MARP,,,,1993.87,,,0.0,0.0,5.0,,2021-08-04
2021-08-05,930929,中证多资产风险平价指数,中证MARP,CSI Multi Asset Risk Parity Index,CSI MARP,,,,1994.66,,,0.0,0.0,5.0,,2021-08-05
2021-08-06,930929,中证多资产风险平价指数,中证MARP,CSI Multi Asset Risk Parity Index,CSI MARP,,,,1993.66,,,0.0,0.0,5.0,,2021-08-06
2021-08-09,930929,中证多资产风险平价指数,中证MARP,CSI Multi Asset Risk Parity Index,CSI MARP,,,,1990.36,,,0.0,0.0,5.0,,2021-08-09
2021-08-10,930929,中证多资产风险平价指数,中证MARP,CSI Multi Asset Risk Parity Index,CSI MARP,,,,1990.65,,,0.0,0.0,5.0,,2021-08-10
2021-08-11,930929,中证多资产风险平价指数,中证MARP,CSI Multi Asset Risk Parity Index,CSI MARP,,,,1989.77,,,0.0,0.0,5.0,,2021-08-11
2021-08-12,930929,中证多资产风险平价指数,中证MARP,CSI Multi Asset Risk Parity Index,CSI MARP,,,,1990.76,,,0.0,0.0,5.0,,2021-08-12
2021-08-13,930929,中证多资产风险平价指数,中证MARP,CSI Multi Asset Risk Parity Index,CSI MARP,,,,1991.07,,,0.0,0.0,5.0,,2021-08-13
2021-08-16,930929,中证多资产风险平价指数,中证MARP,CSI Multi Asset Risk Parity Index,CSI MARP,,,,1991.52,,,0.0,0.0,5.0,,2021-08-16
2021-08-17,930929,中证多资产风险平价指数,中证MARP,CSI Multi Asset Risk Parity Index,CSI MARP,,,,1990.75,,,0.0,0.0,5.0,,2021-08-17
2021-08-18,930929,中证多资产风险平价指数,中证MARP,CSI Multi Asset Risk Parity Index,CSI MARP,,,,1992.77,,,0.0,0.0,5.0,,2021-08-18
2021-08-19,930929,中证多资产风险平价指数,中证MARP,CSI Multi Asset Risk Parity Index,CSI MARP,,,,1992.81,,,0.0,0.0,5.0,,2021-08-19
2021-08-20,930929,中证多资产风险平价指数,中证MARP,CSI Multi Asset Risk Parity Index,CSI MARP,,,,1992.0,,,0.0,0.0,5.0,,2021-08-20
2021-08-23,930929,中证多资产风险平价指数,中证MARP,CSI Multi Asset Risk Parity Index,CSI MARP,,,,1992.87,,,0.0,0.0,5.0,,2021-08-23
2021-08-24,930929,中证多资产风险平价指数,中证MARP,CSI Multi Asset Risk Parity Index,CSI MARP,,,,1994.88,,,0.0,0.0,5.0,,2021-08-24
2021-08-25,930929,中证多资产风险平价指数,中证MARP,CSI Multi Asset Risk Parity Index,CSI MARP,,,,1995.6,,,0.0,0.0,5.0,,2021-08-25
2021-08-26,930929,中证多资产风险平价指数,中证MARP,CSI Multi Asset Risk Parity Index,CSI MARP,,,,1992.91,,,0.0,0.0,5.0,,2021-08-26
2021-08-27,930929,中证多资产风险平价指数,中证MARP,CSI Multi Asset Risk Parity Index,CSI MARP,,,,1994.69,,,0.0,0.0,5.0,,2021-08-27
2021-08-30,930929,中证多资产风险平价指数,中证MARP,CSI Multi Asset Risk Parity Index,CSI MARP,,,,1996.04,,,0.0,0.0,5.0,,2021-08-30
2021-08-31,930929,中证多资产风险平价指数,中证MARP,CSI Multi Asset Risk Parity Index,CSI MARP,,,,1996.42,,,0.0,0.0,5.0,,2021-08-31
2021-09-01,930929,中证多资产风险平价指数,中证MARP,CSI Multi Asset Risk Parity Index,CSI MARP,,,,1998.22,,,0.0,0.0,5.0,,2021-09-01
2021-09-02,930929,中证多资产风险平价指数,中证MARP,CSI Multi Asset Risk Parity Index,CSI MARP,,,,1998.99,,,0.0,0.0,5.0,,2021-09-02
2021-09-03,930929,中证多资产风险平价指数,中证MARP,CSI Multi Asset Risk Parity Index,CSI MARP,,,,1998.61,,,0.0,0.0,5.0,,2021-09-03
2021-09-06,930929,中证多资产风险平价指数,中证MARP,CSI Multi Asset Risk Parity Index,CSI MARP,,,,2000.98,,,0.0,0.0,5.0,,2021-09-06
2021-09-07,930929,中证多资产风险平价指数,中证MARP,CSI Multi Asset Risk Parity Index,CSI MARP,,,,2001.8,,,0.0,0.0,5.0,,2021-09-07
2021-09-08,930929,中证多资产风险平价指数,中证MARP,CSI Multi Asset Risk Parity Index,CSI MARP,,,,2000.02,,,0.0,0.0,5.0,,2021-09-08
2021-09-09,930929,中证多资产风险平价指数,中证MARP,CSI Multi Asset Risk Parity Index,CSI MARP,,,,1999.83,,,0.0,0.0,5.0,,2021-09-09
2021-09-10,930929,中证多资产风险平价指数,中证MARP,CSI Multi Asset Risk Parity Index,CSI MARP,,,,2000.29,,,0.0,0.0,5.0,,2021-09-10
2021-09-13,930929,中证多资产风险平价指数,中证MARP,CSI Multi Asset Risk Parity Index,CSI MARP,,,,1999.71,,,0.0,0.0,5.0,,2021-09-13
2021-09-14,930929,中证多资产风险平价指数,中证MARP,CSI Multi Asset Risk Parity Index,CSI MARP,,,,1997.67,,,0.0,0.0,5.0,,2021-09-14
2021-09-15,930929,中证多资产风险平价指数,中证MARP,CSI Multi Asset Risk Parity Index,CSI MARP,,,,1997.57,,,0.0,0.0,5.0,,2021-09-15
2021-09-16,930929,中证多资产风险平价指数,中证MARP,CSI Multi Asset Risk Parity Index,CSI MARP,,,,1995.67,,,0.0,0.0,5.0,,2021-09-16
2021-09-17,930929,中证多资产风险平价指数,中证MARP,CSI Multi Asset Risk Parity Index,CSI MARP,,,,1995.25,,,0.0,0.0,5.0,,2021-09-17
2021-09-22,930929,中证多资产风险平价指数,中证MARP,CSI Multi Asset Risk Parity Index,CSI MARP,,,,1997.55,,,0.0,0.0,5.0,,2021-09-22
2021-09-23,930929,中证多资产风险平价指数,中证MARP,CSI Multi Asset Risk Parity Index,CSI MARP,,,,1996.85,,,0.0,0.0,5.0,,2021-09-23
2021-09-24,930929,中证多资产风险平价指数,中证MARP,CSI Multi Asset Risk Parity Index,CSI MARP,,,,1995.6,,,0.0,0.0,5.0,,2021-09-24
2021-09-27,930929,中证多资产风险平价指数,中证MARP,CSI Multi Asset Risk Parity Index,CSI MARP,,,,1994.85,,,0.0,0.0,5.0,,2021-09-27
2021-09-28,930929,中证多资产风险平价指数,中证MARP,CSI Multi Asset Risk Parity Index,CSI MARP,,,,1993.64,,,0.0,0.0,5.0,,2021-09-28
2021-09-29,930929,中证多资产风险平价指数,中证MARP,CSI Multi Asset Risk Parity Index,CSI MARP,,,,1992.55,,,0.0,0.0,5.0,,2021-09-29
2021-09-30,930929,中证多资产风险平价指数,中证MARP,CSI Multi Asset Risk Parity Index,CSI MARP,,,,1992.71,,,0.0,0.0,5.0,,2021-09-30
2021-10-08,930929,中证多资产风险平价指数,中证MARP,CSI Multi Asset Risk Parity Index,CSI MARP,,,,1994.31,,,0.0,0.0,5.0,,2021-10-08
2021-10-11,930929,中证多资产风险平价指数,中证MARP,CSI Multi Asset Risk Parity Index,CSI MARP,,,,1993.22,,,0.0,0.0,5.0,,2021-10-11
2021-10-12,930929,中证多资产风险平价指数,中证MARP,CSI Multi Asset Risk Parity Index,CSI MARP,,,,1991.77,,,0.0,0.0,5.0,,2021-10-12
2021-10-13,930929,中证多资产风险平价指数,中证MARP,CSI Multi Asset Risk Parity Index,CSI MARP,,,,1991.24,,,0.0,0.0,5.0,,2021-10-13
2021-10-14,930929,中证多资产风险平价指数,中证MARP,CSI Multi Asset Risk Parity Index,CSI MARP,,,,1992.3,,,0.0,0.0,5.0,,2021-10-14
2021-10-15,930929,中证多资产风险平价指数,中证MARP,CSI Multi Asset Risk Parity Index,CSI MARP,,,,1991.76,,,0.0,0.0,5.0,,2021-10-15
2021-10-18,930929,中证多资产风险平价指数,中证MARP,CSI Multi Asset Risk Parity Index,CSI MARP,,,,1988.92,,,0.0,0.0,5.0,,2021-10-18
2021-10-19,930929,中证多资产风险平价指数,中证MARP,CSI Multi Asset Risk Parity Index,CSI MARP,,,,1989.75,,,0.0,0.0,5.0,,2021-10-19
2021-10-20,930929,中证多资产风险平价指数,中证MARP,CSI Multi Asset Risk Parity Index,CSI MARP,,,,1989.78,,,0.0,0.0,5.0,,2021-10-20
2021-10-21,930929,中证多资产风险平价指数,中证MARP,CSI Multi Asset Risk Parity Index,CSI MARP,,,,1991.39,,,0.0,0.0,5.0,,2021-10-21
2021-10-22,930929,中证多资产风险平价指数,中证MARP,CSI Multi Asset Risk Parity Index,CSI MARP,,,,1992.16,,,0.0,0.0,5.0,,2021-10-22
2021-10-25,930929,中证多资产风险平价指数,中证MARP,CSI Multi Asset Risk Parity Index,CSI MARP,,,,1993.1,,,0.0,0.0,5.0,,2021-10-25
2021-10-26,930929,中证多资产风险平价指数,中证MARP,CSI Multi Asset Risk Parity Index,CSI MARP,,,,1994.14,,,0.0,0.0,5.0,,2021-10-26
2021-10-27,930929,中证多资产风险平价指数,中证MARP,CSI Multi Asset Risk Parity Index,CSI MARP,,,,1993.59,,,0.0,0.0,5.0,,2021-10-27
2021-10-28,930929,中证多资产风险平价指数,中证MARP,CSI Multi Asset Risk Parity Index,CSI MARP,,,,1994.68,,,0.0,0.0,5.0,,2021-10-28
2021-10-29,930929,中证多资产风险平价指数,中证MARP,CSI Multi Asset Risk Parity Index,CSI MARP,,,,1995.52,,,0.0,0.0,5.0,,2021-10-29
2021-11-01,930929,中证多资产风险平价指数,中证MARP,CSI Multi Asset Risk Parity Index,CSI MARP,,,,1996.61,,,0.0,0.0,5.0,,2021-11-01
2021-11-02,930929,中证多资产风险平价指数,中证MARP,CSI Multi Asset Risk Parity Index,CSI MARP,,,,1997.87,,,0.0,0.0,5.0,,2021-11-02
2021-11-03,930929,中证多资产风险平价指数,中证MARP,CSI Multi Asset Risk Parity Index,CSI MARP,,,,1998.02,,,0.0,0.0,5.0,,2021-11-03
2021-11-04,930929,中证多资产风险平价指数,中证MARP,CSI Multi Asset Risk Parity Index,CSI MARP,,,,1999.28,,,0.0,0.0,5.0,,2021-11-04
2021-11-05,930929,中证多资产风险平价指数,中证MARP,CSI Multi Asset Risk Parity Index,CSI MARP,,,,2002.04,,,0.0,0.0,5.0,,2021-11-05
2021-11-08,930929,中证多资产风险平价指数,中证MARP,CSI Multi Asset Risk Parity Index,CSI MARP,,,,2003.89,,,0.0,0.0,5.0,,2021-11-08
2021-11-09,930929,中证多资产风险平价指数,中证MARP,CSI Multi Asset Risk Parity Index,CSI MARP,,,,2004.42,,,0.0,0.0,5.0,,2021-11-09
2021-11-10,930929,中证多资产风险平价指数,中证MARP,CSI Multi Asset Risk Parity Index,CSI MARP,,,,2004.31,,,0.0,0.0,5.0,,2021-11-10
2021-11-11,930929,中证多资产风险平价指数,中证MARP,CSI Multi Asset Risk Parity Index,CSI MARP,,,,2005.49,,,0.0,0.0,5.0,,2021-11-11
2021-11-12,930929,中证多资产风险平价指数,中证MARP,CSI Multi Asset Risk Parity Index,CSI MARP,,,,2005.86,,,0.0,0.0,5.0,,2021-11-12
2021-11-15,930929,中证多资产风险平价指数,中证MARP,CSI Multi Asset Risk Parity Index,CSI MARP,,,,2006.29,,,0.0,0.0,5.0,,2021-11-15
2021-11-16,930929,中证多资产风险平价指数,中证MARP,CSI Multi Asset Risk Parity Index,CSI MARP,,,,2006.7,,,0.0,0.0,5.0,,2021-11-16
2021-11-17,930929,中证多资产风险平价指数,中证MARP,CSI Multi Asset Risk Parity Index,CSI MARP,,,,2006.95,,,0.0,0.0,5.0,,2021-11-17
2021-11-18,930929,中证多资产风险平价指数,中证MARP,CSI Multi Asset Risk Parity Index,CSI MARP,,,,2007.65,,,0.0,0.0,5.0,,2021-11-18
2021-11-19,930929,中证多资产风险平价指数,中证MARP,CSI Multi Asset Risk Parity Index,CSI MARP,,,,2008.22,,,0.0,0.0,5.0,,2021-11-19
2021-11-22,930929,中证多资产风险平价指数,中证MARP,CSI Multi Asset Risk Parity Index,CSI MARP,,,,2009.15,,,0.0,0.0,5.0,,2021-11-22
2021-11-23,930929,中证多资产风险平价指数,中证MARP,CSI Multi Asset Risk Parity Index,CSI MARP,,,,2007.85,,,0.0,0.0,5.0,,2021-11-23
2021-11-24,930929,中证多资产风险平价指数,中证MARP,CSI Multi Asset Risk Parity Index,CSI MARP,,,,2008.48,,,0.0,0.0,5.0,,2021-11-24
2021-11-25,930929,中证多资产风险平价指数,中证MARP,CSI Multi Asset Risk Parity Index,CSI MARP,,,,2008.52,,,0.0,0.0,5.0,,2021-11-25
2021-11-26,930929,中证多资产风险平价指数,中证MARP,CSI Multi Asset Risk Parity Index,CSI MARP,,,,2009.93,,,0.0,0.0,5.0,,2021-11-26
2021-11-29,930929,中证多资产风险平价指数,中证MARP,CSI Multi Asset Risk Parity Index,CSI MARP,,,,2009.74,,,0.0,0.0,5.0,,2021-11-29
2021-11-30,930929,中证多资产风险平价指数,中证MARP,CSI Multi Asset Risk Parity Index,CSI MARP,,,,2009.42,,,0.0,0.0,5.0,,2021-11-30
2021-12-01,930929,中证多资产风险平价指数,中证MARP,CSI Multi Asset Risk Parity Index,CSI MARP,,,,2009.08,,,0.0,0.0,5.0,,2021-12-01
2021-12-02,930929,中证多资产风险平价指数,中证MARP,CSI Multi Asset Risk Parity Index,CSI MARP,,,,2008.16,,,0.0,0.0,5.0,,2021-12-02
2021-12-03,930929,中证多资产风险平价指数,中证MARP,CSI Multi Asset Risk Parity Index,CSI MARP,,,,2008.68,,,0.0,0.0,5.0,,2021-12-03
2021-12-06,930929,中证多资产风险平价指数,中证MARP,CSI Multi Asset Risk Parity Index,CSI MARP,,,,2011.5,,,0.0,0.0,5.0,,2021-12-06
2021-12-07,930929,中证多资产风险平价指数,中证MARP,CSI Multi Asset Risk Parity Index,CSI MARP,,,,2011.06,,,0.0,0.0,5.0,,2021-12-07
2021-12-08,930929,中证多资产风险平价指数,中证MARP,CSI Multi Asset Risk Parity Index,CSI MARP,,,,2012.17,,,0.0,0.0,5.0,,2021-12-08
2021-12-09,930929,中证多资产风险平价指数,中证MARP,CSI Multi Asset Risk Parity Index,CSI MARP,,,,2012.75,,,0.0,0.0,5.0,,2021-12-09
2021-12-10,930929,中证多资产风险平价指数,中证MARP,CSI Multi Asset Risk Parity Index,CSI MARP,,,,2012.65,,,0.0,0.0,5.0,,2021-12-10
2021-12-13,930929,中证多资产风险平价指数,中证MARP,CSI Multi Asset Risk Parity Index,CSI MARP,,,,2013.99,,,0.0,0.0,5.0,,2021-12-13
2021-12-14,930929,中证多资产风险平价指数,中证MARP,CSI Multi Asset Risk Parity Index,CSI MARP,,,,2014.33,,,0.0,0.0,5.0,,2021-12-14
2021-12-15,930929,中证多资产风险平价指数,中证MARP,CSI Multi Asset Risk Parity Index,CSI MARP,,,,2013.22,,,0.0,0.0,5.0,,2021-12-15
2021-12-16,930929,中证多资产风险平价指数,中证MARP,CSI Multi Asset Risk Parity Index,CSI MARP,,,,2014.34,,,0.0,0.0,5.0,,2021-12-16
2021-12-17,930929,中证多资产风险平价指数,中证MARP,CSI Multi Asset Risk Parity Index,CSI MARP,,,,2015.13,,,0.0,0.0,5.0,,2021-12-17
2021-12-20,930929,中证多资产风险平价指数,中证MARP,CSI Multi Asset Risk Parity Index,CSI MARP,,,,2013.93,,,0.0,0.0,5.0,,2021-12-20
2021-12-21,930929,中证多资产风险平价指数,中证MARP,CSI Multi Asset Risk Parity Index,CSI MARP,,,,2013.76,,,0.0,0.0,5.0,,2021-12-21
2021-12-22,930929,中证多资产风险平价指数,中证MARP,CSI Multi Asset Risk Parity Index,CSI MARP,,,,2014.03,,,0.0,0.0,5.0,,2021-12-22
2021-12-23,930929,中证多资产风险平价指数,中证MARP,CSI Multi Asset Risk Parity Index,CSI MARP,,,,2015.8,,,0.0,0.0,5.0,,2021-12-23
2021-12-24,930929,中证多资产风险平价指数,中证MARP,CSI Multi Asset Risk Parity Index,CSI MARP,,,,2015.64,,,0.0,0.0,5.0,,2021-12-24
2021-12-27,930929,中证多资产风险平价指数,中证MARP,CSI Multi Asset Risk Parity Index,CSI MARP,,,,2016.56,,,0.0,0.0,5.0,,2021-12-27
2021-12-28,930929,中证多资产风险平价指数,中证MARP,CSI Multi Asset Risk Parity Index,CSI MARP,,,,2017.72,,,0.0,0.0,5.0,,2021-12-28
2021-12-29,930929,中证多资产风险平价指数,中证MARP,CSI Multi Asset Risk Parity Index,CSI MARP,,,,2017.29,,,0.0,0.0,5.0,,2021-12-29
2021-12-30,930929,中证多资产风险平价指数,中证MARP,CSI Multi Asset Risk Parity Index,CSI MARP,,,,2018.86,,,0.0,0.0,5.0,,2021-12-30
2021-12-31,930929,中证多资产风险平价指数,中证MARP,CSI Multi Asset Risk Parity Index,CSI MARP,,,,2021.07,,,0.0,0.0,5.0,,2021-12-31
2022-01-04,930929,中证多资产风险平价指数,中证MARP,CSI Multi Asset Risk Parity Index,CSI MARP,,,,2021.24,,,0.0,0.0,5.0,,2022-01-04
2022-01-05,930929,中证多资产风险平价指数,中证MARP,CSI Multi Asset Risk Parity Index,CSI MARP,,,,2021.03,,,0.0,0.0,5.0,,2022-01-05
2022-01-06,930929,中证多资产风险平价指数,中证MARP,CSI Multi Asset Risk Parity Index,CSI MARP,,,,2019.87,,,0.0,0.0,5.0,,2022-01-06
2022-01-07,930929,中证多资产风险平价指数,中证MARP,CSI Multi Asset Risk Parity Index,CSI MARP,,,,2019.43,,,0.0,0.0,5.0,,2022-01-07
2022-01-10,930929,中证多资产风险平价指数,中证MARP,CSI Multi Asset Risk Parity Index,CSI MARP,,,,2021.01,,,0.0,0.0,5.0,,2022-01-10
2022-01-11,930929,中证多资产风险平价指数,中证MARP,CSI Multi Asset Risk Parity Index,CSI MARP,,,,2021.74,,,0.0,0.0,5.0,,2022-01-11
2022-01-12,930929,中证多资产风险平价指数,中证MARP,CSI Multi Asset Risk Parity Index,CSI MARP,,,,2023.71,,,0.0,0.0,5.0,,2022-01-12
2022-01-13,930929,中证多资产风险平价指数,中证MARP,CSI Multi Asset Risk Parity Index,CSI MARP,,,,2023.05,,,0.0,0.0,5.0,,2022-01-13
2022-01-14,930929,中证多资产风险平价指数,中证MARP,CSI Multi Asset Risk Parity Index,CSI MARP,,,,2022.89,,,0.0,0.0,5.0,,2022-01-14
2022-01-17,930929,中证多资产风险平价指数,中证MARP,CSI Multi Asset Risk Parity Index,CSI MARP,,,,2024.6,,,0.0,0.0,5.0,,2022-01-17
2022-01-18,930929,中证多资产风险平价指数,中证MARP,CSI Multi Asset Risk Parity Index,CSI MARP,,,,2026.74,,,0.0,0.0,5.0,,2022-01-18
2022-01-19,930929,中证多资产风险平价指数,中证MARP,CSI Multi Asset Risk Parity Index,CSI MARP,,,,2028.76,,,0.0,0.0,5.0,,2022-01-19
2022-01-20,930929,中证多资产风险平价指数,中证MARP,CSI Multi Asset Risk Parity Index,CSI MARP,,,,2031.34,,,0.0,0.0,5.0,,2022-01-20
2022-01-21,930929,中证多资产风险平价指数,中证MARP,CSI Multi Asset Risk Parity Index,CSI MARP,,,,2032.0,,,0.0,0.0,5.0,,2022-01-21
2022-01-24,930929,中证多资产风险平价指数,中证MARP,CSI Multi Asset Risk Parity Index,CSI MARP,,,,2033.77,,,0.0,0.0,5.0,,2022-01-24
2022-01-25,930929,中证多资产风险平价指数,中证MARP,CSI Multi Asset Risk Parity Index,CSI MARP,,,,2032.03,,,0.0,0.0,5.0,,2022-01-25
2022-01-26,930929,中证多资产风险平价指数,中证MARP,CSI Multi Asset Risk Parity Index,CSI MARP,,,,2031.88,,,0.0,0.0,5.0,,2022-01-26
2022-01-27,930929,中证多资产风险平价指数,中证MARP,CSI Multi Asset Risk Parity Index,CSI MARP,,,,2028.54,,,0.0,0.0,5.0,,2022-01-27
2022-01-28,930929,中证多资产风险平价指数,中证MARP,CSI Multi Asset Risk Parity Index,CSI MARP,,,,2028.48,,,0.0,0.0,5.0,,2022-01-28
2022-02-07,930929,中证多资产风险平价指数,中证MARP,CSI Multi Asset Risk Parity Index,CSI MARP,,,,2031.76,,,0.0,0.0,5.0,,2022-02-07
2022-02-08,930929,中证多资产风险平价指数,中证MARP,CSI Multi Asset Risk Parity Index,CSI MARP,,,,2032.81,,,0.0,0.0,5.0,,2022-02-08
2022-02-09,930929,中证多资产风险平价指数,中证MARP,CSI Multi Asset Risk Parity Index,CSI MARP,,,,2034.07,,,0.0,0.0,5.0,,2022-02-09
2022-02-10,930929,中证多资产风险平价指数,中证MARP,CSI Multi Asset Risk Parity Index,CSI MARP,,,,2034.73,,,0.0,0.0,5.0,,2022-02-10
2022-02-11,930929,中证多资产风险平价指数,中证MARP,CSI Multi Asset Risk Parity Index,CSI MARP,,,,2030.08,,,0.0,0.0,5.0,,2022-02-11
2022-02-14,930929,中证多资产风险平价指数,中证MARP,CSI Multi Asset Risk Parity Index,CSI MARP,,,,2030.95,,,0.0,0.0,5.0,,2022-02-14
2022-02-15,930929,中证多资产风险平价指数,中证MARP,CSI Multi Asset Risk Parity Index,CSI MARP,,,,2031.59,,,0.0,0.0,5.0,,2022-02-15
2022-02-16,930929,中证多资产风险平价指数,中证MARP,CSI Multi Asset Risk Parity Index,CSI MARP,,,,2030.17,,,0.0,0.0,5.0,,2022-02-16
2022-02-17,930929,中证多资产风险平价指数,中证MARP,CSI Multi Asset Risk Parity Index,CSI MARP,,,,2031.81,,,0.0,0.0,5.0,,2022-02-17
2022-02-18,930929,中证多资产风险平价指数,中证MARP,CSI Multi Asset Risk Parity Index,CSI MARP,,,,2033.15,,,0.0,0.0,5.0,,2022-02-18
2022-02-21,930929,中证多资产风险平价指数,中证MARP,CSI Multi Asset Risk Parity Index,CSI MARP,,,,2032.22,,,0.0,0.0,5.0,,2022-02-21
2022-02-22,930929,中证多资产风险平价指数,中证MARP,CSI Multi Asset Risk Parity Index,CSI MARP,,,,2031.11,,,0.0,0.0,5.0,,2022-02-22
2022-02-23,930929,中证多资产风险平价指数,中证MARP,CSI Multi Asset Risk Parity Index,CSI MARP,,,,2031.06,,,0.0,0.0,5.0,,2022-02-23
2022-02-24,930929,中证多资产风险平价指数,中证MARP,CSI Multi Asset Risk Parity Index,CSI MARP,,,,2032.35,,,0.0,0.0,5.0,,2022-02-24
2022-02-25,930929,中证多资产风险平价指数,中证MARP,CSI Multi Asset Risk Parity Index,CSI MARP,,,,2031.78,,,0.0,0.0,5.0,,2022-02-25
2022-02-28,930929,中证多资产风险平价指数,中证MARP,CSI Multi Asset Risk Parity Index,CSI MARP,,,,2032.28,,,0.0,0.0,5.0,,2022-02-28
2022-03-01,930929,中证多资产风险平价指数,中证MARP,CSI Multi Asset Risk Parity Index,CSI MARP,,,,2032.09,,,0.0,0.0,5.0,,2022-03-01
2022-03-02,930929,中证多资产风险平价指数,中证MARP,CSI Multi Asset Risk Parity Index,CSI MARP,,,,2032.2,,,0.0,0.0,5.0,,2022-03-02
2022-03-03,930929,中证多资产风险平价指数,中证MARP,CSI Multi Asset Risk Parity Index,CSI MARP,,,,2030.34,,,0.0,0.0,5.0,,2022-03-03
2022-03-04,930929,中证多资产风险平价指数,中证MARP,CSI Multi Asset Risk Parity Index,CSI MARP,,,,2029.62,,,0.0,0.0,5.0,,2022-03-04
2022-03-07,930929,中证多资产风险平价指数,中证MARP,CSI Multi Asset Risk Parity Index,CSI MARP,,,,2030.05,,,0.0,0.0,5.0,,2022-03-07
2022-03-08,930929,中证多资产风险平价指数,中证MARP,CSI Multi Asset Risk Parity Index,CSI MARP,,,,2030.28,,,0.0,0.0,5.0,,2022-03-08
2022-03-09,930929,中证多资产风险平价指数,中证MARP,CSI Multi Asset Risk Parity Index,CSI MARP,,,,2029.23,,,0.0,0.0,5.0,,2022-03-09
2022-03-10,930929,中证多资产风险平价指数,中证MARP,CSI Multi Asset Risk Parity Index,CSI MARP,,,,2025.73,,,0.0,0.0,5.0,,2022-03-10
2022-03-11,930929,中证多资产风险平价指数,中证MARP,CSI Multi Asset Risk Parity Index,CSI MARP,,,,2026.04,,,0.0,0.0,5.0,,2022-03-11
2022-03-14,930929,中证多资产风险平价指数,中证MARP,CSI Multi Asset Risk Parity Index,CSI MARP,,,,2026.2,,,0.0,0.0,5.0,,2022-03-14
2022-03-15,930929,中证多资产风险平价指数,中证MARP,CSI Multi Asset Risk Parity Index,CSI MARP,,,,2017.67,,,0.0,0.0,5.0,,2022-03-15
2022-03-16,930929,中证多资产风险平价指数,中证MARP,CSI Multi Asset Risk Parity Index,CSI MARP,,,,2019.4,,,0.0,0.0,5.0,,2022-03-16
2022-03-17,930929,中证多资产风险平价指数,中证MARP,CSI Multi Asset Risk Parity Index,CSI MARP,,,,2022.03,,,0.0,0.0,5.0,,2022-03-17
2022-03-18,930929,中证多资产风险平价指数,中证MARP,CSI Multi Asset Risk Parity Index,CSI MARP,,,,2023.42,,,0.0,0.0,5.0,,2022-03-18
2022-03-21,930929,中证多资产风险平价指数,中证MARP,CSI Multi Asset Risk Parity Index,CSI MARP,,,,2023.19,,,0.0,0.0,5.0,,2022-03-21
2022-03-22,930929,中证多资产风险平价指数,中证MARP,CSI Multi Asset Risk Parity Index,CSI MARP,,,,2022.98,,,0.0,0.0,5.0,,2022-03-22
2022-03-23,930929,中证多资产风险平价指数,中证MARP,CSI Multi Asset Risk Parity Index,CSI MARP,,,,2022.75,,,0.0,0.0,5.0,,2022-03-23
2022-03-24,930929,中证多资产风险平价指数,中证MARP,CSI Multi Asset Risk Parity Index,CSI MARP,,,,2023.6,,,0.0,0.0,5.0,,2022-03-24
2022-03-25,930929,中证多资产风险平价指数,中证MARP,CSI Multi Asset Risk Parity Index,CSI MARP,,,,2023.89,,,0.0,0.0,5.0,,2022-03-25
2022-03-28,930929,中证多资产风险平价指数,中证MARP,CSI Multi Asset Risk Parity Index,CSI MARP,,,,2023.65,,,0.0,0.0,5.0,,2022-03-28
2022-03-29,930929,中证多资产风险平价指数,中证MARP,CSI Multi Asset Risk Parity Index,CSI MARP,,,,2022.62,,,0.0,0.0,5.0,,2022-03-29
2022-03-30,930929,中证多资产风险平价指数,中证MARP,CSI Multi Asset Risk Parity Index,CSI MARP,,,,2025.42,,,0.0,0.0,5.0,,2022-03-30
2022-03-31,930929,中证多资产风险平价指数,中证MARP,CSI Multi Asset Risk Parity Index,CSI MARP,,,,2024.75,,,0.0,0.0,5.0,,2022-03-31
2022-04-01,930929,中证多资产风险平价指数,中证MARP,CSI Multi Asset Risk Parity Index,CSI MARP,,,,2027.8,,,0.0,0.0,5.0,,2022-04-01
2022-04-06,930929,中证多资产风险平价指数,中证MARP,CSI Multi Asset Risk Parity Index,CSI MARP,,,,2029.15,,,0.0,0.0,5.0,,2022-04-06
2022-04-07,930929,中证多资产风险平价指数,中证MARP,CSI Multi Asset Risk Parity Index,CSI MARP,,,,2029.48,,,0.0,0.0,5.0,,2022-04-07
2022-04-08,930929,中证多资产风险平价指数,中证MARP,CSI Multi Asset Risk Parity Index,CSI MARP,,,,2030.68,,,0.0,0.0,5.0,,2022-04-08
2022-04-11,930929,中证多资产风险平价指数,中证MARP,CSI Multi Asset Risk Parity Index,CSI MARP,,,,2029.53,,,0.0,0.0,5.0,,2022-04-11
2022-04-12,930929,中证多资产风险平价指数,中证MARP,CSI Multi Asset Risk Parity Index,CSI MARP,,,,2031.61,,,0.0,0.0,5.0,,2022-04-12
2022-04-13,930929,中证多资产风险平价指数,中证MARP,CSI Multi Asset Risk Parity Index,CSI MARP,,,,2031.33,,,0.0,0.0,5.0,,2022-04-13
2022-04-14,930929,中证多资产风险平价指数,中证MARP,CSI Multi Asset Risk Parity Index,CSI MARP,,,,2033.87,,,0.0,0.0,5.0,,2022-04-14
2022-04-15,930929,中证多资产风险平价指数,中证MARP,CSI Multi Asset Risk Parity Index,CSI MARP,,,,2034.51,,,0.0,0.0,5.0,,2022-04-15
2022-04-18,930929,中证多资产风险平价指数,中证MARP,CSI Multi Asset Risk Parity Index,CSI MARP,,,,2034.29,,,0.0,0.0,5.0,,2022-04-18
2022-04-19,930929,中证多资产风险平价指数,中证MARP,CSI Multi Asset Risk Parity Index,CSI MARP,,,,2032.71,,,0.0,0.0,5.0,,2022-04-19
2022-04-20,930929,中证多资产风险平价指数,中证MARP,CSI Multi Asset Risk Parity Index,CSI MARP,,,,2029.27,,,0.0,0.0,5.0,,2022-04-20
2022-04-21,930929,中证多资产风险平价指数,中证MARP,CSI Multi Asset Risk Parity Index,CSI MARP,,,,2028.71,,,0.0,0.0,5.0,,2022-04-21
2022-04-22,930929,中证多资产风险平价指数,中证MARP,CSI Multi Asset Risk Parity Index,CSI MARP,,,,2028.96,,,0.0,0.0,5.0,,2022-04-22
2022-04-25,930929,中证多资产风险平价指数,中证MARP,CSI Multi Asset Risk Parity Index,CSI MARP,,,,2024.93,,,0.0,0.0,5.0,,2022-04-25
2022-04-26,930929,中证多资产风险平价指数,中证MARP,CSI Multi Asset Risk Parity Index,CSI MARP,,,,2023.19,,,0.0,0.0,5.0,,2022-04-26
2022-04-27,930929,中证多资产风险平价指数,中证MARP,CSI Multi Asset Risk Parity Index,CSI MARP,,,,2025.65,,,0.0,0.0,5.0,,2022-04-27
2022-04-28,930929,中证多资产风险平价指数,中证MARP,CSI Multi Asset Risk Parity Index,CSI MARP,,,,2025.57,,,0.0,0.0,5.0,,2022-04-28
2022-04-29,930929,中证多资产风险平价指数,中证MARP,CSI Multi Asset Risk Parity Index,CSI MARP,,,,2029.75,,,0.0,0.0,5.0,,2022-04-29
2022-05-05,930929,中证多资产风险平价指数,中证MARP,CSI Multi Asset Risk Parity Index,CSI MARP,,,,2031.16,,,0.0,0.0,5.0,,2022-05-05
2022-05-06,930929,中证多资产风险平价指数,中证MARP,CSI Multi Asset Risk Parity Index,CSI MARP,,,,2029.29,,,0.0,0.0,5.0,,2022-05-06
2022-05-09,930929,中证多资产风险平价指数,中证MARP,CSI Multi Asset Risk Parity Index,CSI MARP,,,,2030.84,,,0.0,0.0,5.0,,2022-05-09
2022-05-10,930929,中证多资产风险平价指数,中证MARP,CSI Multi Asset Risk Parity Index,CSI MARP,,,,2032.66,,,0.0,0.0,5.0,,2022-05-10
2022-05-11,930929,中证多资产风险平价指数,中证MARP,CSI Multi Asset Risk Parity Index,CSI MARP,,,,2033.34,,,0.0,0.0,5.0,,2022-05-11
2022-05-12,930929,中证多资产风险平价指数,中证MARP,CSI Multi Asset Risk Parity Index,CSI MARP,,,,2035.45,,,0.0,0.0,5.0,,2022-05-12
2022-05-13,930929,中证多资产风险平价指数,中证MARP,CSI Multi Asset Risk Parity Index,CSI MARP,,,,2035.99,,,0.0,0.0,5.0,,2022-05-13
2022-05-16,930929,中证多资产风险平价指数,中证MARP,CSI Multi Asset Risk Parity Index,CSI MARP,,,,2035.62,,,0.0,0.0,5.0,,2022-05-16
2022-05-17,930929,中证多资产风险平价指数,中证MARP,CSI Multi Asset Risk Parity Index,CSI MARP,,,,2037.95,,,0.0,0.0,5.0,,2022-05-17
2022-05-18,930929,中证多资产风险平价指数,中证MARP,CSI Multi Asset Risk Parity Index,CSI MARP,,,,2038.1,,,0.0,0.0,5.0,,2022-05-18
2022-05-19,930929,中证多资产风险平价指数,中证MARP,CSI Multi Asset Risk Parity Index,CSI MARP,,,,2039.86,,,0.0,0.0,5.0,,2022-05-19
2022-05-20,930929,中证多资产风险平价指数,中证MARP,CSI Multi Asset Risk Parity Index,CSI MARP,,,,2041.96,,,0.0,0.0,5.0,,2022-05-20
2022-05-23,930929,中证多资产风险平价指数,中证MARP,CSI Multi Asset Risk Parity Index,CSI MARP,,,,2043.24,,,0.0,0.0,5.0,,2022-05-23
2022-05-24,930929,中证多资产风险平价指数,中证MARP,CSI Multi Asset Risk Parity Index,CSI MARP,,,,2041.52,,,0.0,0.0,5.0,,2022-05-24
2022-05-25,930929,中证多资产风险平价指数,中证MARP,CSI Multi Asset Risk Parity Index,CSI MARP,,,,2043.14,,,0.0,0.0,5.0,,2022-05-25
2022-05-26,930929,中证多资产风险平价指数,中证MARP,CSI Multi Asset Risk Parity Index,CSI MARP,,,,2046.3,,,0.0,0.0,5.0,,2022-05-26
2022-05-27,930929,中证多资产风险平价指数,中证MARP,CSI Multi Asset Risk Parity Index,CSI MARP,,,,2046.78,,,0.0,0.0,5.0,,2022-05-27
2022-05-30,930929,中证多资产风险平价指数,中证MARP,CSI Multi Asset Risk Parity Index,CSI MARP,,,,2046.55,,,0.0,0.0,5.0,,2022-05-30
2022-05-31,930929,中证多资产风险平价指数,中证MARP,CSI Multi Asset Risk Parity Index,CSI MARP,,,,2045.86,,,0.0,0.0,5.0,,2022-05-31
2022-06-01,930929,中证多资产风险平价指数,中证MARP,CSI Multi Asset Risk Parity Index,CSI MARP,,,,2044.13,,,0.0,0.0,5.0,,2022-06-01
2022-06-02,930929,中证多资产风险平价指数,中证MARP,CSI Multi Asset Risk Parity Index,CSI MARP,,,,2044.22,,,0.0,0.0,5.0,,2022-06-02
2022-06-06,930929,中证多资产风险平价指数,中证MARP,CSI Multi Asset Risk Parity Index,CSI MARP,,,,2044.5,,,0.0,0.0,5.0,,2022-06-06
2022-06-07,930929,中证多资产风险平价指数,中证MARP,CSI Multi Asset Risk Parity Index,CSI MARP,,,,2043.47,,,0.0,0.0,5.0,,2022-06-07
2022-06-08,930929,中证多资产风险平价指数,中证MARP,CSI Multi Asset Risk Parity Index,CSI MARP,,,,2044.51,,,0.0,0.0,5.0,,2022-06-08
2022-06-09,930929,中证多资产风险平价指数,中证MARP,CSI Multi Asset Risk Parity Index,CSI MARP,,,,2044.47,,,0.0,0.0,5.0,,2022-06-09
2022-06-10,930929,中证多资产风险平价指数,中证MARP,CSI Multi Asset Risk Parity Index,CSI MARP,,,,2046.0,,,0.0,0.0,5.0,,2022-06-10
2022-06-13,930929,中证多资产风险平价指数,中证MARP,CSI Multi Asset Risk Parity Index,CSI MARP,,,,2047.43,,,0.0,0.0,5.0,,2022-06-13
2022-06-14,930929,中证多资产风险平价指数,中证MARP,CSI Multi Asset Risk Parity Index,CSI MARP,,,,2045.85,,,0.0,0.0,5.0,,2022-06-14
2022-06-15,930929,中证多资产风险平价指数,中证MARP,CSI Multi Asset Risk Parity Index,CSI MARP,,,,2045.63,,,0.0,0.0,5.0,,2022-06-15
2022-06-16,930929,中证多资产风险平价指数,中证MARP,CSI Multi Asset Risk Parity Index,CSI MARP,,,,2046.19,,,0.0,0.0,5.0,,2022-06-16
2022-06-17,930929,中证多资产风险平价指数,中证MARP,CSI Multi Asset Risk Parity Index,CSI MARP,,,,2048.9,,,0.0,0.0,5.0,,2022-06-17
2022-06-20,930929,中证多资产风险平价指数,中证MARP,CSI Multi Asset Risk Parity Index,CSI MARP,,,,2048.74,,,0.0,0.0,5.0,,2022-06-20
2022-06-21,930929,中证多资产风险平价指数,中证MARP,CSI Multi Asset Risk Parity Index,CSI MARP,,,,2047.9,,,0.0,0.0,5.0,,2022-06-21
2022-06-22,930929,中证多资产风险平价指数,中证MARP,CSI Multi Asset Risk Parity Index,CSI MARP,,,,2047.01,,,0.0,0.0,5.0,,2022-06-22
2022-06-23,930929,中证多资产风险平价指数,中证MARP,CSI Multi Asset Risk Parity Index,CSI MARP,,,,2049.19,,,0.0,0.0,5.0,,2022-06-23
2022-06-24,930929,中证多资产风险平价指数,中证MARP,CSI Multi Asset Risk Parity Index,CSI MARP,,,,2049.25,,,0.0,0.0,5.0,,2022-06-24
2022-06-27,930929,中证多资产风险平价指数,中证MARP,CSI Multi Asset Risk Parity Index,CSI MARP,,,,2049.54,,,0.0,0.0,5.0,,2022-06-27
2022-06-28,930929,中证多资产风险平价指数,中证MARP,CSI Multi Asset Risk Parity Index,CSI MARP,,,,2049.36,,,0.0,0.0,5.0,,2022-06-28
2022-06-29,930929,中证多资产风险平价指数,中证MARP,CSI Multi Asset Risk Parity Index,CSI MARP,,,,2047.81,,,0.0,0.0,5.0,,2022-06-29
2022-06-30,930929,中证多资产风险平价指数,中证MARP,CSI Multi Asset Risk Parity Index,CSI MARP,,,,2049.4,,,0.0,0.0,5.0,,2022-06-30
2022-07-01,930929,中证多资产风险平价指数,中证MARP,CSI Multi Asset Risk Parity Index,CSI MARP,,,,2048.37,,,0.0,0.0,5.0,,2022-07-01
2022-07-04,930929,中证多资产风险平价指数,中证MARP,CSI Multi Asset Risk Parity Index,CSI MARP,,,,2048.86,,,0.0,0.0,5.0,,2022-07-04
2022-07-05,930929,中证多资产风险平价指数,中证MARP,CSI Multi Asset Risk Parity Index,CSI MARP,,,,2048.6,,,0.0,0.0,5.0,,2022-07-05
2022-07-06,930929,中证多资产风险平价指数,中证MARP,CSI Multi Asset Risk Parity Index,CSI MARP,,,,2045.95,,,0.0,0.0,5.0,,2022-07-06
2022-07-07,930929,中证多资产风险平价指数,中证MARP,CSI Multi Asset Risk Parity Index,CSI MARP,,,,2045.24,,,0.0,0.0,5.0,,2022-07-07
2022-07-08,930929,中证多资产风险平价指数,中证MARP,CSI Multi Asset Risk Parity Index,CSI MARP,,,,2045.07,,,0.0,0.0,5.0,,2022-07-08
2022-07-11,930929,中证多资产风险平价指数,中证MARP,CSI Multi Asset Risk Parity Index,CSI MARP,,,,2045.5,,,0.0,0.0,5.0,,2022-07-11
2022-07-12,930929,中证多资产风险平价指数,中证MARP,CSI Multi Asset Risk Parity Index,CSI MARP,,,,2045.98,,,0.0,0.0,5.0,,2022-07-12
2022-07-13,930929,中证多资产风险平价指数,中证MARP,CSI Multi Asset Risk Parity Index,CSI MARP,,,,2046.81,,,0.0,0.0,5.0,,2022-07-13
2022-07-14,930929,中证多资产风险平价指数,中证MARP,CSI Multi Asset Risk Parity Index,CSI MARP,,,,2048.31,,,0.0,0.0,5.0,,2022-07-14
2022-07-15,930929,中证多资产风险平价指数,中证MARP,CSI Multi Asset Risk Parity Index,CSI MARP,,,,2047.12,,,0.0,0.0,5.0,,2022-07-15
2022-07-18,930929,中证多资产风险平价指数,中证MARP,CSI Multi Asset Risk Parity Index,CSI MARP,,,,2049.92,,,0.0,0.0,5.0,,2022-07-18
2022-07-19,930929,中证多资产风险平价指数,中证MARP,CSI Multi Asset Risk Parity Index,CSI MARP,,,,2050.25,,,0.0,0.0,5.0,,2022-07-19
2022-07-20,930929,中证多资产风险平价指数,中证MARP,CSI Multi Asset Risk Parity Index,CSI MARP,,,,2051.93,,,0.0,0.0,5.0,,2022-07-20
2022-07-21,930929,中证多资产风险平价指数,中证MARP,CSI Multi Asset Risk Parity Index,CSI MARP,,,,2051.44,,,0.0,0.0,5.0,,2022-07-21
2022-07-22,930929,中证多资产风险平价指数,中证MARP,CSI Multi Asset Risk Parity Index,CSI MARP,,,,2053.08,,,0.0,0.0,5.0,,2022-07-22
2022-07-25,930929,中证多资产风险平价指数,中证MARP,CSI Multi Asset Risk Parity Index,CSI MARP,,,,2053.67,,,0.0,0.0,5.0,,2022-07-25
2022-07-26,930929,中证多资产风险平价指数,中证MARP,CSI Multi Asset Risk Parity Index,CSI MARP,,,,2056.02,,,0.0,0.0,5.0,,2022-07-26
2022-07-27,930929,中证多资产风险平价指数,中证MARP,CSI Multi Asset Risk Parity Index,CSI MARP,,,,2056.32,,,0.0,0.0,5.0,,2022-07-27
2022-07-28,930929,中证多资产风险平价指数,中证MARP,CSI Multi Asset Risk Parity Index,CSI MARP,,,,2057.32,,,0.0,0.0,5.0,,2022-07-28
2022-07-29,930929,中证多资产风险平价指数,中证MARP,CSI Multi Asset Risk Parity Index,CSI MARP,,,,2059.92,,,0.0,0.0,5.0,,2022-07-29
2022-08-01,930929,中证多资产风险平价指数,中证MARP,CSI Multi Asset Risk Parity Index,CSI MARP,,,,2062.25,,,0.0,0.0,5.0,,2022-08-01
2022-08-02,930929,中证多资产风险平价指数,中证MARP,CSI Multi Asset Risk Parity Index,CSI MARP,,,,2062.87,,,0.0,0.0,5.0,,2022-08-02
2022-08-03,930929,中证多资产风险平价指数,中证MARP,CSI Multi Asset Risk Parity Index,CSI MARP,,,,2062.39,,,0.0,0.0,5.0,,2022-08-03
2022-08-04,930929,中证多资产风险平价指数,中证MARP,CSI Multi Asset Risk Parity Index,CSI MARP,,,,2064.46,,,0.0,0.0,5.0,,2022-08-04
2022-08-05,930929,中证多资产风险平价指数,中证MARP,CSI Multi Asset Risk Parity Index,CSI MARP,,,,2066.93,,,0.0,0.0,5.0,,2022-08-05
2022-08-08,930929,中证多资产风险平价指数,中证MARP,CSI Multi Asset Risk Parity Index,CSI MARP,,,,2066.43,,,0.0,0.0,5.0,,2022-08-08
2022-08-09,930929,中证多资产风险平价指数,中证MARP,CSI Multi Asset Risk Parity Index,CSI MARP,,,,2066.56,,,0.0,0.0,5.0,,2022-08-09
2022-08-10,930929,中证多资产风险平价指数,中证MARP,CSI Multi Asset Risk Parity Index,CSI MARP,,,,2065.64,,,0.0,0.0,5.0,,2022-08-10
2022-08-11,930929,中证多资产风险平价指数,中证MARP,CSI Multi Asset Risk Parity Index,CSI MARP,,,,2066.28,,,0.0,0.0,5.0,,2022-08-11
2022-08-12,930929,中证多资产风险平价指数,中证MARP,CSI Multi Asset Risk Parity Index,CSI MARP,,,,2066.27,,,0.0,0.0,5.0,,2022-08-12
2022-08-15,930929,中证多资产风险平价指数,中证MARP,CSI Multi Asset Risk Parity Index,CSI MARP,,,,2069.98,,,0.0,0.0,5.0,,2022-08-15
2022-08-16,930929,中证多资产风险平价指数,中证MARP,CSI Multi Asset Risk Parity Index,CSI MARP,,,,2072.32,,,0.0,0.0,5.0,,2022-08-16
2022-08-17,930929,中证多资产风险平价指数,中证MARP,CSI Multi Asset Risk Parity Index,CSI MARP,,,,2073.06,,,0.0,0.0,5.0,,2022-08-17
2022-08-18,930929,中证多资产风险平价指数,中证MARP,CSI Multi Asset Risk Parity Index,CSI MARP,,,,2072.77,,,0.0,0.0,5.0,,2022-08-18
2022-08-19,930929,中证多资产风险平价指数,中证MARP,CSI Multi Asset Risk Parity Index,CSI MARP,,,,2072.59,,,0.0,0.0,5.0,,2022-08-19
2022-08-22,930929,中证多资产风险平价指数,中证MARP,CSI Multi Asset Risk Parity Index,CSI MARP,,,,2073.62,,,0.0,0.0,5.0,,2022-08-22
2022-08-23,930929,中证多资产风险平价指数,中证MARP,CSI Multi Asset Risk Parity Index,CSI MARP,,,,2072.89,,,0.0,0.0,5.0,,2022-08-23
2022-08-24,930929,中证多资产风险平价指数,中证MARP,CSI Multi Asset Risk Parity Index,CSI MARP,,,,2071.64,,,0.0,0.0,5.0,,2022-08-24
2022-08-25,930929,中证多资产风险平价指数,中证MARP,CSI Multi Asset Risk Parity Index,CSI MARP,,,,2071.5,,,0.0,0.0,5.0,,2022-08-25
2022-08-26,930929,中证多资产风险平价指数,中证MARP,CSI Multi Asset Risk Parity Index,CSI MARP,,,,2070.28,,,0.0,0.0,5.0,,2022-08-26
2022-08-29,930929,中证多资产风险平价指数,中证MARP,CSI Multi Asset Risk Parity Index,CSI MARP,,,,2069.12,,,0.0,0.0,5.0,,2022-08-29
2022-08-30,930929,中证多资产风险平价指数,中证MARP,CSI Multi Asset Risk Parity Index,CSI MARP,,,,2070.03,,,0.0,0.0,5.0,,2022-08-30
2022-08-31,930929,中证多资产风险平价指数,中证MARP,CSI Multi Asset Risk Parity Index,CSI MARP,,,,2068.53,,,0.0,0.0,5.0,,2022-08-31
2022-09-01,930929,中证多资产风险平价指数,中证MARP,CSI Multi Asset Risk Parity Index,CSI MARP,,,,2067.75,,,0.0,0.0,5.0,,2022-09-01
2022-09-02,930929,中证多资产风险平价指数,中证MARP,CSI Multi Asset Risk Parity Index,CSI MARP,,,,2068.36,,,0.0,0.0,5.0,,2022-09-02
2022-09-05,930929,中证多资产风险平价指数,中证MARP,CSI Multi Asset Risk Parity Index,CSI MARP,,,,2070.61,,,0.0,0.0,5.0,,2022-09-05
2022-09-06,930929,中证多资产风险平价指数,中证MARP,CSI Multi Asset Risk Parity Index,CSI MARP,,,,2072.82,,,0.0,0.0,5.0,,2022-09-06
2022-09-07,930929,中证多资产风险平价指数,中证MARP,CSI Multi Asset Risk Parity Index,CSI MARP,,,,2072.5,,,0.0,0.0,5.0,,2022-09-07
2022-09-08,930929,中证多资产风险平价指数,中证MARP,CSI Multi Asset Risk Parity Index,CSI MARP,,,,2073.24,,,0.0,0.0,5.0,,2022-09-08
2022-09-09,930929,中证多资产风险平价指数,中证MARP,CSI Multi Asset Risk Parity Index,CSI MARP,,,,2073.82,,,0.0,0.0,5.0,,2022-09-09
2022-09-13,930929,中证多资产风险平价指数,中证MARP,CSI Multi Asset Risk Parity Index,CSI MARP,,,,2074.19,,,0.0,0.0,5.0,,2022-09-13
2022-09-14,930929,中证多资产风险平价指数,中证MARP,CSI Multi Asset Risk Parity Index,CSI MARP,,,,2072.18,,,0.0,0.0,5.0,,2022-09-14
2022-09-15,930929,中证多资产风险平价指数,中证MARP,CSI Multi Asset Risk Parity Index,CSI MARP,,,,2070.55,,,0.0,0.0,5.0,,2022-09-15
2022-09-16,930929,中证多资产风险平价指数,中证MARP,CSI Multi Asset Risk Parity Index,CSI MARP,,,,2067.93,,,0.0,0.0,5.0,,2022-09-16
2022-09-19,930929,中证多资产风险平价指数,中证MARP,CSI Multi Asset Risk Parity Index,CSI MARP,,,,2068.34,,,0.0,0.0,5.0,,2022-09-19
2022-09-20,930929,中证多资产风险平价指数,中证MARP,CSI Multi Asset Risk Parity Index,CSI MARP,,,,2069.56,,,0.0,0.0,5.0,,2022-09-20
2022-09-21,930929,中证多资产风险平价指数,中证MARP,CSI Multi Asset Risk Parity Index,CSI MARP,,,,2070.2,,,0.0,0.0,5.0,,2022-09-21
2022-09-22,930929,中证多资产风险平价指数,中证MARP,CSI Multi Asset Risk Parity Index,CSI MARP,,,,2070.22,,,0.0,0.0,5.0,,2022-09-22
2022-09-23,930929,中证多资产风险平价指数,中证MARP,CSI Multi Asset Risk Parity Index,CSI MARP,,,,2070.04,,,0.0,0.0,5.0,,2022-09-23
2022-09-26,930929,中证多资产风险平价指数,中证MARP,CSI Multi Asset Risk Parity Index,CSI MARP,,,,2067.43,,,0.0,0.0,5.0,,2022-09-26
2022-09-27,930929,中证多资产风险平价指数,中证MARP,CSI Multi Asset Risk Parity Index,CSI MARP,,,,2068.03,,,0.0,0.0,5.0,,2022-09-27
2022-09-28,930929,中证多资产风险平价指数,中证MARP,CSI Multi Asset Risk Parity Index,CSI MARP,,,,2066.16,,,0.0,0.0,5.0,,2022-09-28
2022-09-29,930929,中证多资产风险平价指数,中证MARP,CSI Multi Asset Risk Parity Index,CSI MARP,,,,2066.1,,,0.0,0.0,5.0,,2022-09-29
2022-09-30,930929,中证多资产风险平价指数,中证MARP,CSI Multi Asset Risk Parity Index,CSI MARP,,,,2064.51,,,0.0,0.0,5.0,,2022-09-30
2022-10-10,930929,中证多资产风险平价指数,中证MARP,CSI Multi Asset Risk Parity Index,CSI MARP,,,,2066.98,,,0.0,0.0,5.0,,2022-10-10
2022-10-11,930929,中证多资产风险平价指数,中证MARP,CSI Multi Asset Risk Parity Index,CSI MARP,,,,2067.36,,,0.0,0.0,5.0,,2022-10-11
2022-10-12,930929,中证多资产风险平价指数,中证MARP,CSI Multi Asset Risk Parity Index,CSI MARP,,,,2069.28,,,0.0,0.0,5.0,,2022-10-12
2022-10-13,930929,中证多资产风险平价指数,中证MARP,CSI Multi Asset Risk Parity Index,CSI MARP,,,,2069.67,,,0.0,0.0,5.0,,2022-10-13
2022-10-14,930929,中证多资产风险平价指数,中证MARP,CSI Multi Asset Risk Parity Index,CSI MARP,,,,2072.34,,,0.0,0.0,5.0,,2022-10-14
2022-10-17,930929,中证多资产风险平价指数,中证MARP,CSI Multi Asset Risk Parity Index,CSI MARP,,,,2073.03,,,0.0,0.0,5.0,,2022-10-17
2022-10-18,930929,中证多资产风险平价指数,中证MARP,CSI Multi Asset Risk Parity Index,CSI MARP,,,,2073.98,,,0.0,0.0,5.0,,2022-10-18
2022-10-19,930929,中证多资产风险平价指数,中证MARP,CSI Multi Asset Risk Parity Index,CSI MARP,,,,2073.13,,,0.0,0.0,5.0,,2022-10-19
2022-10-20,930929,中证多资产风险平价指数,中证MARP,CSI Multi Asset Risk Parity Index,CSI MARP,,,,2072.17,,,0.0,0.0,5.0,,2022-10-20
2022-10-21,930929,中证多资产风险平价指数,中证MARP,CSI Multi Asset Risk Parity Index,CSI MARP,,,,2072.22,,,0.0,0.0,5.0,,2022-10-21
2022-10-24,930929,中证多资产风险平价指数,中证MARP,CSI Multi Asset Risk Parity Index,CSI MARP,,,,2073.07,,,0.0,0.0,5.0,,2022-10-24
2022-10-25,930929,中证多资产风险平价指数,中证MARP,CSI Multi Asset Risk Parity Index,CSI MARP,,,,2073.04,,,0.0,0.0,5.0,,2022-10-25
2022-10-26,930929,中证多资产风险平价指数,中证MARP,CSI Multi Asset Risk Parity Index,CSI MARP,,,,2073.66,,,0.0,0.0,5.0,,2022-10-26
2022-10-27,930929,中证多资产风险平价指数,中证MARP,CSI Multi Asset Risk Parity Index,CSI MARP,,,,2074.21,,,0.0,0.0,5.0,,2022-10-27
2022-10-28,930929,中证多资产风险平价指数,中证MARP,CSI Multi Asset Risk Parity Index,CSI MARP,,,,2072.86,,,0.0,0.0,5.0,,2022-10-28
2022-10-31,930929,中证多资产风险平价指数,中证MARP,CSI Multi Asset Risk Parity Index,CSI MARP,,,,2073.28,,,0.0,0.0,5.0,,2022-10-31
2022-11-01,930929,中证多资产风险平价指数,中证MARP,CSI Multi Asset Risk Parity Index,CSI MARP,,,,2075.1,,,0.0,0.0,5.0,,2022-11-01
2022-11-02,930929,中证多资产风险平价指数,中证MARP,CSI Multi Asset Risk Parity Index,CSI MARP,,,,2076.01,,,0.0,0.0,5.0,,2022-11-02
2022-11-03,930929,中证多资产风险平价指数,中证MARP,CSI Multi Asset Risk Parity Index,CSI MARP,,,,2075.34,,,0.0,0.0,5.0,,2022-11-03
2022-11-04,930929,中证多资产风险平价指数,中证MARP,CSI Multi Asset Risk Parity Index,CSI MARP,,,,2076.57,,,0.0,0.0,5.0,,2022-11-04
2022-11-07,930929,中证多资产风险平价指数,中证MARP,CSI Multi Asset Risk Parity Index,CSI MARP,,,,2077.37,,,0.0,0.0,5.0,,2022-11-07
2022-11-08,930929,中证多资产风险平价指数,中证MARP,CSI Multi Asset Risk Parity Index,CSI MARP,,,,2076.84,,,0.0,0.0,5.0,,2022-11-08
2022-11-09,930929,中证多资产风险平价指数,中证MARP,CSI Multi Asset Risk Parity Index,CSI MARP,,,,2079.23,,,0.0,0.0,5.0,,2022-11-09
2022-11-10,930929,中证多资产风险平价指数,中证MARP,CSI Multi Asset Risk Parity Index,CSI MARP,,,,2077.24,,,0.0,0.0,5.0,,2022-11-10
2022-11-11,930929,中证多资产风险平价指数,中证MARP,CSI Multi Asset Risk Parity Index,CSI MARP,,,,2077.82,,,0.0,0.0,5.0,,2022-11-11
2022-11-14,930929,中证多资产风险平价指数,中证MARP,CSI Multi Asset Risk Parity Index,CSI MARP,,,,2072.43,,,0.0,0.0,5.0,,2022-11-14
2022-11-15,930929,中证多资产风险平价指数,中证MARP,CSI Multi Asset Risk Parity Index,CSI MARP,,,,2071.41,,,0.0,0.0,5.0,,2022-11-15
2022-11-16,930929,中证多资产风险平价指数,中证MARP,CSI Multi Asset Risk Parity Index,CSI MARP,,,,2066.8,,,0.0,0.0,5.0,,2022-11-16
2022-11-17,930929,中证多资产风险平价指数,中证MARP,CSI Multi Asset Risk Parity Index,CSI MARP,,,,2064.92,,,0.0,0.0,5.0,,2022-11-17
2022-11-18,930929,中证多资产风险平价指数,中证MARP,CSI Multi Asset Risk Parity Index,CSI MARP,,,,2062.7,,,0.0,0.0,5.0,,2022-11-18
2022-11-21,930929,中证多资产风险平价指数,中证MARP,CSI Multi Asset Risk Parity Index,CSI MARP,,,,2063.47,,,0.0,0.0,5.0,,2022-11-21
2022-11-22,930929,中证多资产风险平价指数,中证MARP,CSI Multi Asset Risk Parity Index,CSI MARP,,,,2062.72,,,0.0,0.0,5.0,,2022-11-22
2022-11-23,930929,中证多资产风险平价指数,中证MARP,CSI Multi Asset Risk Parity Index,CSI MARP,,,,2063.46,,,0.0,0.0,5.0,,2022-11-23
2022-11-24,930929,中证多资产风险平价指数,中证MARP,CSI Multi Asset Risk Parity Index,CSI MARP,,,,2065.64,,,0.0,0.0,5.0,,2022-11-24
2022-11-25,930929,中证多资产风险平价指数,中证MARP,CSI Multi Asset Risk Parity Index,CSI MARP,,,,2065.54,,,0.0,0.0,5.0,,2022-11-25
2022-11-28,930929,中证多资产风险平价指数,中证MARP,CSI Multi Asset Risk Parity Index,CSI MARP,,,,2064.18,,,0.0,0.0,5.0,,2022-11-28
2022-11-29,930929,中证多资产风险平价指数,中证MARP,CSI Multi Asset Risk Parity Index,CSI MARP,,,,2062.21,,,0.0,0.0,5.0,,2022-11-29
2022-11-30,930929,中证多资产风险平价指数,中证MARP,CSI Multi Asset Risk Parity Index,CSI MARP,,,,2059.71,,,0.0,0.0,5.0,,2022-11-30
2022-12-01,930929,中证多资产风险平价指数,中证MARP,CSI Multi Asset Risk Parity Index,CSI MARP,,,,2060.24,,,0.0,0.0,5.0,,2022-12-01
2022-12-02,930929,中证多资产风险平价指数,中证MARP,CSI Multi Asset Risk Parity Index,CSI MARP,,,,2060.19,,,0.0,0.0,5.0,,2022-12-02
2022-12-05,930929,中证多资产风险平价指数,中证MARP,CSI Multi Asset Risk Parity Index,CSI MARP,,,,2059.77,,,0.0,0.0,5.0,,2022-12-05
2022-12-06,930929,中证多资产风险平价指数,中证MARP,CSI Multi Asset Risk Parity Index,CSI MARP,,,,2056.73,,,0.0,0.0,5.0,,2022-12-06
2022-12-07,930929,中证多资产风险平价指数,中证MARP,CSI Multi Asset Risk Parity Index,CSI MARP,,,,2054.4,,,0.0,0.0,5.0,,2022-12-07
2022-12-08,930929,中证多资产风险平价指数,中证MARP,CSI Multi Asset Risk Parity Index,CSI MARP,,,,2052.86,,,0.0,0.0,5.0,,2022-12-08
2022-12-09,930929,中证多资产风险平价指数,中证MARP,CSI Multi Asset Risk Parity Index,CSI MARP,,,,2052.61,,,0.0,0.0,5.0,,2022-12-09
2022-12-12,930929,中证多资产风险平价指数,中证MARP,CSI Multi Asset Risk Parity Index,CSI MARP,,,,2050.93,,,0.0,0.0,5.0,,2022-12-12
2022-12-13,930929,中证多资产风险平价指数,中证MARP,CSI Multi Asset Risk Parity Index,CSI MARP,,,,2045.09,,,0.0,0.0,5.0,,2022-12-13
2022-12-14,930929,中证多资产风险平价指数,中证MARP,CSI Multi Asset Risk Parity Index,CSI MARP,,,,2045.03,,,0.0,0.0,5.0,,2022-12-14
2022-12-15,930929,中证多资产风险平价指数,中证MARP,CSI Multi Asset Risk Parity Index,CSI MARP,,,,2045.09,,,0.0,0.0,5.0,,2022-12-15
2022-12-16,930929,中证多资产风险平价指数,中证MARP,CSI Multi Asset Risk Parity Index,CSI MARP,,,,2043.6,,,0.0,0.0,5.0,,2022-12-16
2022-12-19,930929,中证多资产风险平价指数,中证MARP,CSI Multi Asset Risk Parity Index,CSI MARP,,,,2044.63,,,0.0,0.0,5.0,,2022-12-19
2022-12-20,930929,中证多资产风险平价指数,中证MARP,CSI Multi Asset Risk Parity Index,CSI MARP,,,,2044.61,,,0.0,0.0,5.0,,2022-12-20
2022-12-21,930929,中证多资产风险平价指数,中证MARP,CSI Multi Asset Risk Parity Index,CSI MARP,,,,2045.75,,,0.0,0.0,5.0,,2022-12-21
2022-12-22,930929,中证多资产风险平价指数,中证MARP,CSI Multi Asset Risk Parity Index,CSI MARP,,,,2046.71,,,0.0,0.0,5.0,,2022-12-22
2022-12-23,930929,中证多资产风险平价指数,中证MARP,CSI Multi Asset Risk Parity Index,CSI MARP,,,,2046.97,,,0.0,0.0,5.0,,2022-12-23
2022-12-26,930929,中证多资产风险平价指数,中证MARP,CSI Multi Asset Risk Parity Index,CSI MARP,,,,2049.12,,,0.0,0.0,5.0,,2022-12-26
2022-12-27,930929,中证多资产风险平价指数,中证MARP,CSI Multi Asset Risk Parity Index,CSI MARP,,,,2049.94,,,0.0,0.0,5.0,,2022-12-27
2022-12-28,930929,中证多资产风险平价指数,中证MARP,CSI Multi Asset Risk Parity Index,CSI MARP,,,,2049.95,,,0.0,0.0,5.0,,2022-12-28
2022-12-29,930929,中证多资产风险平价指数,中证MARP,CSI Multi Asset Risk Parity Index,CSI MARP,,,,2050.26,,,0.0,0.0,5.0,,2022-12-29
2022-12-30,930929,中证多资产风险平价指数,中证MARP,CSI Multi Asset Risk Parity Index,CSI MARP,,,,2052.84,,,0.0,0.0,5.0,,2022-12-30
2023-01-03,930929,中证多资产风险平价指数,中证MARP,CSI Multi Asset Risk Parity Index,CSI MARP,,,,2055.05,,,0.0,0.0,5.0,,2023-01-03
2023-01-04,930929,中证多资产风险平价指数,中证MARP,CSI Multi Asset Risk Parity Index,CSI MARP,,,,2057.14,,,0.0,0.0,5.0,,2023-01-04
2023-01-05,930929,中证多资产风险平价指数,中证MARP,CSI Multi Asset Risk Parity Index,CSI MARP,,,,2060.04,,,0.0,0.0,5.0,,2023-01-05
2023-01-06,930929,中证多资产风险平价指数,中证MARP,CSI Multi Asset Risk Parity Index,CSI MARP,,,,2059.1,,,0.0,0.0,5.0,,2023-01-06
2023-01-09,930929,中证多资产风险平价指数,中证MARP,CSI Multi Asset Risk Parity Index,CSI MARP,,,,2061.04,,,0.0,0.0,5.0,,2023-01-09
2023-01-10,930929,中证多资产风险平价指数,中证MARP,CSI Multi Asset Risk Parity Index,CSI MARP,,,,2059.75,,,0.0,0.0,5.0,,2023-01-10
2023-01-11,930929,中证多资产风险平价指数,中证MARP,CSI Multi Asset Risk Parity Index,CSI MARP,,,,2058.67,,,0.0,0.0,5.0,,2023-01-11
2023-01-12,930929,中证多资产风险平价指数,中证MARP,CSI Multi Asset Risk Parity Index,CSI MARP,,,,2058.74,,,0.0,0.0,5.0,,2023-01-12
2023-01-13,930929,中证多资产风险平价指数,中证MARP,CSI Multi Asset Risk Parity Index,CSI MARP,,,,2059.98,,,0.0,0.0,5.0,,2023-01-13
2023-01-16,930929,中证多资产风险平价指数,中证MARP,CSI Multi Asset Risk Parity Index,CSI MARP,,,,2060.65,,,0.0,0.0,5.0,,2023-01-16
2023-01-17,930929,中证多资产风险平价指数,中证MARP,CSI Multi Asset Risk Parity Index,CSI MARP,,,,2061.51,,,0.0,0.0,5.0,,2023-01-17
2023-01-18,930929,中证多资产风险平价指数,中证MARP,CSI Multi Asset Risk Parity Index,CSI MARP,,,,2061.11,,,0.0,0.0,5.0,,2023-01-18
2023-01-19,930929,中证多资产风险平价指数,中证MARP,CSI Multi Asset Risk Parity Index,CSI MARP,,,,2062.37,,,0.0,0.0,5.0,,2023-01-19
2023-01-20,930929,中证多资产风险平价指数,中证MARP,CSI Multi Asset Risk Parity Index,CSI MARP,,,,2064.27,,,0.0,0.0,5.0,,2023-01-20
2023-01-30,930929,中证多资产风险平价指数,中证MARP,CSI Multi Asset Risk Parity Index,CSI MARP,,,,2066.24,,,0.0,0.0,5.0,,2023-01-30
2023-01-31,930929,中证多资产风险平价指数,中证MARP,CSI Multi Asset Risk Parity Index,CSI MARP,,,,2065.51,,,0.0,0.0,5.0,,2023-01-31
2023-02-01,930929,中证多资产风险平价指数,中证MARP,CSI Multi Asset Risk Parity Index,CSI MARP,,,,2067.01,,,0.0,0.0,5.0,,2023-02-01
2023-02-02,930929,中证多资产风险平价指数,中证MARP,CSI Multi Asset Risk Parity Index,CSI MARP,,,,2069.05,,,0.0,0.0,5.0,,2023-02-02
2023-02-03,930929,中证多资产风险平价指数,中证MARP,CSI Multi Asset Risk Parity Index,CSI MARP,,,,2067.06,,,0.0,0.0,5.0,,2023-02-03
2023-02-06,930929,中证多资产风险平价指数,中证MARP,CSI Multi Asset Risk Parity Index,CSI MARP,,,,2065.32,,,0.0,0.0,5.0,,2023-02-06
2023-02-07,930929,中证多资产风险平价指数,中证MARP,CSI Multi Asset Risk Parity Index,CSI MARP,,,,2065.97,,,0.0,0.0,5.0,,2023-02-07
2023-02-08,930929,中证多资产风险平价指数,中证MARP,CSI Multi Asset Risk Parity Index,CSI MARP,,,,2066.19,,,0.0,0.0,5.0,,2023-02-08
2023-02-09,930929,中证多资产风险平价指数,中证MARP,CSI Multi Asset Risk Parity Index,CSI MARP,,,,2068.33,,,0.0,0.0,5.0,,2023-02-09
2023-02-10,930929,中证多资产风险平价指数,中证MARP,CSI Multi Asset Risk Parity Index,CSI MARP,,,,2067.83,,,0.0,0.0,5.0,,2023-02-10
2023-02-13,930929,中证多资产风险平价指数,中证MARP,CSI Multi Asset Risk Parity Index,CSI MARP,,,,2070.68,,,0.0,0.0,5.0,,2023-02-13
2023-02-14,930929,中证多资产风险平价指数,中证MARP,CSI Multi Asset Risk Parity Index,CSI MARP,,,,2071.62,,,0.0,0.0,5.0,,2023-02-14
2023-02-15,930929,中证多资产风险平价指数,中证MARP,CSI Multi Asset Risk Parity Index,CSI MARP,,,,2071.55,,,0.0,0.0,5.0,,2023-02-15
2023-02-16,930929,中证多资产风险平价指数,中证MARP,CSI Multi Asset Risk Parity Index,CSI MARP,,,,2071.32,,,0.0,0.0,5.0,,2023-02-16
2023-02-17,930929,中证多资产风险平价指数,中证MARP,CSI Multi Asset Risk Parity Index,CSI MARP,,,,2070.78,,,0.0,0.0,5.0,,2023-02-17
2023-02-20,930929,中证多资产风险平价指数,中证MARP,CSI Multi Asset Risk Parity Index,CSI MARP,,,,2073.71,,,0.0,0.0,5.0,,2023-02-20
2023-02-21,930929,中证多资产风险平价指数,中证MARP,CSI Multi Asset Risk Parity Index,CSI MARP,,,,2073.49,,,0.0,0.0,5.0,,2023-02-21
2023-02-22,930929,中证多资产风险平价指数,中证MARP,CSI Multi Asset Risk Parity Index,CSI MARP,,,,2073.37,,,0.0,0.0,5.0,,2023-02-22
2023-02-23,930929,中证多资产风险平价指数,中证MARP,CSI Multi Asset Risk Parity Index,CSI MARP,,,,2073.18,,,0.0,0.0,5.0,,2023-02-23
2023-02-24,930929,中证多资产风险平价指数,中证MARP,CSI Multi Asset Risk Parity Index,CSI MARP,,,,2073.05,,,0.0,0.0,5.0,,2023-02-24
2023-02-27,930929,中证多资产风险平价指数,中证MARP,CSI Multi Asset Risk Parity Index,CSI MARP,,,,2072.75,,,0.0,0.0,5.0,,2023-02-27
2023-02-28,930929,中证多资产风险平价指数,中证MARP,CSI Multi Asset Risk Parity Index,CSI MARP,,,,2073.79,,,0.0,0.0,5.0,,2023-02-28
2023-03-01,930929,中证多资产风险平价指数,中证MARP,CSI Multi Asset Risk Parity Index,CSI MARP,,,,2075.29,,,0.0,0.0,5.0,,2023-03-01
2023-03-02,930929,中证多资产风险平价指数,中证MARP,CSI Multi Asset Risk Parity Index,CSI MARP,,,,2075.42,,,0.0,0.0,5.0,,2023-03-02
2023-03-03,930929,中证多资产风险平价指数,中证MARP,CSI Multi Asset Risk Parity Index,CSI MARP,,,,2076.41,,,0.0,0.0,5.0,,2023-03-03
2023-03-06,930929,中证多资产风险平价指数,中证MARP,CSI Multi Asset Risk Parity Index,CSI MARP,,,,2078.49,,,0.0,0.0,5.0,,2023-03-06
2023-03-07,930929,中证多资产风险平价指数,中证MARP,CSI Multi Asset Risk Parity Index,CSI MARP,,,,2078.12,,,0.0,0.0,5.0,,2023-03-07
2023-03-08,930929,中证多资产风险平价指数,中证MARP,CSI Multi Asset Risk Parity Index,CSI MARP,,,,2077.09,,,0.0,0.0,5.0,,2023-03-08
2023-03-09,930929,中证多资产风险平价指数,中证MARP,CSI Multi Asset Risk Parity Index,CSI MARP,,,,2077.63,,,0.0,0.0,5.0,,2023-03-09
2023-03-10,930929,中证多资产风险平价指数,中证MARP,CSI Multi Asset Risk Parity Index,CSI MARP,,,,2077.9,,,0.0,0.0,5.0,,2023-03-10
2023-03-13,930929,中证多资产风险平价指数,中证MARP,CSI Multi Asset Risk Parity Index,CSI MARP,,,,2080.89,,,0.0,0.0,5.0,,2023-03-13
2023-03-14,930929,中证多资产风险平价指数,中证MARP,CSI Multi Asset Risk Parity Index,CSI MARP,,,,2082.72,,,0.0,0.0,5.0,,2023-03-14
2023-03-15,930929,中证多资产风险平价指数,中证MARP,CSI Multi Asset Risk Parity Index,CSI MARP,,,,2083.56,,,0.0,0.0,5.0,,2023-03-15
2023-03-16,930929,中证多资产风险平价指数,中证MARP,CSI Multi Asset Risk Parity Index,CSI MARP,,,,2084.54,,,0.0,0.0,5.0,,2023-03-16
2023-03-17,930929,中证多资产风险平价指数,中证MARP,CSI Multi Asset Risk Parity Index,CSI MARP,,,,2086.75,,,0.0,0.0,5.0,,2023-03-17
2023-03-20,930929,中证多资产风险平价指数,中证MARP,CSI Multi Asset Risk Parity Index,CSI MARP,,,,2093.0,,,0.0,0.0,5.0,,2023-03-20
2023-03-21,930929,中证多资产风险平价指数,中证MARP,CSI Multi Asset Risk Parity Index,CSI MARP,,,,2092.92,,,0.0,0.0,5.0,,2023-03-21
2023-03-22,930929,中证多资产风险平价指数,中证MARP,CSI Multi Asset Risk Parity Index,CSI MARP,,,,2090.89,,,0.0,0.0,5.0,,2023-03-22
2023-03-23,930929,中证多资产风险平价指数,中证MARP,CSI Multi Asset Risk Parity Index,CSI MARP,,,,2093.03,,,0.0,0.0,5.0,,2023-03-23
2023-03-24,930929,中证多资产风险平价指数,中证MARP,CSI Multi Asset Risk Parity Index,CSI MARP,,,,2093.26,,,0.0,0.0,5.0,,2023-03-24
2023-03-27,930929,中证多资产风险平价指数,中证MARP,CSI Multi Asset Risk Parity Index,CSI MARP,,,,2093.07,,,0.0,0.0,5.0,,2023-03-27
2023-03-28,930929,中证多资产风险平价指数,中证MARP,CSI Multi Asset Risk Parity Index,CSI MARP,,,,2092.06,,,0.0,0.0,5.0,,2023-03-28
2023-03-29,930929,中证多资产风险平价指数,中证MARP,CSI Multi Asset Risk Parity Index,CSI MARP,,,,2092.86,,,0.0,0.0,5.0,,2023-03-29
2023-03-30,930929,中证多资产风险平价指数,中证MARP,CSI Multi Asset Risk Parity Index,CSI MARP,,,,2093.94,,,0.0,0.0,5.0,,2023-03-30
2023-03-31,930929,中证多资产风险平价指数,中证MARP,CSI Multi Asset Risk Parity Index,CSI MARP,,,,2096.17,,,0.0,0.0,5.0,,2023-03-31
2023-04-03,930929,中证多资产风险平价指数,中证MARP,CSI Multi Asset Risk Parity Index,CSI MARP,,,,2095.64,,,0.0,0.0,5.0,,2023-04-03
2023-04-04,930929,中证多资产风险平价指数,中证MARP,CSI Multi Asset Risk Parity Index,CSI MARP,,,,2098.02,,,0.0,0.0,5.0,,2023-04-04
2023-04-06,930929,中证多资产风险平价指数,中证MARP,CSI Multi Asset Risk Parity Index,CSI MARP,,,,2100.94,,,0.0,0.0,5.0,,2023-04-06
2023-04-07,930929,中证多资产风险平价指数,中证MARP,CSI Multi Asset Risk Parity Index,CSI MARP,,,,2101.92,,,0.0,0.0,5.0,,2023-04-07
2023-04-10,930929,中证多资产风险平价指数,中证MARP,CSI Multi Asset Risk Parity Index,CSI MARP,,,,2100.44,,,0.0,0.0,5.0,,2023-04-10
2023-04-11,930929,中证多资产风险平价指数,中证MARP,CSI Multi Asset Risk Parity Index,CSI MARP,,,,2102.41,,,0.0,0.0,5.0,,2023-04-11
2023-04-12,930929,中证多资产风险平价指数,中证MARP,CSI Multi Asset Risk Parity Index,CSI MARP,,,,2104.32,,,0.0,0.0,5.0,,2023-04-12
2023-04-13,930929,中证多资产风险平价指数,中证MARP,CSI Multi Asset Risk Parity Index,CSI MARP,,,,2104.24,,,0.0,0.0,5.0,,2023-04-13
2023-04-14,930929,中证多资产风险平价指数,中证MARP,CSI Multi Asset Risk Parity Index,CSI MARP,,,,2105.93,,,0.0,0.0,5.0,,2023-04-14
2023-04-17,930929,中证多资产风险平价指数,中证MARP,CSI Multi Asset Risk Parity Index,CSI MARP,,,,2105.53,,,0.0,0.0,5.0,,2023-04-17
2023-04-18,930929,中证多资产风险平价指数,中证MARP,CSI Multi Asset Risk Parity Index,CSI MARP,,,,2105.09,,,0.0,0.0,5.0,,2023-04-18
2023-04-19,930929,中证多资产风险平价指数,中证MARP,CSI Multi Asset Risk Parity Index,CSI MARP,,,,2104.61,,,0.0,0.0,5.0,,2023-04-19
2023-04-20,930929,中证多资产风险平价指数,中证MARP,CSI Multi Asset Risk Parity Index,CSI MARP,,,,2105.23,,,0.0,0.0,5.0,,2023-04-20
2023-04-21,930929,中证多资产风险平价指数,中证MARP,CSI Multi Asset Risk Parity Index,CSI MARP,,,,2102.63,,,0.0,0.0,5.0,,2023-04-21
2023-04-24,930929,中证多资产风险平价指数,中证MARP,CSI Multi Asset Risk Parity Index,CSI MARP,,,,2102.26,,,0.0,0.0,5.0,,2023-04-24
2023-04-25,930929,中证多资产风险平价指数,中证MARP,CSI Multi Asset Risk Parity Index,CSI MARP,,,,2103.35,,,0.0,0.0,5.0,,2023-04-25
2023-04-26,930929,中证多资产风险平价指数,中证MARP,CSI Multi Asset Risk Parity Index,CSI MARP,,,,2104.58,,,0.0,0.0,5.0,,2023-04-26
2023-04-27,930929,中证多资产风险平价指数,中证MARP,CSI Multi Asset Risk Parity Index,CSI MARP,,,,2107.36,,,0.0,0.0,5.0,,2023-04-27
2023-04-28,930929,中证多资产风险平价指数,中证MARP,CSI Multi Asset Risk Parity Index,CSI MARP,,,,2107.41,,,0.0,0.0,5.0,,2023-04-28
2023-05-04,930929,中证多资产风险平价指数,中证MARP,CSI Multi Asset Risk Parity Index,CSI MARP,,,,2113.28,,,0.0,0.0,5.0,,2023-05-04
2023-05-05,930929,中证多资产风险平价指数,中证MARP,CSI Multi Asset Risk Parity Index,CSI MARP,,,,2115.34,,,0.0,0.0,5.0,,2023-05-05
2023-05-08,930929,中证多资产风险平价指数,中证MARP,CSI Multi Asset Risk Parity Index,CSI MARP,,,,2115.33,,,0.0,0.0,5.0,,2023-05-08
2023-05-09,930929,中证多资产风险平价指数,中证MARP,CSI Multi Asset Risk Parity Index,CSI MARP,,,,2115.36,,,0.0,0.0,5.0,,2023-05-09
2023-05-10,930929,中证多资产风险平价指数,中证MARP,CSI Multi Asset Risk Parity Index,CSI MARP,,,,2116.72,,,0.0,0.0,5.0,,2023-05-10
2023-05-11,930929,中证多资产风险平价指数,中证MARP,CSI Multi Asset Risk Parity Index,CSI MARP,,,,2118.2,,,0.0,0.0,5.0,,2023-05-11
2023-05-12,930929,中证多资产风险平价指数,中证MARP,CSI Multi Asset Risk Parity Index,CSI MARP,,,,2116.23,,,0.0,0.0,5.0,,2023-05-12
2023-05-15,930929,中证多资产风险平价指数,中证MARP,CSI Multi Asset Risk Parity Index,CSI MARP,,,,2118.49,,,0.0,0.0,5.0,,2023-05-15
2023-05-16,930929,中证多资产风险平价指数,中证MARP,CSI Multi Asset Risk Parity Index,CSI MARP,,,,2117.42,,,0.0,0.0,5.0,,2023-05-16
2023-05-17,930929,中证多资产风险平价指数,中证MARP,CSI Multi Asset Risk Parity Index,CSI MARP,,,,2116.71,,,0.0,0.0,5.0,,2023-05-17
2023-05-18,930929,中证多资产风险平价指数,中证MARP,CSI Multi Asset Risk Parity Index,CSI MARP,,,,2116.19,,,0.0,0.0,5.0,,2023-05-18
2023-05-19,930929,中证多资产风险平价指数,中证MARP,CSI Multi Asset Risk Parity Index,CSI MARP,,,,2115.78,,,0.0,0.0,5.0,,2023-05-19
2023-05-22,930929,中证多资产风险平价指数,中证MARP,CSI Multi Asset Risk Parity Index,CSI MARP,,,,2118.04,,,0.0,0.0,5.0,,2023-05-22
2023-05-23,930929,中证多资产风险平价指数,中证MARP,CSI Multi Asset Risk Parity Index,CSI MARP,,,,2117.9,,,0.0,0.0,5.0,,2023-05-23
2023-05-24,930929,中证多资产风险平价指数,中证MARP,CSI Multi Asset Risk Parity Index,CSI MARP,,,,2117.93,,,0.0,0.0,5.0,,2023-05-24
2023-05-25,930929,中证多资产风险平价指数,中证MARP,CSI Multi Asset Risk Parity Index,CSI MARP,,,,2116.78,,,0.0,0.0,5.0,,2023-05-25
2023-05-26,930929,中证多资产风险平价指数,中证MARP,CSI Multi Asset Risk Parity Index,CSI MARP,,,,2115.85,,,0.0,0.0,5.0,,2023-05-26
2023-05-29,930929,中证多资产风险平价指数,中证MARP,CSI Multi Asset Risk Parity Index,CSI MARP,,,,2116.28,,,0.0,0.0,5.0,,2023-05-29
2023-05-30,930929,中证多资产风险平价指数,中证MARP,CSI Multi Asset Risk Parity Index,CSI MARP,,,,2116.5,,,0.0,0.0,5.0,,2023-05-30
2023-05-31,930929,中证多资产风险平价指数,中证MARP,CSI Multi Asset Risk Parity Index,CSI MARP,,,,2118.86,,,0.0,0.0,5.0,,2023-05-31
2023-06-01,930929,中证多资产风险平价指数,中证MARP,CSI Multi Asset Risk Parity Index,CSI MARP,,,,2119.87,,,0.0,0.0,5.0,,2023-06-01
2023-06-02,930929,中证多资产风险平价指数,中证MARP,CSI Multi Asset Risk Parity Index,CSI MARP,,,,2121.4,,,0.0,0.0,5.0,,2023-06-02
2023-06-05,930929,中证多资产风险平价指数,中证MARP,CSI Multi Asset Risk Parity Index,CSI MARP,,,,2119.67,,,0.0,0.0,5.0,,2023-06-05
2023-06-06,930929,中证多资产风险平价指数,中证MARP,CSI Multi Asset Risk Parity Index,CSI MARP,,,,2120.07,,,0.0,0.0,5.0,,2023-06-06
2023-06-07,930929,中证多资产风险平价指数,中证MARP,CSI Multi Asset Risk Parity Index,CSI MARP,,,,2121.02,,,0.0,0.0,5.0,,2023-06-07
2023-06-08,930929,中证多资产风险平价指数,中证MARP,CSI Multi Asset Risk Parity Index,CSI MARP,,,,2120.39,,,0.0,0.0,5.0,,2023-06-08
2023-06-09,930929,中证多资产风险平价指数,中证MARP,CSI Multi Asset Risk Parity Index,CSI MARP,,,,2123.18,,,0.0,0.0,5.0,,2023-06-09
2023-06-12,930929,中证多资产风险平价指数,中证MARP,CSI Multi Asset Risk Parity Index,CSI MARP,,,,2124.42,,,0.0,0.0,5.0,,2023-06-12
2023-06-13,930929,中证多资产风险平价指数,中证MARP,CSI Multi Asset Risk Parity Index,CSI MARP,,,,2127.15,,,0.0,0.0,5.0,,2023-06-13
2023-06-14,930929,中证多资产风险平价指数,中证MARP,CSI Multi Asset Risk Parity Index,CSI MARP,,,,2127.2,,,0.0,0.0,5.0,,2023-06-14
2023-06-15,930929,中证多资产风险平价指数,中证MARP,CSI Multi Asset Risk Parity Index,CSI MARP,,,,2126.28,,,0.0,0.0,5.0,,2023-06-15
2023-06-16,930929,中证多资产风险平价指数,中证MARP,CSI Multi Asset Risk Parity Index,CSI MARP,,,,2126.59,,,0.0,0.0,5.0,,2023-06-16
2023-06-19,930929,中证多资产风险平价指数,中证MARP,CSI Multi Asset Risk Parity Index,CSI MARP,,,,2125.0,,,0.0,0.0,5.0,,2023-06-19
2023-06-20,930929,中证多资产风险平价指数,中证MARP,CSI Multi Asset Risk Parity Index,CSI MARP,,,,2124.97,,,0.0,0.0,5.0,,2023-06-20
2023-06-21,930929,中证多资产风险平价指数,中证MARP,CSI Multi Asset Risk Parity Index,CSI MARP,,,,2122.54,,,0.0,0.0,5.0,,2023-06-21
2023-06-26,930929,中证多资产风险平价指数,中证MARP,CSI Multi Asset Risk Parity Index,CSI MARP,,,,2121.77,,,0.0,0.0,5.0,,2023-06-26
2023-06-27,930929,中证多资产风险平价指数,中证MARP,CSI Multi Asset Risk Parity Index,CSI MARP,,,,2122.17,,,0.0,0.0,5.0,,2023-06-27
2023-06-28,930929,中证多资产风险平价指数,中证MARP,CSI Multi Asset Risk Parity Index,CSI MARP,,,,2121.9,,,0.0,0.0,5.0,,2023-06-28
2023-06-29,930929,中证多资产风险平价指数,中证MARP,CSI Multi Asset Risk Parity Index,CSI MARP,,,,2122.47,,,0.0,0.0,5.0,,2023-06-29
2023-06-30,930929,中证多资产风险平价指数,中证MARP,CSI Multi Asset Risk Parity Index,CSI MARP,,,,2125.03,,,0.0,0.0,5.0,,2023-06-30
2023-07-03,930929,中证多资产风险平价指数,中证MARP,CSI Multi Asset Risk Parity Index,CSI MARP,,,,2127.11,,,0.0,0.0,5.0,,2023-07-03
2023-07-04,930929,中证多资产风险平价指数,中证MARP,CSI Multi Asset Risk Parity Index,CSI MARP,,,,2128.23,,,0.0,0.0,5.0,,2023-07-04
2023-07-05,930929,中证多资产风险平价指数,中证MARP,CSI Multi Asset Risk Parity Index,CSI MARP,,,,2127.69,,,0.0,0.0,5.0,,2023-07-05
2023-07-06,930929,中证多资产风险平价指数,中证MARP,CSI Multi Asset Risk Parity Index,CSI MARP,,,,2127.34,,,0.0,0.0,5.0,,2023-07-06
2023-07-07,930929,中证多资产风险平价指数,中证MARP,CSI Multi Asset Risk Parity Index,CSI MARP,,,,2127.49,,,0.0,0.0,5.0,,2023-07-07
2023-07-10,930929,中证多资产风险平价指数,中证MARP,CSI Multi Asset Risk Parity Index,CSI MARP,,,,2128.66,,,0.0,0.0,5.0,,2023-07-10
2023-07-11,930929,中证多资产风险平价指数,中证MARP,CSI Multi Asset Risk Parity Index,CSI MARP,,,,2130.25,,,0.0,0.0,5.0,,2023-07-11
2023-07-12,930929,中证多资产风险平价指数,中证MARP,CSI Multi Asset Risk Parity Index,CSI MARP,,,,2129.44,,,0.0,0.0,5.0,,2023-07-12
2023-07-13,930929,中证多资产风险平价指数,中证MARP,CSI Multi Asset Risk Parity Index,CSI MARP,,,,2132.29,,,0.0,0.0,5.0,,2023-07-13
2023-07-14,930929,中证多资产风险平价指数,中证MARP,CSI Multi Asset Risk Parity Index,CSI MARP,,,,2131.3,,,0.0,0.0,5.0,,2023-07-14
2023-07-17,930929,中证多资产风险平价指数,中证MARP,CSI Multi Asset Risk Parity Index,CSI MARP,,,,2132.33,,,0.0,0.0,5.0,,2023-07-17
2023-07-18,930929,中证多资产风险平价指数,中证MARP,CSI Multi Asset Risk Parity Index,CSI MARP,,,,2133.49,,,0.0,0.0,5.0,,2023-07-18
2023-07-19,930929,中证多资产风险平价指数,中证MARP,CSI Multi Asset Risk Parity Index,CSI MARP,,,,2135.74,,,0.0,0.0,5.0,,2023-07-19
2023-07-20,930929,中证多资产风险平价指数,中证MARP,CSI Multi Asset Risk Parity Index,CSI MARP,,,,2134.84,,,0.0,0.0,5.0,,2023-07-20
2023-07-21,930929,中证多资产风险平价指数,中证MARP,CSI Multi Asset Risk Parity Index,CSI MARP,,,,2135.47,,,0.0,0.0,5.0,,2023-07-21
2023-07-24,930929,中证多资产风险平价指数,中证MARP,CSI Multi Asset Risk Parity Index,CSI MARP,,,,2135.47,,,0.0,0.0,5.0,,2023-07-24
2023-07-25,930929,中证多资产风险平价指数,中证MARP,CSI Multi Asset Risk Parity Index,CSI MARP,,,,2134.61,,,0.0,0.0,5.0,,2023-07-25
2023-07-26,930929,中证多资产风险平价指数,中证MARP,CSI Multi Asset Risk Parity Index,CSI MARP,,,,2134.5,,,0.0,0.0,5.0,,2023-07-26
2023-07-27,930929,中证多资产风险平价指数,中证MARP,CSI Multi Asset Risk Parity Index,CSI MARP,,,,2135.62,,,0.0,0.0,5.0,,2023-07-27
2023-07-28,930929,中证多资产风险平价指数,中证MARP,CSI Multi Asset Risk Parity Index,CSI MARP,,,,2136.18,,,0.0,0.0,5.0,,2023-07-28
2023-07-31,930929,中证多资产风险平价指数,中证MARP,CSI Multi Asset Risk Parity Index,CSI MARP,,,,2136.59,,,0.0,0.0,5.0,,2023-07-31
2023-08-01,930929,中证多资产风险平价指数,中证MARP,CSI Multi Asset Risk Parity Index,CSI MARP,,,,2137.22,,,0.0,0.0,5.0,,2023-08-01
2023-08-02,930929,中证多资产风险平价指数,中证MARP,CSI Multi Asset Risk Parity Index,CSI MARP,,,,2136.97,,,0.0,0.0,5.0,,2023-08-02
2023-08-03,930929,中证多资产风险平价指数,中证MARP,CSI Multi Asset Risk Parity Index,CSI MARP,,,,2138.21,,,0.0,0.0,5.0,,2023-08-03
2023-08-04,930929,中证多资产风险平价指数,中证MARP,CSI Multi Asset Risk Parity Index,CSI MARP,,,,2139.17,,,0.0,0.0,5.0,,2023-08-04
2023-08-07,930929,中证多资产风险平价指数,中证MARP,CSI Multi Asset Risk Parity Index,CSI MARP,,,,2139.35,,,0.0,0.0,5.0,,2023-08-07
2023-08-08,930929,中证多资产风险平价指数,中证MARP,CSI Multi Asset Risk Parity Index,CSI MARP,,,,2139.72,,,0.0,0.0,5.0,,2023-08-08
2023-08-09,930929,中证多资产风险平价指数,中证MARP,CSI Multi Asset Risk Parity Index,CSI MARP,,,,2139.62,,,0.0,0.0,5.0,,2023-08-09
2023-08-10,930929,中证多资产风险平价指数,中证MARP,CSI Multi Asset Risk Parity Index,CSI MARP,,,,2139.36,,,0.0,0.0,5.0,,2023-08-10
2023-08-11,930929,中证多资产风险平价指数,中证MARP,CSI Multi Asset Risk Parity Index,CSI MARP,,,,2137.79,,,0.0,0.0,5.0,,2023-08-11
2023-08-14,930929,中证多资产风险平价指数,中证MARP,CSI Multi Asset Risk Parity Index,CSI MARP,,,,2139.26,,,0.0,0.0,5.0,,2023-08-14
2023-08-15,930929,中证多资产风险平价指数,中证MARP,CSI Multi Asset Risk Parity Index,CSI MARP,,,,2141.62,,,0.0,0.0,5.0,,2023-08-15
2023-08-16,930929,中证多资产风险平价指数,中证MARP,CSI Multi Asset Risk Parity Index,CSI MARP,,,,2141.8,,,0.0,0.0,5.0,,2023-08-16
2023-08-17,930929,中证多资产风险平价指数,中证MARP,CSI Multi Asset Risk Parity Index,CSI MARP,,,,2142.5,,,0.0,0.0,5.0,,2023-08-17
2023-08-18,930929,中证多资产风险平价指数,中证MARP,CSI Multi Asset Risk Parity Index,CSI MARP,,,,2141.04,,,0.0,0.0,5.0,,2023-08-18
2023-08-21,930929,中证多资产风险平价指数,中证MARP,CSI Multi Asset Risk Parity Index,CSI MARP,,,,2141.99,,,0.0,0.0,5.0,,2023-08-21
2023-08-22,930929,中证多资产风险平价指数,中证MARP,CSI Multi Asset Risk Parity Index,CSI MARP,,,,2142.73,,,0.0,0.0,5.0,,2023-08-22
2023-08-23,930929,中证多资产风险平价指数,中证MARP,CSI Multi Asset Risk Parity Index,CSI MARP,,,,2141.32,,,0.0,0.0,5.0,,2023-08-23
2023-08-24,930929,中证多资产风险平价指数,中证MARP,CSI Multi Asset Risk Parity Index,CSI MARP,,,,2142.59,,,0.0,0.0,5.0,,2023-08-24
2023-08-25,930929,中证多资产风险平价指数,中证MARP,CSI Multi Asset Risk Parity Index,CSI MARP,,,,2140.79,,,0.0,0.0,5.0,,2023-08-25
2023-08-28,930929,中证多资产风险平价指数,中证MARP,CSI Multi Asset Risk Parity Index,CSI MARP,,,,2141.07,,,0.0,0.0,5.0,,2023-08-28
2023-08-29,930929,中证多资产风险平价指数,中证MARP,CSI Multi Asset Risk Parity Index,CSI MARP,,,,2142.73,,,0.0,0.0,5.0,,2023-08-29
2023-08-30,930929,中证多资产风险平价指数,中证MARP,CSI Multi Asset Risk Parity Index,CSI MARP,,,,2143.84,,,0.0,0.0,5.0,,2023-08-30
2023-08-31,930929,中证多资产风险平价指数,中证MARP,CSI Multi Asset Risk Parity Index,CSI MARP,,,,2144.26,,,0.0,0.0,5.0,,2023-08-31
2023-09-01,930929,中证多资产风险平价指数,中证MARP,CSI Multi Asset Risk Parity Index,CSI MARP,,,,2143.66,,,0.0,0.0,5.0,,2023-09-01
2023-09-04,930929,中证多资产风险平价指数,中证MARP,CSI Multi Asset Risk Parity Index,CSI MARP,,,,2144.0,,,0.0,0.0,5.0,,2023-09-04
2023-09-05,930929,中证多资产风险平价指数,中证MARP,CSI Multi Asset Risk Parity Index,CSI MARP,,,,2143.16,,,0.0,0.0,5.0,,2023-09-05
2023-09-06,930929,中证多资产风险平价指数,中证MARP,CSI Multi Asset Risk Parity Index,CSI MARP,,,,2141.37,,,0.0,0.0,5.0,,2023-09-06
2023-09-07,930929,中证多资产风险平价指数,中证MARP,CSI Multi Asset Risk Parity Index,CSI MARP,,,,2138.38,,,0.0,0.0,5.0,,2023-09-07
2023-09-08,930929,中证多资产风险平价指数,中证MARP,CSI Multi Asset Risk Parity Index,CSI MARP,,,,2137.83,,,0.0,0.0,5.0,,2023-09-08
2023-09-11,930929,中证多资产风险平价指数,中证MARP,CSI Multi Asset Risk Parity Index,CSI MARP,,,,2138.42,,,0.0,0.0,5.0,,2023-09-11
2023-09-12,930929,中证多资产风险平价指数,中证MARP,CSI Multi Asset Risk Parity Index,CSI MARP,,,,2138.01,,,0.0,0.0,5.0,,2023-09-12
2023-09-13,930929,中证多资产风险平价指数,中证MARP,CSI Multi Asset Risk Parity Index,CSI MARP,,,,2138.31,,,0.0,0.0,5.0,,2023-09-13
2023-09-14,930929,中证多资产风险平价指数,中证MARP,CSI Multi Asset Risk Parity Index,CSI MARP,,,,2140.8,,,0.0,0.0,5.0,,2023-09-14
2023-09-15,930929,中证多资产风险平价指数,中证MARP,CSI Multi Asset Risk Parity Index,CSI MARP,,,,2138.74,,,0.0,0.0,5.0,,2023-09-15
2023-09-18,930929,中证多资产风险平价指数,中证MARP,CSI Multi Asset Risk Parity Index,CSI MARP,,,,2137.67,,,0.0,0.0,5.0,,2023-09-18
2023-09-19,930929,中证多资产风险平价指数,中证MARP,CSI Multi Asset Risk Parity Index,CSI MARP,,,,2138.21,,,0.0,0.0,5.0,,2023-09-19
2023-09-20,930929,中证多资产风险平价指数,中证MARP,CSI Multi Asset Risk Parity Index,CSI MARP,,,,2138.83,,,0.0,0.0,5.0,,2023-09-20
2023-09-21,930929,中证多资产风险平价指数,中证MARP,CSI Multi Asset Risk Parity Index,CSI MARP,,,,2138.27,,,0.0,0.0,5.0,,2023-09-21
2023-09-22,930929,中证多资产风险平价指数,中证MARP,CSI Multi Asset Risk Parity Index,CSI MARP,,,,2138.79,,,0.0,0.0,5.0,,2023-09-22
2023-09-25,930929,中证多资产风险平价指数,中证MARP,CSI Multi Asset Risk Parity Index,CSI MARP,,,,2138.81,,,0.0,0.0,5.0,,2023-09-25
2023-09-26,930929,中证多资产风险平价指数,中证MARP,CSI Multi Asset Risk Parity Index,CSI MARP,,,,2137.89,,,0.0,0.0,5.0,,2023-09-26
2023-09-27,930929,中证多资产风险平价指数,中证MARP,CSI Multi Asset Risk Parity Index,CSI MARP,,,,2135.59,,,0.0,0.0,5.0,,2023-09-27
2023-09-28,930929,中证多资产风险平价指数,中证MARP,CSI Multi Asset Risk Parity Index,CSI MARP,,,,2134.45,,,0.0,0.0,5.0,,2023-09-28
2023-10-09,930929,中证多资产风险平价指数,中证MARP,CSI Multi Asset Risk Parity Index,CSI MARP,,,,2135.07,,,0.0,0.0,5.0,,2023-10-09
2023-10-10,930929,中证多资产风险平价指数,中证MARP,CSI Multi Asset Risk Parity Index,CSI MARP,,,,2131.55,,,0.0,0.0,5.0,,2023-10-10
2023-10-11,930929,中证多资产风险平价指数,中证MARP,CSI Multi Asset Risk Parity Index,CSI MARP,,,,2130.9,,,0.0,0.0,5.0,,2023-10-11
2023-10-12,930929,中证多资产风险平价指数,中证MARP,CSI Multi Asset Risk Parity Index,CSI MARP,,,,2132.85,,,0.0,0.0,5.0,,2023-10-12
2023-10-13,930929,中证多资产风险平价指数,中证MARP,CSI Multi Asset Risk Parity Index,CSI MARP,,,,2132.94,,,0.0,0.0,5.0,,2023-10-13
2023-10-16,930929,中证多资产风险平价指数,中证MARP,CSI Multi Asset Risk Parity Index,CSI MARP,,,,2134.45,,,0.0,0.0,5.0,,2023-10-16
2023-10-17,930929,中证多资产风险平价指数,中证MARP,CSI Multi Asset Risk Parity Index,CSI MARP,,,,2135.04,,,0.0,0.0,5.0,,2023-10-17
2023-10-18,930929,中证多资产风险平价指数,中证MARP,CSI Multi Asset Risk Parity Index,CSI MARP,,,,2135.12,,,0.0,0.0,5.0,,2023-10-18
2023-10-19,930929,中证多资产风险平价指数,中证MARP,CSI Multi Asset Risk Parity Index,CSI MARP,,,,2132.75,,,0.0,0.0,5.0,,2023-10-19
2023-10-20,930929,中证多资产风险平价指数,中证MARP,CSI Multi Asset Risk Parity Index,CSI MARP,,,,2133.46,,,0.0,0.0,5.0,,2023-10-20
2023-10-23,930929,中证多资产风险平价指数,中证MARP,CSI Multi Asset Risk Parity Index,CSI MARP,,,,2132.1,,,0.0,0.0,5.0,,2023-10-23
2023-10-24,930929,中证多资产风险平价指数,中证MARP,CSI Multi Asset Risk Parity Index,CSI MARP,,,,2131.89,,,0.0,0.0,5.0,,2023-10-24
2023-10-25,930929,中证多资产风险平价指数,中证MARP,CSI Multi Asset Risk Parity Index,CSI MARP,,,,2133.28,,,0.0,0.0,5.0,,2023-10-25
2023-10-26,930929,中证多资产风险平价指数,中证MARP,CSI Multi Asset Risk Parity Index,CSI MARP,,,,2135.1,,,0.0,0.0,5.0,,2023-10-26
2023-10-27,930929,中证多资产风险平价指数,中证MARP,CSI Multi Asset Risk Parity Index,CSI MARP,,,,2137.59,,,0.0,0.0,5.0,,2023-10-27
2023-10-30,930929,中证多资产风险平价指数,中证MARP,CSI Multi Asset Risk Parity Index,CSI MARP,,,,2139.59,,,0.0,0.0,5.0,,2023-10-30
2023-10-31,930929,中证多资产风险平价指数,中证MARP,CSI Multi Asset Risk Parity Index,CSI MARP,,,,2140.66,,,0.0,0.0,5.0,,2023-10-31
2023-11-01,930929,中证多资产风险平价指数,中证MARP,CSI Multi Asset Risk Parity Index,CSI MARP,,,,2140.42,,,0.0,0.0,5.0,,2023-11-01
2023-11-02,930929,中证多资产风险平价指数,中证MARP,CSI Multi Asset Risk Parity Index,CSI MARP,,,,2141.31,,,0.0,0.0,5.0,,2023-11-02
2023-11-03,930929,中证多资产风险平价指数,中证MARP,CSI Multi Asset Risk Parity Index,CSI MARP,,,,2142.5,,,0.0,0.0,5.0,,2023-11-03
2023-11-06,930929,中证多资产风险平价指数,中证MARP,CSI Multi Asset Risk Parity Index,CSI MARP,,,,2144.31,,,0.0,0.0,5.0,,2023-11-06
2023-11-07,930929,中证多资产风险平价指数,中证MARP,CSI Multi Asset Risk Parity Index,CSI MARP,,,,2143.69,,,0.0,0.0,5.0,,2023-11-07
2023-11-08,930929,中证多资产风险平价指数,中证MARP,CSI Multi Asset Risk Parity Index,CSI MARP,,,,2143.47,,,0.0,0.0,5.0,,2023-11-08
2023-11-09,930929,中证多资产风险平价指数,中证MARP,CSI Multi Asset Risk Parity Index,CSI MARP,,,,2142.78,,,0.0,0.0,5.0,,2023-11-09
2023-11-10,930929,中证多资产风险平价指数,中证MARP,CSI Multi Asset Risk Parity Index,CSI MARP,,,,2143.91,,,0.0,0.0,5.0,,2023-11-10
2023-11-13,930929,中证多资产风险平价指数,中证MARP,CSI Multi Asset Risk Parity Index,CSI MARP,,,,2144.41,,,0.0,0.0,5.0,,2023-11-13
2023-11-14,930929,中证多资产风险平价指数,中证MARP,CSI Multi Asset Risk Parity Index,CSI MARP,,,,2145.27,,,0.0,0.0,5.0,,2023-11-14
2023-11-15,930929,中证多资产风险平价指数,中证MARP,CSI Multi Asset Risk Parity Index,CSI MARP,,,,2147.35,,,0.0,0.0,5.0,,2023-11-15
2023-11-16,930929,中证多资产风险平价指数,中证MARP,CSI Multi Asset Risk Parity Index,CSI MARP,,,,2146.34,,,0.0,0.0,5.0,,2023-11-16
2023-11-17,930929,中证多资产风险平价指数,中证MARP,CSI Multi Asset Risk Parity Index,CSI MARP,,,,2147.58,,,0.0,0.0,5.0,,2023-11-17
2023-11-20,930929,中证多资产风险平价指数,中证MARP,CSI Multi Asset Risk Parity Index,CSI MARP,,,,2146.52,,,0.0,0.0,5.0,,2023-11-20
2023-11-21,930929,中证多资产风险平价指数,中证MARP,CSI Multi Asset Risk Parity Index,CSI MARP,,,,2146.65,,,0.0,0.0,5.0,,2023-11-21
2023-11-22,930929,中证多资产风险平价指数,中证MARP,CSI Multi Asset Risk Parity Index,CSI MARP,,,,2144.2,,,0.0,0.0,5.0,,2023-11-22
2023-11-23,930929,中证多资产风险平价指数,中证MARP,CSI Multi Asset Risk Parity Index,CSI MARP,,,,2143.66,,,0.0,0.0,5.0,,2023-11-23
2023-11-24,930929,中证多资产风险平价指数,中证MARP,CSI Multi Asset Risk Parity Index,CSI MARP,,,,2142.76,,,0.0,0.0,5.0,,2023-11-24
2023-11-27,930929,中证多资产风险平价指数,中证MARP,CSI Multi Asset Risk Parity Index,CSI MARP,,,,2143.24,,,0.0,0.0,5.0,,2023-11-27
2023-11-28,930929,中证多资产风险平价指数,中证MARP,CSI Multi Asset Risk Parity Index,CSI MARP,,,,2144.83,,,0.0,0.0,5.0,,2023-11-28
2023-11-29,930929,中证多资产风险平价指数,中证MARP,CSI Multi Asset Risk Parity Index,CSI MARP,,,,2144.84,,,0.0,0.0,5.0,,2023-11-29
2023-11-30,930929,中证多资产风险平价指数,中证MARP,CSI Multi Asset Risk Parity Index,CSI MARP,,,,2145.59,,,0.0,0.0,5.0,,2023-11-30
2023-12-01,930929,中证多资产风险平价指数,中证MARP,CSI Multi Asset Risk Parity Index,CSI MARP,,,,2145.93,,,0.0,0.0,5.0,,2023-12-01
2023-12-04,930929,中证多资产风险平价指数,中证MARP,CSI Multi Asset Risk Parity Index,CSI MARP,,,,2147.27,,,0.0,0.0,5.0,,2023-12-04
2023-12-05,930929,中证多资产风险平价指数,中证MARP,CSI Multi Asset Risk Parity Index,CSI MARP,,,,2143.17,,,0.0,0.0,5.0,,2023-12-05
2023-12-06,930929,中证多资产风险平价指数,中证MARP,CSI Multi Asset Risk Parity Index,CSI MARP,,,,2143.09,,,0.0,0.0,5.0,,2023-12-06
2023-12-07,930929,中证多资产风险平价指数,中证MARP,CSI Multi Asset Risk Parity Index,CSI MARP,,,,2143.13,,,0.0,0.0,5.0,,2023-12-07
2023-12-08,930929,中证多资产风险平价指数,中证MARP,CSI Multi Asset Risk Parity Index,CSI MARP,,,,2143.92,,,0.0,0.0,5.0,,2023-12-08
2023-12-11,930929,中证多资产风险平价指数,中证MARP,CSI Multi Asset Risk Parity Index,CSI MARP,,,,2145.59,,,0.0,0.0,5.0,,2023-12-11
2023-12-12,930929,中证多资产风险平价指数,中证MARP,CSI Multi Asset Risk Parity Index,CSI MARP,,,,2145.28,,,0.0,0.0,5.0,,2023-12-12
2023-12-13,930929,中证多资产风险平价指数,中证MARP,CSI Multi Asset Risk Parity Index,CSI MARP,,,,2145.03,,,0.0,0.0,5.0,,2023-12-13
2023-12-14,930929,中证多资产风险平价指数,中证MARP,CSI Multi Asset Risk Parity Index,CSI MARP,,,,2147.43,,,0.0,0.0,5.0,,2023-12-14
2023-12-15,930929,中证多资产风险平价指数,中证MARP,CSI Multi Asset Risk Parity Index,CSI MARP,,,,2147.74,,,0.0,0.0,5.0,,2023-12-15
2023-12-18,930929,中证多资产风险平价指数,中证MARP,CSI Multi Asset Risk Parity Index,CSI MARP,,,,2147.17,,,0.0,0.0,5.0,,2023-12-18
2023-12-19,930929,中证多资产风险平价指数,中证MARP,CSI Multi Asset Risk Parity Index,CSI MARP,,,,2148.39,,,0.0,0.0,5.0,,2023-12-19
2023-12-20,930929,中证多资产风险平价指数,中证MARP,CSI Multi Asset Risk Parity Index,CSI MARP,,,,2147.53,,,0.0,0.0,5.0,,2023-12-20
2023-12-21,930929,中证多资产风险平价指数,中证MARP,CSI Multi Asset Risk Parity Index,CSI MARP,,,,2149.42,,,0.0,0.0,5.0,,2023-12-21
2023-12-22,930929,中证多资产风险平价指数,中证MARP,CSI Multi Asset Risk Parity Index,CSI MARP,,,,2151.36,,,0.0,0.0,5.0,,2023-12-22
2023-12-25,930929,中证多资产风险平价指数,中证MARP,CSI Multi Asset Risk Parity Index,CSI MARP,,,,2153.79,,,0.0,0.0,5.0,,2023-12-25
2023-12-26,930929,中证多资产风险平价指数,中证MARP,CSI Multi Asset Risk Parity Index,CSI MARP,,,,2153.96,,,0.0,0.0,5.0,,2023-12-26
2023-12-27,930929,中证多资产风险平价指数,中证MARP,CSI Multi Asset Risk Parity Index,CSI MARP,,,,2156.14,,,0.0,0.0,5.0,,2023-12-27
2023-12-28,930929,中证多资产风险平价指数,中证MARP,CSI Multi Asset Risk Parity Index,CSI MARP,,,,2159.7,,,0.0,0.0,5.0,,2023-12-28
2023-12-29,930929,中证多资产风险平价指数,中证MARP,CSI Multi Asset Risk Parity Index,CSI MARP,,,,2160.97,,,0.0,0.0,5.0,,2023-12-29
2024-01-02,930929,中证多资产风险平价指数,中证MARP,CSI Multi Asset Risk Parity Index,CSI MARP,,,,2160.9,,,0.0,0.0,5.0,,2024-01-02
2024-01-03,930929,中证多资产风险平价指数,中证MARP,CSI Multi Asset Risk Parity Index,CSI MARP,,,,2160.43,,,0.0,0.0,5.0,,2024-01-03
2024-01-04,930929,中证多资产风险平价指数,中证MARP,CSI Multi Asset Risk Parity Index,CSI MARP,,,,2159.58,,,0.0,0.0,5.0,,2024-01-04
2024-01-05,930929,中证多资产风险平价指数,中证MARP,CSI Multi Asset Risk Parity Index,CSI MARP,,,,2160.68,,,0.0,0.0,5.0,,2024-01-05
2024-01-08,930929,中证多资产风险平价指数,中证MARP,CSI Multi Asset Risk Parity Index,CSI MARP,,,,2159.03,,,0.0,0.0,5.0,,2024-01-08
2024-01-09,930929,中证多资产风险平价指数,中证MARP,CSI Multi Asset Risk Parity Index,CSI MARP,,,,2160.75,,,0.0,0.0,5.0,,2024-01-09
2024-01-10,930929,中证多资产风险平价指数,中证MARP,CSI Multi Asset Risk Parity Index,CSI MARP,,,,2160.09,,,0.0,0.0,5.0,,2024-01-10
2024-01-11,930929,中证多资产风险平价指数,中证MARP,CSI Multi Asset Risk Parity Index,CSI MARP,,,,2161.33,,,0.0,0.0,5.0,,2024-01-11
2024-01-12,930929,中证多资产风险平价指数,中证MARP,CSI Multi Asset Risk Parity Index,CSI MARP,,,,2160.87,,,0.0,0.0,5.0,,2024-01-12
2024-01-15,930929,中证多资产风险平价指数,中证MARP,CSI Multi Asset Risk Parity Index,CSI MARP,,,,2161.76,,,0.0,0.0,5.0,,2024-01-15
2024-01-16,930929,中证多资产风险平价指数,中证MARP,CSI Multi Asset Risk Parity Index,CSI MARP,,,,2162.14,,,0.0,0.0,5.0,,2024-01-16
2024-01-17,930929,中证多资产风险平价指数,中证MARP,CSI Multi Asset Risk Parity Index,CSI MARP,,,,2158.99,,,0.0,0.0,5.0,,2024-01-17
2024-01-18,930929,中证多资产风险平价指数,中证MARP,CSI Multi Asset Risk Parity Index,CSI MARP,,,,2159.89,,,0.0,0.0,5.0,,2024-01-18
2024-01-19,930929,中证多资产风险平价指数,中证MARP,CSI Multi Asset Risk Parity Index,CSI MARP,,,,2161.33,,,0.0,0.0,5.0,,2024-01-19
2024-01-22,930929,中证多资产风险平价指数,中证MARP,CSI Multi Asset Risk Parity Index,CSI MARP,,,,2158.47,,,0.0,0.0,5.0,,2024-01-22
2024-01-23,930929,中证多资产风险平价指数,中证MARP,CSI Multi Asset Risk Parity Index,CSI MARP,,,,2160.15,,,0.0,0.0,5.0,,2024-01-23
2024-01-24,930929,中证多资产风险平价指数,中证MARP,CSI Multi Asset Risk Parity Index,CSI MARP,,,,2161.86,,,0.0,0.0,5.0,,2024-01-24
2024-01-25,930929,中证多资产风险平价指数,中证MARP,CSI Multi Asset Risk Parity Index,CSI MARP,,,,2165.73,,,0.0,0.0,5.0,,2024-01-25
2024-01-26,930929,中证多资产风险平价指数,中证MARP,CSI Multi Asset Risk Parity Index,CSI MARP,,,,2166.04,,,0.0,0.0,5.0,,2024-01-26
2024-01-29,930929,中证多资产风险平价指数,中证MARP,CSI Multi Asset Risk Parity Index,CSI MARP,,,,2165.67,,,0.0,0.0,5.0,,2024-01-29
2024-01-30,930929,中证多资产风险平价指数,中证MARP,CSI Multi Asset Risk Parity Index,CSI MARP,,,,2166.22,,,0.0,0.0,5.0,,2024-01-30
2024-01-31,930929,中证多资产风险平价指数,中证MARP,CSI Multi Asset Risk Parity Index,CSI MARP,,,,2166.15,,,0.0,0.0,5.0,,2024-01-31
2024-02-01,930929,中证多资产风险平价指数,中证MARP,CSI Multi Asset Risk Parity Index,CSI MARP,,,,2167.23,,,0.0,0.0,5.0,,2024-02-01
2024-02-02,930929,中证多资产风险平价指数,中证MARP,CSI Multi Asset Risk Parity Index,CSI MARP,,,,2165.82,,,0.0,0.0,5.0,,2024-02-02
2024-02-05,930929,中证多资产风险平价指数,中证MARP,CSI Multi Asset Risk Parity Index,CSI MARP,,,,2165.8,,,0.0,0.0,5.0,,2024-02-05
2024-02-06,930929,中证多资产风险平价指数,中证MARP,CSI Multi Asset Risk Parity Index,CSI MARP,,,,2169.86,,,0.0,0.0,5.0,,2024-02-06
2024-02-07,930929,中证多资产风险平价指数,中证MARP,CSI Multi Asset Risk Parity Index,CSI MARP,,,,2174.62,,,0.0,0.0,5.0,,2024-02-07
2024-02-08,930929,中证多资产风险平价指数,中证MARP,CSI Multi Asset Risk Parity Index,CSI MARP,,,,2176.04,,,0.0,0.0,5.0,,2024-02-08
2024-02-19,930929,中证多资产风险平价指数,中证MARP,CSI Multi Asset Risk Parity Index,CSI MARP,,,,2177.81,,,0.0,0.0,5.0,,2024-02-19
2024-02-20,930929,中证多资产风险平价指数,中证MARP,CSI Multi Asset Risk Parity Index,CSI MARP,,,,2179.11,,,0.0,0.0,5.0,,2024-02-20
2024-02-21,930929,中证多资产风险平价指数,中证MARP,CSI Multi Asset Risk Parity Index,CSI MARP,,,,2180.64,,,0.0,0.0,5.0,,2024-02-21
2024-02-22,930929,中证多资产风险平价指数,中证MARP,CSI Multi Asset Risk Parity Index,CSI MARP,,,,2182.93,,,0.0,0.0,5.0,,2024-02-22
2024-02-23,930929,中证多资产风险平价指数,中证MARP,CSI Multi Asset Risk Parity Index,CSI MARP,,,,2184.07,,,0.0,0.0,5.0,,2024-02-23
2024-02-26,930929,中证多资产风险平价指数,中证MARP,CSI Multi Asset Risk Parity Index,CSI MARP,,,,2185.08,,,0.0,0.0,5.0,,2024-02-26
2024-02-27,930929,中证多资产风险平价指数,中证MARP,CSI Multi Asset Risk Parity Index,CSI MARP,,,,2187.89,,,0.0,0.0,5.0,,2024-02-27
2024-02-28,930929,中证多资产风险平价指数,中证MARP,CSI Multi Asset Risk Parity Index,CSI MARP,,,,2186.69,,,0.0,0.0,5.0,,2024-02-28
2024-02-29,930929,中证多资产风险平价指数,中证MARP,CSI Multi Asset Risk Parity Index,CSI MARP,,,,2191.05,,,0.0,0.0,5.0,,2024-02-29
2024-03-01,930929,中证多资产风险平价指数,中证MARP,CSI Multi Asset Risk Parity Index,CSI MARP,,,,2190.66,,,0.0,0.0,5.0,,2024-03-01
2024-03-04,930929,中证多资产风险平价指数,中证MARP,CSI Multi Asset Risk Parity Index,CSI MARP,,,,2193.47,,,0.0,0.0,5.0,,2024-03-04
2024-03-05,930929,中证多资产风险平价指数,中证MARP,CSI Multi Asset Risk Parity Index,CSI MARP,,,,2196.17,,,0.0,0.0,5.0,,2024-03-05
2024-03-06,930929,中证多资产风险平价指数,中证MARP,CSI Multi Asset Risk Parity Index,CSI MARP,,,,2199.14,,,0.0,0.0,5.0,,2024-03-06
2024-03-07,930929,中证多资产风险平价指数,中证MARP,CSI Multi Asset Risk Parity Index,CSI MARP,,,,2200.53,,,0.0,0.0,5.0,,2024-03-07
2024-03-08,930929,中证多资产风险平价指数,中证MARP,CSI Multi Asset Risk Parity Index,CSI MARP,,,,2201.45,,,0.0,0.0,5.0,,2024-03-08
2024-03-11,930929,中证多资产风险平价指数,中证MARP,CSI Multi Asset Risk Parity Index,CSI MARP,,,,2203.37,,,0.0,0.0,5.0,,2024-03-11
2024-03-12,930929,中证多资产风险平价指数,中证MARP,CSI Multi Asset Risk Parity Index,CSI MARP,,,,2200.95,,,0.0,0.0,5.0,,2024-03-12
2024-03-13,930929,中证多资产风险平价指数,中证MARP,CSI Multi Asset Risk Parity Index,CSI MARP,,,,2199.21,,,0.0,0.0,5.0,,2024-03-13
2024-03-14,930929,中证多资产风险平价指数,中证MARP,CSI Multi Asset Risk Parity Index,CSI MARP,,,,2198.44,,,0.0,0.0,5.0,,2024-03-14
2024-03-15,930929,中证多资产风险平价指数,中证MARP,CSI Multi Asset Risk Parity Index,CSI MARP,,,,2199.96,,,0.0,0.0,5.0,,2024-03-15
2024-03-18,930929,中证多资产风险平价指数,中证MARP,CSI Multi Asset Risk Parity Index,CSI MARP,,,,2201.14,,,0.0,0.0,5.0,,2024-03-18
2024-03-19,930929,中证多资产风险平价指数,中证MARP,CSI Multi Asset Risk Parity Index,CSI MARP,,,,2202.0,,,0.0,0.0,5.0,,2024-03-19
2024-03-20,930929,中证多资产风险平价指数,中证MARP,CSI Multi Asset Risk Parity Index,CSI MARP,,,,2202.38,,,0.0,0.0,5.0,,2024-03-20
2024-03-21,930929,中证多资产风险平价指数,中证MARP,CSI Multi Asset Risk Parity Index,CSI MARP,,,,2205.48,,,0.0,0.0,5.0,,2024-03-21
2024-03-22,930929,中证多资产风险平价指数,中证MARP,CSI Multi Asset Risk Parity Index,CSI MARP,,,,2203.25,,,0.0,0.0,5.0,,2024-03-22
2024-03-25,930929,中证多资产风险平价指数,中证MARP,CSI Multi Asset Risk Parity Index,CSI MARP,,,,2202.55,,,0.0,0.0,5.0,,2024-03-25
2024-03-26,930929,中证多资产风险平价指数,中证MARP,CSI Multi Asset Risk Parity Index,CSI MARP,,,,2202.58,,,0.0,0.0,5.0,,2024-03-26
2024-03-27,930929,中证多资产风险平价指数,中证MARP,CSI Multi Asset Risk Parity Index,CSI MARP,,,,2202.47,,,0.0,0.0,5.0,,2024-03-27
2024-03-28,930929,中证多资产风险平价指数,中证MARP,CSI Multi Asset Risk Parity Index,CSI MARP,,,,2204.75,,,0.0,0.0,5.0,,2024-03-28
2024-03-29,930929,中证多资产风险平价指数,中证MARP,CSI Multi Asset Risk Parity Index,CSI MARP,,,,2208.98,,,0.0,0.0,5.0,,2024-03-29
2024-04-01,930929,中证多资产风险平价指数,中证MARP,CSI Multi Asset Risk Parity Index,CSI MARP,,,,2211.04,,,0.0,0.0,5.0,,2024-04-01
2024-04-02,930929,中证多资产风险平价指数,中证MARP,CSI Multi Asset Risk Parity Index,CSI MARP,,,,2211.55,,,0.0,0.0,5.0,,2024-04-02
2024-04-03,930929,中证多资产风险平价指数,中证MARP,CSI Multi Asset Risk Parity Index,CSI MARP,,,,2214.56,,,0.0,0.0,5.0,,2024-04-03
2024-04-08,930929,中证多资产风险平价指数,中证MARP,CSI Multi Asset Risk Parity Index,CSI MARP,,,,2218.68,,,0.0,0.0,5.0,,2024-04-08
2024-04-09,930929,中证多资产风险平价指数,中证MARP,CSI Multi Asset Risk Parity Index,CSI MARP,,,,2220.88,,,0.0,0.0,5.0,,2024-04-09
2024-04-10,930929,中证多资产风险平价指数,中证MARP,CSI Multi Asset Risk Parity Index,CSI MARP,,,,2221.08,,,0.0,0.0,5.0,,2024-04-10
2024-04-11,930929,中证多资产风险平价指数,中证MARP,CSI Multi Asset Risk Parity Index,CSI MARP,,,,2221.41,,,0.0,0.0,5.0,,2024-04-11
2024-04-12,930929,中证多资产风险平价指数,中证MARP,CSI Multi Asset Risk Parity Index,CSI MARP,,,,2227.85,,,0.0,0.0,5.0,,2024-04-12
2024-04-15,930929,中证多资产风险平价指数,中证MARP,CSI Multi Asset Risk Parity Index,CSI MARP,,,,2228.38,,,0.0,0.0,5.0,,2024-04-15
2024-04-16,930929,中证多资产风险平价指数,中证MARP,CSI Multi Asset Risk Parity Index,CSI MARP,,,,2228.3,,,0.0,0.0,5.0,,2024-04-16
2024-04-17,930929,中证多资产风险平价指数,中证MARP,CSI Multi Asset Risk Parity Index,CSI MARP,,,,2230.73,,,0.0,0.0,5.0,,2024-04-17
2024-04-18,930929,中证多资产风险平价指数,中证MARP,CSI Multi Asset Risk Parity Index,CSI MARP,,,,2232.33,,,0.0,0.0,5.0,,2024-04-18
2024-04-19,930929,中证多资产风险平价指数,中证MARP,CSI Multi Asset Risk Parity Index,CSI MARP,,,,2233.76,,,0.0,0.0,5.0,,2024-04-19
2024-04-22,930929,中证多资产风险平价指数,中证MARP,CSI Multi Asset Risk Parity Index,CSI MARP,,,,2232.4,,,0.0,0.0,5.0,,2024-04-22
2024-04-23,930929,中证多资产风险平价指数,中证MARP,CSI Multi Asset Risk Parity Index,CSI MARP,,,,2230.52,,,0.0,0.0,5.0,,2024-04-23
2024-04-24,930929,中证多资产风险平价指数,中证MARP,CSI Multi Asset Risk Parity Index,CSI MARP,,,,2230.86,,,0.0,0.0,5.0,,2024-04-24
2024-04-25,930929,中证多资产风险平价指数,中证MARP,CSI Multi Asset Risk Parity Index,CSI MARP,,,,2230.27,,,0.0,0.0,5.0,,2024-04-25
2024-04-26,930929,中证多资产风险平价指数,中证MARP,CSI Multi Asset Risk Parity Index,CSI MARP,,,,2230.95,,,0.0,0.0,5.0,,2024-04-26
2024-04-29,930929,中证多资产风险平价指数,中证MARP,CSI Multi Asset Risk Parity Index,CSI MARP,,,,2225.84,,,0.0,0.0,5.0,,2024-04-29
2024-04-30,930929,中证多资产风险平价指数,中证MARP,CSI Multi Asset Risk Parity Index,CSI MARP,,,,2226.37,,,0.0,0.0,5.0,,2024-04-30
2024-05-06,930929,中证多资产风险平价指数,中证MARP,CSI Multi Asset Risk Parity Index,CSI MARP,,,,2229.42,,,0.0,0.0,5.0,,2024-05-06
2024-05-07,930929,中证多资产风险平价指数,中证MARP,CSI Multi Asset Risk Parity Index,CSI MARP,,,,2232.62,,,0.0,0.0,5.0,,2024-05-07
2024-05-08,930929,中证多资产风险平价指数,中证MARP,CSI Multi Asset Risk Parity Index,CSI MARP,,,,2232.68,,,0.0,0.0,5.0,,2024-05-08
2024-05-09,930929,中证多资产风险平价指数,中证MARP,CSI Multi Asset Risk Parity Index,CSI MARP,,,,2232.74,,,0.0,0.0,5.0,,2024-05-09
2024-05-10,930929,中证多资产风险平价指数,中证MARP,CSI Multi Asset Risk Parity Index,CSI MARP,,,,2235.58,,,0.0,0.0,5.0,,2024-05-10
2024-05-13,930929,中证多资产风险平价指数,中证MARP,CSI Multi Asset Risk Parity Index,CSI MARP,,,,2235.97,,,0.0,0.0,5.0,,2024-05-13
2024-05-14,930929,中证多资产风险平价指数,中证MARP,CSI Multi Asset Risk Parity Index,CSI MARP,,,,2236.92,,,0.0,0.0,5.0,,2024-05-14
2024-05-15,930929,中证多资产风险平价指数,中证MARP,CSI Multi Asset Risk Parity Index,CSI MARP,,,,2237.63,,,0.0,0.0,5.0,,2024-05-15
2024-05-16,930929,中证多资产风险平价指数,中证MARP,CSI Multi Asset Risk Parity Index,CSI MARP,,,,2238.52,,,0.0,0.0,5.0,,2024-05-16
2024-05-17,930929,中证多资产风险平价指数,中证MARP,CSI Multi Asset Risk Parity Index,CSI MARP,,,,2238.77,,,0.0,0.0,5.0,,2024-05-17
2024-05-20,930929,中证多资产风险平价指数,中证MARP,CSI Multi Asset Risk Parity Index,CSI MARP,,,,2243.98,,,0.0,0.0,5.0,,2024-05-20
2024-05-22,930929,中证多资产风险平价指数,中证MARP,CSI Multi Asset Risk Parity Index,CSI MARP,,,,2242.74,,,0.0,0.0,5.0,,2024-05-22
2024-05-23,930929,中证多资产风险平价指数,中证MARP,CSI Multi Asset Risk Parity Index,CSI MARP,,,,2239.21,,,0.0,0.0,5.0,,2024-05-23
2024-05-27,930929,中证多资产风险平价指数,中证MARP,CSI Multi Asset Risk Parity Index,CSI MARP,,,,2239.15,,,0.0,0.0,5.0,,2024-05-27
2024-05-28,930929,中证多资产风险平价指数,中证MARP,CSI Multi Asset Risk Parity Index,CSI MARP,,,,2239.09,,,0.0,0.0,5.0,,2024-05-28
2024-05-29,930929,中证多资产风险平价指数,中证MARP,CSI Multi Asset Risk Parity Index,CSI MARP,,,,2241.13,,,0.0,0.0,5.0,,2024-05-29
2024-05-30,930929,中证多资产风险平价指数,中证MARP,CSI Multi Asset Risk Parity Index,CSI MARP,,,,2240.37,,,0.0,0.0,5.0,,2024-05-30
2024-05-31,930929,中证多资产风险平价指数,中证MARP,CSI Multi Asset Risk Parity Index,CSI MARP,,,,2240.95,,,0.0,0.0,5.0,,2024-05-31
2024-06-03,930929,中证多资产风险平价指数,中证MARP,CSI Multi Asset Risk Parity Index,CSI MARP,,,,2241.01,,,0.0,0.0,5.0,,2024-06-03
2024-06-04,930929,中证多资产风险平价指数,中证MARP,CSI Multi Asset Risk Parity Index,CSI MARP,,,,2243.99,,,0.0,0.0,5.0,,2024-06-04
2024-06-05,930929,中证多资产风险平价指数,中证MARP,CSI Multi Asset Risk Parity Index,CSI MARP,,,,2243.84,,,0.0,0.0,5.0,,2024-06-05
2024-06-06,930929,中证多资产风险平价指数,中证MARP,CSI Multi Asset Risk Parity Index,CSI MARP,,,,2246.17,,,0.0,0.0,5.0,,2024-06-06
2024-06-07,930929,中证多资产风险平价指数,中证MARP,CSI Multi Asset Risk Parity Index,CSI MARP,,,,2246.43,,,0.0,0.0,5.0,,2024-06-07
2024-06-11,930929,中证多资产风险平价指数,中证MARP,CSI Multi Asset Risk Parity Index,CSI MARP,,,,2242.91,,,0.0,0.0,5.0,,2024-06-11
2024-06-12,930929,中证多资产风险平价指数,中证MARP,CSI Multi Asset Risk Parity Index,CSI MARP,,,,2244.04,,,0.0,0.0,5.0,,2024-06-12
2024-06-13,930929,中证多资产风险平价指数,中证MARP,CSI Multi Asset Risk Parity Index,CSI MARP,,,,2243.94,,,0.0,0.0,5.0,,2024-06-13
2024-06-17,930929,中证多资产风险平价指数,中证MARP,CSI Multi Asset Risk Parity Index,CSI MARP,,,,2245.45,,,0.0,0.0,5.0,,2024-06-17
2024-06-18,930929,中证多资产风险平价指数,中证MARP,CSI Multi Asset Risk Parity Index,CSI MARP,,,,2246.42,,,0.0,0.0,5.0,,2024-06-18
2024-06-19,930929,中证多资产风险平价指数,中证MARP,CSI Multi Asset Risk Parity Index,CSI MARP,,,,2247.18,,,0.0,0.0,5.0,,2024-06-19
2024-06-20,930929,中证多资产风险平价指数,中证MARP,CSI Multi Asset Risk Parity Index,CSI MARP,,,,2248.12,,,0.0,0.0,5.0,,2024-06-20
2024-06-21,930929,中证多资产风险平价指数,中证MARP,CSI Multi Asset Risk Parity Index,CSI MARP,,,,2248.31,,,0.0,0.0,5.0,,2024-06-21
2024-06-24,930929,中证多资产风险平价指数,中证MARP,CSI Multi Asset Risk Parity Index,CSI MARP,,,,2245.65,,,0.0,0.0,5.0,,2024-06-24
2024-06-25,930929,中证多资产风险平价指数,中证MARP,CSI Multi Asset Risk Parity Index,CSI MARP,,,,2246.07,,,0.0,0.0,5.0,,2024-06-25
2024-06-26,930929,中证多资产风险平价指数,中证MARP,CSI Multi Asset Risk Parity Index,CSI MARP,,,,2246.96,,,0.0,0.0,5.0,,2024-06-26
2024-06-27,930929,中证多资产风险平价指数,中证MARP,CSI Multi Asset Risk Parity Index,CSI MARP,,,,2246.09,,,0.0,0.0,5.0,,2024-06-27
2024-06-28,930929,中证多资产风险平价指数,中证MARP,CSI Multi Asset Risk Parity Index,CSI MARP,,,,2248.57,,,0.0,0.0,5.0,,2024-06-28
2024-07-01,930929,中证多资产风险平价指数,中证MARP,CSI Multi Asset Risk Parity Index,CSI MARP,,,,2248.21,,,0.0,0.0,5.0,,2024-07-01
2024-07-02,930929,中证多资产风险平价指数,中证MARP,CSI Multi Asset Risk Parity Index,CSI MARP,,,,2249.05,,,0.0,0.0,5.0,,2024-07-02
2024-07-03,930929,中证多资产风险平价指数,中证MARP,CSI Multi Asset Risk Parity Index,CSI MARP,,,,2250.9,,,0.0,0.0,5.0,,2024-07-03
2024-07-04,930929,中证多资产风险平价指数,中证MARP,CSI Multi Asset Risk Parity Index,CSI MARP,,,,2250.66,,,0.0,0.0,5.0,,2024-07-04
2024-07-05,930929,中证多资产风险平价指数,中证MARP,CSI Multi Asset Risk Parity Index,CSI MARP,,,,2250.04,,,0.0,0.0,5.0,,2024-07-05
2024-07-08,930929,中证多资产风险平价指数,中证MARP,CSI Multi Asset Risk Parity Index,CSI MARP,,,,2246.77,,,0.0,0.0,5.0,,2024-07-08
2024-07-09,930929,中证多资产风险平价指数,中证MARP,CSI Multi Asset Risk Parity Index,CSI MARP,,,,2249.16,,,0.0,0.0,5.0,,2024-07-09
2024-07-10,930929,中证多资产风险平价指数,中证MARP,CSI Multi Asset Risk Parity Index,CSI MARP,,,,2250.02,,,0.0,0.0,5.0,,2024-07-10
2024-07-11,930929,中证多资产风险平价指数,中证MARP,CSI Multi Asset Risk Parity Index,CSI MARP,,,,2252.46,,,0.0,0.0,5.0,,2024-07-11
2024-07-12,930929,中证多资产风险平价指数,中证MARP,CSI Multi Asset Risk Parity Index,CSI MARP,,,,2254.26,,,0.0,0.0,5.0,,2024-07-12
2024-07-15,930929,中证多资产风险平价指数,中证MARP,CSI Multi Asset Risk Parity Index,CSI MARP,,,,2254.99,,,0.0,0.0,5.0,,2024-07-15
2024-07-16,930929,中证多资产风险平价指数,中证MARP,CSI Multi Asset Risk Parity Index,CSI MARP,,,,2257.77,,,0.0,0.0,5.0,,2024-07-16
2024-07-17,930929,中证多资产风险平价指数,中证MARP,CSI Multi Asset Risk Parity Index,CSI MARP,,,,2259.81,,,0.0,0.0,5.0,,2024-07-17
2024-07-18,930929,中证多资产风险平价指数,中证MARP,CSI Multi Asset Risk Parity Index,CSI MARP,,,,2260.19,,,0.0,0.0,5.0,,2024-07-18
2024-07-19,930929,中证多资产风险平价指数,中证MARP,CSI Multi Asset Risk Parity Index,CSI MARP,,,,2257.38,,,0.0,0.0,5.0,,2024-07-19
2024-07-22,930929,中证多资产风险平价指数,中证MARP,CSI Multi Asset Risk Parity Index,CSI MARP,,,,2259.74,,,0.0,0.0,5.0,,2024-07-22
2024-07-23,930929,中证多资产风险平价指数,中证MARP,CSI Multi Asset Risk Parity Index,CSI MARP,,,,2258.27,,,0.0,0.0,5.0,,2024-07-23
2024-07-24,930929,中证多资产风险平价指数,中证MARP,CSI Multi Asset Risk Parity Index,CSI MARP,,,,2259.93,,,0.0,0.0,5.0,,2024-07-24
2024-07-25,930929,中证多资产风险平价指数,中证MARP,CSI Multi Asset Risk Parity Index,CSI MARP,,,,2256.97,,,0.0,0.0,5.0,,2024-07-25
2024-07-26,930929,中证多资产风险平价指数,中证MARP,CSI Multi Asset Risk Parity Index,CSI MARP,,,,2259.21,,,0.0,0.0,5.0,,2024-07-26
2024-07-29,930929,中证多资产风险平价指数,中证MARP,CSI Multi Asset Risk Parity Index,CSI MARP,,,,2260.38,,,0.0,0.0,5.0,,2024-07-29
2024-07-30,930929,中证多资产风险平价指数,中证MARP,CSI Multi Asset Risk Parity Index,CSI MARP,,,,2261.07,,,0.0,0.0,5.0,,2024-07-30
2024-07-31,930929,中证多资产风险平价指数,中证MARP,CSI Multi Asset Risk Parity Index,CSI MARP,,,,2266.43,,,0.0,0.0,5.0,,2024-07-31
2024-08-01,930929,中证多资产风险平价指数,中证MARP,CSI Multi Asset Risk Parity Index,CSI MARP,,,,2268.27,,,0.0,0.0,5.0,,2024-08-01
2024-08-02,930929,中证多资产风险平价指数,中证MARP,CSI Multi Asset Risk Parity Index,CSI MARP,,,,2268.95,,,0.0,0.0,5.0,,2024-08-02
2024-08-05,930929,中证多资产风险平价指数,中证MARP,CSI Multi Asset Risk Parity Index,CSI MARP,,,,2265.6,,,0.0,0.0,5.0,,2024-08-05
2024-08-06,930929,中证多资产风险平价指数,中证MARP,CSI Multi Asset Risk Parity Index,CSI MARP,,,,2264.15,,,0.0,0.0,5.0,,2024-08-06
2024-08-07,930929,中证多资产风险平价指数,中证MARP,CSI Multi Asset Risk Parity Index,CSI MARP,,,,2266.03,,,0.0,0.0,5.0,,2024-08-07
2024-08-08,930929,中证多资产风险平价指数,中证MARP,CSI Multi Asset Risk Parity Index,CSI MARP,,,,2264.4,,,0.0,0.0,5.0,,2024-08-08
2024-08-09,930929,中证多资产风险平价指数,中证MARP,CSI Multi Asset Risk Parity Index,CSI MARP,,,,2262.75,,,0.0,0.0,5.0,,2024-08-09
2024-08-12,930929,中证多资产风险平价指数,中证MARP,CSI Multi Asset Risk Parity Index,CSI MARP,,,,2259.07,,,0.0,0.0,5.0,,2024-08-12
2024-08-13,930929,中证多资产风险平价指数,中证MARP,CSI Multi Asset Risk Parity Index,CSI MARP,,,,2260.78,,,0.0,0.0,5.0,,2024-08-13
2024-08-14,930929,中证多资产风险平价指数,中证MARP,CSI Multi Asset Risk Parity Index,CSI MARP,,,,2261.75,,,0.0,0.0,5.0,,2024-08-14
2024-08-15,930929,中证多资产风险平价指数,中证MARP,CSI Multi Asset Risk Parity Index,CSI MARP,,,,2261.78,,,0.0,0.0,5.0,,2024-08-15
2024-08-16,930929,中证多资产风险平价指数,中证MARP,CSI Multi Asset Risk Parity Index,CSI MARP,,,,2262.33,,,0.0,0.0,5.0,,2024-08-16
2024-08-19,930929,中证多资产风险平价指数,中证MARP,CSI Multi Asset Risk Parity Index,CSI MARP,,,,2264.89,,,0.0,0.0,5.0,,2024-08-19
2024-08-20,930929,中证多资产风险平价指数,中证MARP,CSI Multi Asset Risk Parity Index,CSI MARP,,,,2263.75,,,0.0,0.0,5.0,,2024-08-20
2024-08-21,930929,中证多资产风险平价指数,中证MARP,CSI Multi Asset Risk Parity Index,CSI MARP,,,,2262.35,,,0.0,0.0,5.0,,2024-08-21
2024-08-22,930929,中证多资产风险平价指数,中证MARP,CSI Multi Asset Risk Parity Index,CSI MARP,,,,2262.32,,,0.0,0.0,5.0,,2024-08-22
2024-08-23,930929,中证多资产风险平价指数,中证MARP,CSI Multi Asset Risk Parity Index,CSI MARP,,,,2262.11,,,0.0,0.0,5.0,,2024-08-23
2024-08-26,930929,中证多资产风险平价指数,中证MARP,CSI Multi Asset Risk Parity Index,CSI MARP,,,,2262.58,,,0.0,0.0,5.0,,2024-08-26
2024-08-27,930929,中证多资产风险平价指数,中证MARP,CSI Multi Asset Risk Parity Index,CSI MARP,,,,2258.51,,,0.0,0.0,5.0,,2024-08-27
2024-08-28,930929,中证多资产风险平价指数,中证MARP,CSI Multi Asset Risk Parity Index,CSI MARP,,,,2257.77,,,0.0,0.0,5.0,,2024-08-28
2024-08-29,930929,中证多资产风险平价指数,中证MARP,CSI Multi Asset Risk Parity Index,CSI MARP,,,,2259.07,,,0.0,0.0,5.0,,2024-08-29
2024-08-30,930929,中证多资产风险平价指数,中证MARP,CSI Multi Asset Risk Parity Index,CSI MARP,,,,2260.2,,,0.0,0.0,5.0,,2024-08-30
2024-09-02,930929,中证多资产风险平价指数,中证MARP,CSI Multi Asset Risk Parity Index,CSI MARP,,,,2260.91,,,0.0,0.0,5.0,,2024-09-02
2024-09-03,930929,中证多资产风险平价指数,中证MARP,CSI Multi Asset Risk Parity Index,CSI MARP,,,,2263.05,,,0.0,0.0,5.0,,2024-09-03
2024-09-04,930929,中证多资产风险平价指数,中证MARP,CSI Multi Asset Risk Parity Index,CSI MARP,,,,2262.31,,,0.0,0.0,5.0,,2024-09-04
2024-09-05,930929,中证多资产风险平价指数,中证MARP,CSI Multi Asset Risk Parity Index,CSI MARP,,,,2264.65,,,0.0,0.0,5.0,,2024-09-05
2024-09-06,930929,中证多资产风险平价指数,中证MARP,CSI Multi Asset Risk Parity Index,CSI MARP,,,,2264.55,,,0.0,0.0,5.0,,2024-09-06
2024-09-09,930929,中证多资产风险平价指数,中证MARP,CSI Multi Asset Risk Parity Index,CSI MARP,,,,2263.28,,,0.0,0.0,5.0,,2024-09-09
2024-09-10,930929,中证多资产风险平价指数,中证MARP,CSI Multi Asset Risk Parity Index,CSI MARP,,,,2265.11,,,0.0,0.0,5.0,,2024-09-10
2024-09-11,930929,中证多资产风险平价指数,中证MARP,CSI Multi Asset Risk Parity Index,CSI MARP,,,,2267.05,,,0.0,0.0,5.0,,2024-09-11
2024-09-12,930929,中证多资产风险平价指数,中证MARP,CSI Multi Asset Risk Parity Index,CSI MARP,,,,2266.26,,,0.0,0.0,5.0,,2024-09-12
2024-09-13,930929,中证多资产风险平价指数,中证MARP,CSI Multi Asset Risk Parity Index,CSI MARP,,,,2268.31,,,0.0,0.0,5.0,,2024-09-13
2024-09-18,930929,中证多资产风险平价指数,中证MARP,CSI Multi Asset Risk Parity Index,CSI MARP,,,,2269.8,,,0.0,0.0,5.0,,2024-09-18
2024-09-19,930929,中证多资产风险平价指数,中证MARP,CSI Multi Asset Risk Parity Index,CSI MARP,,,,2270.34,,,0.0,0.0,5.0,,2024-09-19
2024-09-20,930929,中证多资产风险平价指数,中证MARP,CSI Multi Asset Risk Parity Index,CSI MARP,,,,2271.71,,,0.0,0.0,5.0,,2024-09-20
2024-09-23,930929,中证多资产风险平价指数,中证MARP,CSI Multi Asset Risk Parity Index,CSI MARP,,,,2273.03,,,0.0,0.0,5.0,,2024-09-23
2024-09-24,930929,中证多资产风险平价指数,中证MARP,CSI Multi Asset Risk Parity Index,CSI MARP,,,,2276.82,,,0.0,0.0,5.0,,2024-09-24
2024-09-25,930929,中证多资产风险平价指数,中证MARP,CSI Multi Asset Risk Parity Index,CSI MARP,,,,2280.78,,,0.0,0.0,5.0,,2024-09-25
2024-09-26,930929,中证多资产风险平价指数,中证MARP,CSI Multi Asset Risk Parity Index,CSI MARP,,,,2285.25,,,0.0,0.0,5.0,,2024-09-26
2024-09-27,930929,中证多资产风险平价指数,中证MARP,CSI Multi Asset Risk Parity Index,CSI MARP,,,,2283.07,,,0.0,0.0,5.0,,2024-09-27
2024-09-30,930929,中证多资产风险平价指数,中证MARP,CSI Multi Asset Risk Parity Index,CSI MARP,,,,2285.21,,,0.0,0.0,5.0,,2024-09-30
2024-10-08,930929,中证多资产风险平价指数,中证MARP,CSI Multi Asset Risk Parity Index,CSI MARP,,,,2292.77,,,0.0,0.0,5.0,,2024-10-08
2024-10-09,930929,中证多资产风险平价指数,中证MARP,CSI Multi Asset Risk Parity Index,CSI MARP,,,,2275.15,,,0.0,0.0,5.0,,2024-10-09
2024-10-10,930929,中证多资产风险平价指数,中证MARP,CSI Multi Asset Risk Parity Index,CSI MARP,,,,2280.5,,,0.0,0.0,5.0,,2024-10-10
2024-10-11,930929,中证多资产风险平价指数,中证MARP,CSI Multi Asset Risk Parity Index,CSI MARP,,,,2281.92,,,0.0,0.0,5.0,,2024-10-11
2024-10-14,930929,中证多资产风险平价指数,中证MARP,CSI Multi Asset Risk Parity Index,CSI MARP,,,,2291.15,,,0.0,0.0,5.0,,2024-10-14
2024-10-15,930929,中证多资产风险平价指数,中证MARP,CSI Multi Asset Risk Parity Index,CSI MARP,,,,2289.23,,,0.0,0.0,5.0,,2024-10-15
2024-10-16,930929,中证多资产风险平价指数,中证MARP,CSI Multi Asset Risk Parity Index,CSI MARP,,,,2291.39,,,0.0,0.0,5.0,,2024-10-16
2024-10-17,930929,中证多资产风险平价指数,中证MARP,CSI Multi Asset Risk Parity Index,CSI MARP,,,,2292.41,,,0.0,0.0,5.0,,2024-10-17
2024-10-18,930929,中证多资产风险平价指数,中证MARP,CSI Multi Asset Risk Parity Index,CSI MARP,,,,2298.65,,,0.0,0.0,5.0,,2024-10-18
2024-10-21,930929,中证多资产风险平价指数,中证MARP,CSI Multi Asset Risk Parity Index,CSI MARP,,,,2300.97,,,0.0,0.0,5.0,,2024-10-21
2024-10-22,930929,中证多资产风险平价指数,中证MARP,CSI Multi Asset Risk Parity Index,CSI MARP,,,,2300.13,,,0.0,0.0,5.0,,2024-10-22
2024-10-23,930929,中证多资产风险平价指数,中证MARP,CSI Multi Asset Risk Parity Index,CSI MARP,,,,2298.34,,,0.0,0.0,5.0,,2024-10-23
2024-10-24,930929,中证多资产风险平价指数,中证MARP,CSI Multi Asset Risk Parity Index,CSI MARP,,,,2295.78,,,0.0,0.0,5.0,,2024-10-24
2024-10-25,930929,中证多资产风险平价指数,中证MARP,CSI Multi Asset Risk Parity Index,CSI MARP,,,,2296.24,,,0.0,0.0,5.0,,2024-10-25
2024-10-28,930929,中证多资产风险平价指数,中证MARP,CSI Multi Asset Risk Parity Index,CSI MARP,,,,2296.7,,,0.0,0.0,5.0,,2024-10-28
2024-10-29,930929,中证多资产风险平价指数,中证MARP,CSI Multi Asset Risk Parity Index,CSI MARP,,,,2295.72,,,0.0,0.0,5.0,,2024-10-29
2024-10-30,930929,中证多资产风险平价指数,中证MARP,CSI Multi Asset Risk Parity Index,CSI MARP,,,,2296.89,,,0.0,0.0,5.0,,2024-10-30
2024-10-31,930929,中证多资产风险平价指数,中证MARP,CSI Multi Asset Risk Parity Index,CSI MARP,,,,2296.98,,,0.0,0.0,5.0,,2024-10-31
2024-11-01,930929,中证多资产风险平价指数,中证MARP,CSI Multi Asset Risk Parity Index,CSI MARP,,,,2297.49,,,0.0,0.0,5.0,,2024-11-01
2024-11-04,930929,中证多资产风险平价指数,中证MARP,CSI Multi Asset Risk Parity Index,CSI MARP,,,,2299.35,,,0.0,0.0,5.0,,2024-11-04
2024-11-05,930929,中证多资产风险平价指数,中证MARP,CSI Multi Asset Risk Parity Index,CSI MARP,,,,2303.91,,,0.0,0.0,5.0,,2024-11-05
2024-11-06,930929,中证多资产风险平价指数,中证MARP,CSI Multi Asset Risk Parity Index,CSI MARP,,,,2303.86,,,0.0,0.0,5.0,,2024-11-06
2024-11-07,930929,中证多资产风险平价指数,中证MARP,CSI Multi Asset Risk Parity Index,CSI MARP,,,,2305.99,,,0.0,0.0,5.0,,2024-11-07
2024-11-08,930929,中证多资产风险平价指数,中证MARP,CSI Multi Asset Risk Parity Index,CSI MARP,,,,2306.69,,,0.0,0.0,5.0,,2024-11-08
2024-11-11,930929,中证多资产风险平价指数,中证MARP,CSI Multi Asset Risk Parity Index,CSI MARP,,,,2309.43,,,0.0,0.0,5.0,,2024-11-11
2024-11-12,930929,中证多资产风险平价指数,中证MARP,CSI Multi Asset Risk Parity Index,CSI MARP,,,,2307.27,,,0.0,0.0,5.0,,2024-11-12
2024-11-13,930929,中证多资产风险平价指数,中证MARP,CSI Multi Asset Risk Parity Index,CSI MARP,,,,2307.89,,,0.0,0.0,5.0,,2024-11-13
2024-11-14,930929,中证多资产风险平价指数,中证MARP,CSI Multi Asset Risk Parity Index,CSI MARP,,,,2302.11,,,0.0,0.0,5.0,,2024-11-14
2024-11-15,930929,中证多资产风险平价指数,中证MARP,CSI Multi Asset Risk Parity Index,CSI MARP,,,,2299.85,,,0.0,0.0,5.0,,2024-11-15
2024-11-18,930929,中证多资产风险平价指数,中证MARP,CSI Multi Asset Risk Parity Index,CSI MARP,,,,2300.24,,,0.0,0.0,5.0,,2024-11-18
2024-11-19,930929,中证多资产风险平价指数,中证MARP,CSI Multi Asset Risk Parity Index,CSI MARP,,,,2304.35,,,0.0,0.0,5.0,,2024-11-19
2024-11-20,930929,中证多资产风险平价指数,中证MARP,CSI Multi Asset Risk Parity Index,CSI MARP,,,,2305.45,,,0.0,0.0,5.0,,2024-11-20
2024-11-21,930929,中证多资产风险平价指数,中证MARP,CSI Multi Asset Risk Parity Index,CSI MARP,,,,2308.23,,,0.0,0.0,5.0,,2024-11-21
2024-11-22,930929,中证多资产风险平价指数,中证MARP,CSI Multi Asset Risk Parity Index,CSI MARP,,,,2305.96,,,0.0,0.0,5.0,,2024-11-22
2024-11-25,930929,中证多资产风险平价指数,中证MARP,CSI Multi Asset Risk Parity Index,CSI MARP,,,,2304.63,,,0.0,0.0,5.0,,2024-11-25
2024-11-26,930929,中证多资产风险平价指数,中证MARP,CSI Multi Asset Risk Parity Index,CSI MARP,,,,2303.23,,,0.0,0.0,5.0,,2024-11-26
2024-11-27,930929,中证多资产风险平价指数,中证MARP,CSI Multi Asset Risk Parity Index,CSI MARP,,,,2307.98,,,0.0,0.0,5.0,,2024-11-27
2024-11-28,930929,中证多资产风险平价指数,中证MARP,CSI Multi Asset Risk Parity Index,CSI MARP,,,,2307.03,,,0.0,0.0,5.0,,2024-11-28
2024-11-29,930929,中证多资产风险平价指数,中证MARP,CSI Multi Asset Risk Parity Index,CSI MARP,,,,2311.64,,,0.0,0.0,5.0,,2024-11-29
2024-12-02,930929,中证多资产风险平价指数,中证MARP,CSI Multi Asset Risk Parity Index,CSI MARP,,,,2317.18,,,0.0,0.0,5.0,,2024-12-02
2024-12-03,930929,中证多资产风险平价指数,中证MARP,CSI Multi Asset Risk Parity Index,CSI MARP,,,,2318.8,,,0.0,0.0,5.0,,2024-12-03
2024-12-04,930929,中证多资产风险平价指数,中证MARP,CSI Multi Asset Risk Parity Index,CSI MARP,,,,2320.03,,,0.0,0.0,5.0,,2024-12-04
2024-12-05,930929,中证多资产风险平价指数,中证MARP,CSI Multi Asset Risk Parity Index,CSI MARP,,,,2321.03,,,0.0,0.0,5.0,,2024-12-05
2024-12-06,930929,中证多资产风险平价指数,中证MARP,CSI Multi Asset Risk Parity Index,CSI MARP,,,,2323.12,,,0.0,0.0,5.0,,2024-12-06
2024-12-09,930929,中证多资产风险平价指数,中证MARP,CSI Multi Asset Risk Parity Index,CSI MARP,,,,2324.32,,,0.0,0.0,5.0,,2024-12-09
2024-12-10,930929,中证多资产风险平价指数,中证MARP,CSI Multi Asset Risk Parity Index,CSI MARP,,,,2331.31,,,0.0,0.0,5.0,,2024-12-10
2024-12-11,930929,中证多资产风险平价指数,中证MARP,CSI Multi Asset Risk Parity Index,CSI MARP,,,,2332.98,,,0.0,0.0,5.0,,2024-12-11
2024-12-12,930929,中证多资产风险平价指数,中证MARP,CSI Multi Asset Risk Parity Index,CSI MARP,,,,2337.15,,,0.0,0.0,5.0,,2024-12-12
2024-12-13,930929,中证多资产风险平价指数,中证MARP,CSI Multi Asset Risk Parity Index,CSI MARP,,,,2336.97,,,0.0,0.0,5.0,,2024-12-13
2024-12-16,930929,中证多资产风险平价指数,中证MARP,CSI Multi Asset Risk Parity Index,CSI MARP,,,,2337.27,,,0.0,0.0,5.0,,2024-12-16
2024-12-17,930929,中证多资产风险平价指数,中证MARP,CSI Multi Asset Risk Parity Index,CSI MARP,,,,2335.92,,,0.0,0.0,5.0,,2024-12-17
2024-12-18,930929,中证多资产风险平价指数,中证MARP,CSI Multi Asset Risk Parity Index,CSI MARP,,,,2335.5,,,0.0,0.0,5.0,,2024-12-18
2024-12-19,930929,中证多资产风险平价指数,中证MARP,CSI Multi Asset Risk Parity Index,CSI MARP,,,,2334.14,,,0.0,0.0,5.0,,2024-12-19
2024-12-20,930929,中证多资产风险平价指数,中证MARP,CSI Multi Asset Risk Parity Index,CSI MARP,,,,2337.32,,,0.0,0.0,5.0,,2024-12-20
2024-12-23,930929,中证多资产风险平价指数,中证MARP,CSI Multi Asset Risk Parity Index,CSI MARP,,,,2339.27,,,0.0,0.0,5.0,,2024-12-23
2024-12-24,930929,中证多资产风险平价指数,中证MARP,CSI Multi Asset Risk Parity Index,CSI MARP,,,,2338.8,,,0.0,0.0,5.0,,2024-12-24
2024-12-25,930929,中证多资产风险平价指数,中证MARP,CSI Multi Asset Risk Parity Index,CSI MARP,,,,2337.1,,,0.0,0.0,5.0,,2024-12-25
2024-12-26,930929,中证多资产风险平价指数,中证MARP,CSI Multi Asset Risk Parity Index,CSI MARP,,,,2336.91,,,0.0,0.0,5.0,,2024-12-26
2024-12-27,930929,中证多资产风险平价指数,中证MARP,CSI Multi Asset Risk Parity Index,CSI MARP,,,,2339.94,,,0.0,0.0,5.0,,2024-12-27
2024-12-30,930929,中证多资产风险平价指数,中证MARP,CSI Multi Asset Risk Parity Index,CSI MARP,,,,2339.0,,,0.0,0.0,5.0,,2024-12-30
2024-12-31,930929,中证多资产风险平价指数,中证MARP,CSI Multi Asset Risk Parity Index,CSI MARP,,,,2339.58,,,0.0,0.0,5.0,,2024-12-31
2025-01-02,930929,中证多资产风险平价指数,中证MARP,CSI Multi Asset Risk Parity Index,CSI MARP,,,,2341.03,,,0.0,0.0,5.0,,2025-01-02
2025-01-03,930929,中证多资产风险平价指数,中证MARP,CSI Multi Asset Risk Parity Index,CSI MARP,,,,2344.98,,,0.0,0.0,5.0,,2025-01-03
2025-01-06,930929,中证多资产风险平价指数,中证MARP,CSI Multi Asset Risk Parity Index,CSI MARP,,,,2344.38,,,0.0,0.0,5.0,,2025-01-06
2025-01-07,930929,中证多资产风险平价指数,中证MARP,CSI Multi Asset Risk Parity Index,CSI MARP,,,,2344.41,,,0.0,0.0,5.0,,2025-01-07
2025-01-08,930929,中证多资产风险平价指数,中证MARP,CSI Multi Asset Risk Parity Index,CSI MARP,,,,2344.8,,,0.0,0.0,5.0,,2025-01-08
2025-01-09,930929,中证多资产风险平价指数,中证MARP,CSI Multi Asset Risk Parity Index,CSI MARP,,,,2343.13,,,0.0,0.0,5.0,,2025-01-09
2025-01-10,930929,中证多资产风险平价指数,中证MARP,CSI Multi Asset Risk Parity Index,CSI MARP,,,,2341.04,,,0.0,0.0,5.0,,2025-01-10
2025-01-13,930929,中证多资产风险平价指数,中证MARP,CSI Multi Asset Risk Parity Index,CSI MARP,,,,2340.13,,,0.0,0.0,5.0,,2025-01-13
2025-01-14,930929,中证多资产风险平价指数,中证MARP,CSI Multi Asset Risk Parity Index,CSI MARP,,,,2341.91,,,0.0,0.0,5.0,,2025-01-14
2025-01-15,930929,中证多资产风险平价指数,中证MARP,CSI Multi Asset Risk Parity Index,CSI MARP,,,,2343.72,,,0.0,0.0,5.0,,2025-01-15
2025-01-16,930929,中证多资产风险平价指数,中证MARP,CSI Multi Asset Risk Parity Index,CSI MARP,,,,2343.65,,,0.0,0.0,5.0,,2025-01-16
2025-01-17,930929,中证多资产风险平价指数,中证MARP,CSI Multi Asset Risk Parity Index,CSI MARP,,,,2343.53,,,0.0,0.0,5.0,,2025-01-17
2025-01-20,930929,中证多资产风险平价指数,中证MARP,CSI Multi Asset Risk Parity Index,CSI MARP,,,,2343.35,,,0.0,0.0,5.0,,2025-01-20
2025-01-21,930929,中证多资产风险平价指数,中证MARP,CSI Multi Asset Risk Parity Index,CSI MARP,,,,2343.78,,,0.0,0.0,5.0,,2025-01-21
2025-01-22,930929,中证多资产风险平价指数,中证MARP,CSI Multi Asset Risk Parity Index,CSI MARP,,,,2344.63,,,0.0,0.0,5.0,,2025-01-22
2025-01-23,930929,中证多资产风险平价指数,中证MARP,CSI Multi Asset Risk Parity Index,CSI MARP,,,,2343.75,,,0.0,0.0,5.0,,2025-01-23
2025-01-24,930929,中证多资产风险平价指数,中证MARP,CSI Multi Asset Risk Parity Index,CSI MARP,,,,2344.35,,,0.0,0.0,5.0,,2025-01-24
2025-01-27,930929,中证多资产风险平价指数,中证MARP,CSI Multi Asset Risk Parity Index,CSI MARP,,,,2346.61,,,0.0,0.0,5.0,,2025-01-27
2025-02-05,930929,中证多资产风险平价指数,中证MARP,CSI Multi Asset Risk Parity Index,CSI MARP,,,,2353.7,,,0.0,0.0,5.0,,2025-02-05
2025-02-06,930929,中证多资产风险平价指数,中证MARP,CSI Multi Asset Risk Parity Index,CSI MARP,,,,2356.38,,,0.0,0.0,5.0,,2025-02-06
2025-02-07,930929,中证多资产风险平价指数,中证MARP,CSI Multi Asset Risk Parity Index,CSI MARP,,,,2358.49,,,0.0,0.0,5.0,,2025-02-07
2025-02-10,930929,中证多资产风险平价指数,中证MARP,CSI Multi Asset Risk Parity Index,CSI MARP,,,,2359.79,,,0.0,0.0,5.0,,2025-02-10
2025-02-11,930929,中证多资产风险平价指数,中证MARP,CSI Multi Asset Risk Parity Index,CSI MARP,,,,2361.0,,,0.0,0.0,5.0,,2025-02-11
2025-02-12,930929,中证多资产风险平价指数,中证MARP,CSI Multi Asset Risk Parity Index,CSI MARP,,,,2360.71,,,0.0,0.0,5.0,,2025-02-12
2025-02-13,930929,中证多资产风险平价指数,中证MARP,CSI Multi Asset Risk Parity Index,CSI MARP,,,,2360.53,,,0.0,0.0,5.0,,2025-02-13
2025-02-14,930929,中证多资产风险平价指数,中证MARP,CSI Multi Asset Risk Parity Index,CSI MARP,,,,2359.83,,,0.0,0.0,5.0,,2025-02-14
2025-02-17,930929,中证多资产风险平价指数,中证MARP,CSI Multi Asset Risk Parity Index,CSI MARP,,,,2355.79,,,0.0,0.0,5.0,,2025-02-17
2025-02-18,930929,中证多资产风险平价指数,中证MARP,CSI Multi Asset Risk Parity Index,CSI MARP,,,,2353.57,,,0.0,0.0,5.0,,2025-02-18
2025-02-19,930929,中证多资产风险平价指数,中证MARP,CSI Multi Asset Risk Parity Index,CSI MARP,,,,2356.51,,,0.0,0.0,5.0,,2025-02-19
2025-02-20,930929,中证多资产风险平价指数,中证MARP,CSI Multi Asset Risk Parity Index,CSI MARP,,,,2355.11,,,0.0,0.0,5.0,,2025-02-20
2025-02-21,930929,中证多资产风险平价指数,中证MARP,CSI Multi Asset Risk Parity Index,CSI MARP,,,,2352.66,,,0.0,0.0,5.0,,2025-02-21
2025-02-24,930929,中证多资产风险平价指数,中证MARP,CSI Multi Asset Risk Parity Index,CSI MARP,,,,2348.95,,,0.0,0.0,5.0,,2025-02-24
2025-02-25,930929,中证多资产风险平价指数,中证MARP,CSI Multi Asset Risk Parity Index,CSI MARP,,,,2347.21,,,0.0,0.0,5.0,,2025-02-25
2025-02-26,930929,中证多资产风险平价指数,中证MARP,CSI Multi Asset Risk Parity Index,CSI MARP,,,,2347.37,0.16,0.01,0.0,0.0,5.0,,2025-02-26
2025-02-27,930929,中证多资产风险平价指数,中证MARP,CSI Multi Asset Risk Parity Index,CSI MARP,,,,2345.88,-1.49,-0.06,0.0,0.0,5.0,,2025-02-27
2025-02-28,930929,中证多资产风险平价指数,中证MARP,CSI Multi Asset Risk Parity Index,CSI MARP,,,,2342.24,-3.64,-0.16,0.0,0.0,5.0,,2025-02-28
2025-03-03,930929,中证多资产风险平价指数,中证MARP,CSI Multi Asset Risk Parity Index,CSI MARP,,,,2344.6,2.36,0.1,0.0,0.0,5.0,,2025-03-03
2025-03-04,930929,中证多资产风险平价指数,中证MARP,CSI Multi Asset Risk Parity Index,CSI MARP,,,,2346.34,1.74,0.07,0.0,0.0,5.0,,2025-03-04
2025-03-05,930929,中证多资产风险平价指数,中证MARP,CSI Multi Asset Risk Parity Index,CSI MARP,,,,2348.34,2.0,0.09,0.0,0.0,5.0,,2025-03-05
2025-03-06,930929,中证多资产风险平价指数,中证MARP,CSI Multi Asset Risk Parity Index,CSI MARP,,,,2347.61,-0.73,-0.03,0.0,0.0,5.0,,2025-03-06
2025-03-07,930929,中证多资产风险平价指数,中证MARP,CSI Multi Asset Risk Parity Index,CSI MARP,,,,2342.06,-5.56,-0.24,0.0,0.0,5.0,,2025-03-07
2025-03-10,930929,中证多资产风险平价指数,中证MARP,CSI Multi Asset Risk Parity Index,CSI MARP,,,,2340.53,-1.53,-0.07,0.0,0.0,5.0,,2025-03-10
2025-03-11,930929,中证多资产风险平价指数,中证MARP,CSI Multi Asset Risk Parity Index,CSI MARP,,,,2335.57,-4.95,-0.21,0.0,0.0,5.0,,2025-03-11
2025-03-12,930929,中证多资产风险平价指数,中证MARP,CSI Multi Asset Risk Parity Index,CSI MARP,,,,2337.16,1.59,0.07,0.0,0.0,5.0,,2025-03-12
2025-03-13,930929,中证多资产风险平价指数,中证MARP,CSI Multi Asset Risk Parity Index,CSI MARP,,,,2339.6,2.44,0.1,0.0,0.0,5.0,,2025-03-13
2025-03-14,930929,中证多资产风险平价指数,中证MARP,CSI Multi Asset Risk Parity Index,CSI MARP,,,,2344.61,5.01,0.21,0.0,0.0,5.0,,2025-03-14
2025-03-17,930929,中证多资产风险平价指数,中证MARP,CSI Multi Asset Risk Parity Index,CSI MARP,,,,2341.58,-3.03,-0.13,0.0,0.0,5.0,,2025-03-17
2025-03-18,930929,中证多资产风险平价指数,中证MARP,CSI Multi Asset Risk Parity Index,CSI MARP,,,,2343.38,1.79,0.08,0.0,0.0,5.0,,2025-03-18
2025-03-19,930929,中证多资产风险平价指数,中证MARP,CSI Multi Asset Risk Parity Index,CSI MARP,,,,2345.48,2.11,0.09,0.0,0.0,5.0,,2025-03-19
2025-03-20,930929,中证多资产风险平价指数,中证MARP,CSI Multi Asset Risk Parity Index,CSI MARP,,,,2347.83,2.35,0.1,0.0,0.0,5.0,,2025-03-20
2025-03-21,930929,中证多资产风险平价指数,中证MARP,CSI Multi Asset Risk Parity Index,CSI MARP,,,,2345.86,-1.97,-0.08,0.0,0.0,5.0,,2025-03-21
2025-03-24,930929,中证多资产风险平价指数,中证MARP,CSI Multi Asset Risk Parity Index,CSI MARP,,,,2347.07,1.21,0.05,0.0,0.0,5.0,,2025-03-24
2025-03-25,930929,中证多资产风险平价指数,中证MARP,CSI Multi Asset Risk Parity Index,CSI MARP,,,,2348.56,1.49,0.06,0.0,0.0,5.0,,2025-03-25
2025-03-26,930929,中证多资产风险平价指数,中证MARP,CSI Multi Asset Risk Parity Index,CSI MARP,,,,2350.64,2.08,0.09,0.0,0.0,5.0,,2025-03-26
2025-03-27,930929,中证多资产风险平价指数,中证MARP,CSI Multi Asset Risk Parity Index,CSI MARP,,,,2352.04,1.4,0.06,0.0,0.0,5.0,,2025-03-27
2025-03-28,930929,中证多资产风险平价指数,中证MARP,CSI Multi Asset Risk Parity Index,CSI MARP,,,,2354.45,2.41,0.1,0.0,0.0,5.0,,2025-03-28
2025-03-31,930929,中证多资产风险平价指数,中证MARP,CSI Multi Asset Risk Parity Index,CSI MARP,,,,2355.78,1.33,0.06,0.0,0.0,5.0,,2025-03-31
2025-04-01,930929,中证多资产风险平价指数,中证MARP,CSI Multi Asset Risk Parity Index,CSI MARP,,,,2357.44,1.66,0.07,0.0,0.0,5.0,,2025-04-01
2025-04-02,930929,中证多资产风险平价指数,中证MARP,CSI Multi Asset Risk Parity Index,CSI MARP,,,,2358.33,0.89,0.04,0.0,0.0,5.0,,2025-04-02
2025-04-03,930929,中证多资产风险平价指数,中证MARP,CSI Multi Asset Risk Parity Index,CSI MARP,,,,2365.13,6.8,0.29,0.0,0.0,5.0,,2025-04-03
2025-04-07,930929,中证多资产风险平价指数,中证MARP,CSI Multi Asset Risk Parity Index,CSI MARP,,,,2356.88,-8.25,-0.35,0.0,0.0,5.0,,2025-04-07
2025-04-08,930929,中证多资产风险平价指数,中证MARP,CSI Multi Asset Risk Parity Index,CSI MARP,,,,2358.02,1.14,0.05,0.0,0.0,5.0,,2025-04-08
2025-04-09,930929,中证多资产风险平价指数,中证MARP,CSI Multi Asset Risk Parity Index,CSI MARP,,,,2362.58,4.56,0.19,0.0,0.0,5.0,,2025-04-09
2025-04-10,930929,中证多资产风险平价指数,中证MARP,CSI Multi Asset Risk Parity Index,CSI MARP,,,,2368.23,5.65,0.24,0.0,0.0,5.0,,2025-04-10
2025-04-11,930929,中证多资产风险平价指数,中证MARP,CSI Multi Asset Risk Parity Index,CSI MARP,,,,2371.65,3.42,0.14,0.0,0.0,5.0,,2025-04-11
2025-04-14,930929,中证多资产风险平价指数,中证MARP,CSI Multi Asset Risk Parity Index,CSI MARP,,,,2373.59,1.95,0.08,0.0,0.0,5.0,,2025-04-14
2025-04-15,930929,中证多资产风险平价指数,中证MARP,CSI Multi Asset Risk Parity Index,CSI MARP,,,,2373.22,-0.37,-0.02,0.0,0.0,5.0,,2025-04-15
2025-04-16,930929,中证多资产风险平价指数,中证MARP,CSI Multi Asset Risk Parity Index,CSI MARP,,,,2377.99,4.76,0.2,0.0,0.0,5.0,,2025-04-16
2025-04-17,930929,中证多资产风险平价指数,中证MARP,CSI Multi Asset Risk Parity Index,CSI MARP,,,,2378.94,0.95,0.04,0.0,0.0,5.0,,2025-04-17
2025-04-18,930929,中证多资产风险平价指数,中证MARP,CSI Multi Asset Risk Parity Index,CSI MARP,,,,2379.33,0.39,0.02,0.0,0.0,5.0,,2025-04-18
2025-04-21,930929,中证多资产风险平价指数,中证MARP,CSI Multi Asset Risk Parity Index,CSI MARP,,,,2382.97,3.64,0.15,0.0,0.0,5.0,,2025-04-21
2025-04-22,930929,中证多资产风险平价指数,中证MARP,CSI Multi Asset Risk Parity Index,CSI MARP,,,,2388.95,5.98,0.25,0.0,0.0,5.0,,2025-04-22
2025-04-23,930929,中证多资产风险平价指数,中证MARP,CSI Multi Asset Risk Parity Index,CSI MARP,,,,2376.6,-12.36,-0.52,0.0,0.0,5.0,,2025-04-23
2025-04-24,930929,中证多资产风险平价指数,中证MARP,CSI Multi Asset Risk Parity Index,CSI MARP,,,,2377.43,0.84,0.04,0.0,0.0,5.0,,2025-04-24
2025-04-25,930929,中证多资产风险平价指数,中证MARP,CSI Multi Asset Risk Parity Index,CSI MARP,,,,2376.42,-1.01,-0.04,0.0,0.0,5.0,,2025-04-25
2025-04-28,930929,中证多资产风险平价指数,中证MARP,CSI Multi Asset Risk Parity Index,CSI MARP,,,,2375.22,-1.2,-0.05,0.0,0.0,5.0,,2025-04-28
2025-04-29,930929,中证多资产风险平价指数,中证MARP,CSI Multi Asset Risk Parity Index,CSI MARP,,,,2377.77,2.55,0.11,0.0,0.0,5.0,,2025-04-29
2025-04-30,930929,中证多资产风险平价指数,中证MARP,CSI Multi Asset Risk Parity Index,CSI MARP,,,,2377.69,-0.08,0.0,0.0,0.0,5.0,,2025-04-30
2025-05-06,930929,中证多资产风险平价指数,中证MARP,CSI Multi Asset Risk Parity Index,CSI MARP,,,,2383.41,5.72,0.24,0.0,0.0,5.0,,2025-05-06
2025-05-07,930929,中证多资产风险平价指数,中证MARP,CSI Multi Asset Risk Parity Index,CSI MARP,,,,2385.15,1.74,0.07,0.0,0.0,5.0,,2025-05-07
2025-05-08,930929,中证多资产风险平价指数,中证MARP,CSI Multi Asset Risk Parity Index,CSI MARP,,,,2385.0,-0.15,-0.01,0.0,0.0,5.0,,2025-05-08
2025-05-09,930929,中证多资产风险平价指数,中证MARP,CSI Multi Asset Risk Parity Index,CSI MARP,,,,2384.82,-0.19,-0.01,0.0,0.0,5.0,,2025-05-09
2025-05-12,930929,中证多资产风险平价指数,中证MARP,CSI Multi Asset Risk Parity Index,CSI MARP,,,,2382.13,-2.69,-0.11,0.0,0.0,5.0,,2025-05-12
2025-05-13,930929,中证多资产风险平价指数,中证MARP,CSI Multi Asset Risk Parity Index,CSI MARP,,,,2380.45,-1.68,-0.07,0.0,0.0,5.0,,2025-05-13
2025-05-14,930929,中证多资产风险平价指数,中证MARP,CSI Multi Asset Risk Parity Index,CSI MARP,,,,2379.74,-0.71,-0.03,0.0,0.0,5.0,,2025-05-14
2025-05-15,930929,中证多资产风险平价指数,中证MARP,CSI Multi Asset Risk Parity Index,CSI MARP,,,,2373.1,-6.64,-0.28,0.0,0.0,5.0,,2025-05-15
2025-05-16,930929,中证多资产风险平价指数,中证MARP,CSI Multi Asset Risk Parity Index,CSI MARP,,,,2374.79,1.69,0.07,0.0,0.0,5.0,,2025-05-16
2025-05-19,930929,中证多资产风险平价指数,中证MARP,CSI Multi Asset Risk Parity Index,CSI MARP,,,,2376.55,1.76,0.07,0.0,0.0,5.0,,2025-05-19
2025-05-20,930929,中证多资产风险平价指数,中证MARP,CSI Multi Asset Risk Parity Index,CSI MARP,,,,2377.44,0.89,0.04,0.0,0.0,5.0,,2025-05-20
2025-05-21,930929,中证多资产风险平价指数,中证MARP,CSI Multi Asset Risk Parity Index,CSI MARP,,,,2383.77,6.33,0.27,0.0,0.0,5.0,,2025-05-21
2025-05-22,930929,中证多资产风险平价指数,中证MARP,CSI Multi Asset Risk Parity Index,CSI MARP,,,,2383.98,0.21,0.01,0.0,0.0,5.0,,2025-05-22
2025-05-23,930929,中证多资产风险平价指数,中证MARP,CSI Multi Asset Risk Parity Index,CSI MARP,,,,2383.72,-0.25,-0.01,0.0,0.0,5.0,,2025-05-23
2025-05-26,930929,中证多资产风险平价指数,中证MARP,CSI Multi Asset Risk Parity Index,CSI MARP,,,,2383.57,-0.15,-0.01,0.0,0.0,5.0,,2025-05-26
2025-05-27,930929,中证多资产风险平价指数,中证MARP,CSI Multi Asset Risk Parity Index,CSI MARP,,,,2381.73,-1.84,-0.08,0.0,0.0,5.0,,2025-05-27
2025-05-28,930929,中证多资产风险平价指数,中证MARP,CSI Multi Asset Risk Parity Index,CSI MARP,,,,2381.52,-0.22,-0.01,0.0,0.0,5.0,,2025-05-28
2025-05-29,930929,中证多资产风险平价指数,中证MARP,CSI Multi Asset Risk Parity Index,CSI MARP,,,,2379.01,-2.5,-0.1,0.0,0.0,5.0,,2025-05-29
2025-05-30,930929,中证多资产风险平价指数,中证MARP,CSI Multi Asset Risk Parity Index,CSI MARP,,,,2381.42,2.41,0.1,0.0,0.0,5.0,,2025-05-30
2025-06-03,930929,中证多资产风险平价指数,中证MARP,CSI Multi Asset Risk Parity Index,CSI MARP,,,,2384.97,3.55,0.15,0.0,0.0,5.0,,2025-06-03
2025-06-04,930929,中证多资产风险平价指数,中证MARP,CSI Multi Asset Risk Parity Index,CSI MARP,,,,2386.24,1.26,0.05,0.0,0.0,5.0,,2025-06-04
2025-06-05,930929,中证多资产风险平价指数,中证MARP,CSI Multi Asset Risk Parity Index,CSI MARP,,,,2387.17,0.94,0.04,0.0,0.0,5.0,,2025-06-05
2025-06-06,930929,中证多资产风险平价指数,中证MARP,CSI Multi Asset Risk Parity Index,CSI MARP,,,,2388.13,0.96,0.04,0.0,0.0,5.0,,2025-06-06
2025-06-09,930929,中证多资产风险平价指数,中证MARP,CSI Multi Asset Risk Parity Index,CSI MARP,,,,2387.97,-0.16,-0.01,0.0,0.0,5.0,,2025-06-09
2025-06-10,930929,中证多资产风险平价指数,中证MARP,CSI Multi Asset Risk Parity Index,CSI MARP,,,,2387.78,-0.19,-0.01,0.0,0.0,5.0,,2025-06-10
2025-06-11,930929,中证多资产风险平价指数,中证MARP,CSI Multi Asset Risk Parity Index,CSI MARP,,,,2389.61,1.82,0.08,0.0,0.0,5.0,,2025-06-11
2025-06-12,930929,中证多资产风险平价指数,中证MARP,CSI Multi Asset Risk Parity Index,CSI MARP,,,,2391.4,1.8,0.08,0.0,0.0,5.0,,2025-06-12
2025-06-13,930929,中证多资产风险平价指数,中证MARP,CSI Multi Asset Risk Parity Index,CSI MARP,,,,2392.94,1.54,0.06,0.0,0.0,5.0,,2025-06-13
2025-06-16,930929,中证多资产风险平价指数,中证MARP,CSI Multi Asset Risk Parity Index,CSI MARP,,,,2393.38,0.44,0.02,0.0,0.0,5.0,,2025-06-16
2025-06-17,930929,中证多资产风险平价指数,中证MARP,CSI Multi Asset Risk Parity Index,CSI MARP,,,,2392.96,-0.42,-0.02,0.0,0.0,5.0,,2025-06-17
2025-06-18,930929,中证多资产风险平价指数,中证MARP,CSI Multi Asset Risk Parity Index,CSI MARP,,,,2393.33,0.37,0.02,0.0,0.0,5.0,,2025-06-18
2025-06-19,930929,中证多资产风险平价指数,中证MARP,CSI Multi Asset Risk Parity Index,CSI MARP,,,,2392.16,-1.16,-0.05,0.0,0.0,5.0,,2025-06-19
2025-06-20,930929,中证多资产风险平价指数,中证MARP,CSI Multi Asset Risk Parity Index,CSI MARP,,,,2391.91,-0.26,-0.01,0.0,0.0,5.0,,2025-06-20
2025-06-23,930929,中证多资产风险平价指数,中证MARP,CSI Multi Asset Risk Parity Index,CSI MARP,,,,2393.62,1.72,0.07,0.0,0.0,5.0,,2025-06-23
2025-06-24,930929,中证多资产风险平价指数,中证MARP,CSI Multi Asset Risk Parity Index,CSI MARP,,,,2393.33,-0.29,-0.01,0.0,0.0,5.0,,2025-06-24
2025-06-25,930929,中证多资产风险平价指数,中证MARP,CSI Multi Asset Risk Parity Index,CSI MARP,,,,2395.34,2.01,0.08,0.0,0.0,5.0,,2025-06-25
2025-06-26,930929,中证多资产风险平价指数,中证MARP,CSI Multi Asset Risk Parity Index,CSI MARP,,,,2394.56,-0.79,-0.03,0.0,0.0,5.0,,2025-06-26
2025-06-27,930929,中证多资产风险平价指数,中证MARP,CSI Multi Asset Risk Parity Index,CSI MARP,,,,2393.15,-1.4,-0.06,0.0,0.0,5.0,,2025-06-27
2025-06-30,930929,中证多资产风险平价指数,中证MARP,CSI Multi Asset Risk Parity Index,CSI MARP,,,,2393.63,0.47,0.02,0.0,0.0,5.0,,2025-06-30
2025-07-01,930929,中证多资产风险平价指数,中证MARP,CSI Multi Asset Risk Parity Index,CSI MARP,,,,2396.05,2.42,0.1,0.0,0.0,5.0,,2025-07-01
2025-07-02,930929,中证多资产风险平价指数,中证MARP,CSI Multi Asset Risk Parity Index,CSI MARP,,,,2397.21,1.16,0.05,0.0,0.0,5.0,,2025-07-02
2025-07-03,930929,中证多资产风险平价指数,中证MARP,CSI Multi Asset Risk Parity Index,CSI MARP,,,,2399.58,2.37,0.1,0.0,0.0,5.0,,2025-07-03
2025-07-04,930929,中证多资产风险平价指数,中证MARP,CSI Multi Asset Risk Parity Index,CSI MARP,,,,2399.62,0.04,0.0,0.0,0.0,5.0,,2025-07-04
2025-07-07,930929,中证多资产风险平价指数,中证MARP,CSI Multi Asset Risk Parity Index,CSI MARP,,,,2399.16,-0.46,-0.02,0.0,0.0,5.0,,2025-07-07
2025-07-08,930929,中证多资产风险平价指数,中证MARP,CSI Multi Asset Risk Parity Index,CSI MARP,,,,2400.94,1.78,0.07,0.0,0.0,5.0,,2025-07-08
2025-07-09,930929,中证多资产风险平价指数,中证MARP,CSI Multi Asset Risk Parity Index,CSI MARP,,,,2398.77,-2.18,-0.09,0.0,0.0,5.0,,2025-07-09
2025-07-10,930929,中证多资产风险平价指数,中证MARP,CSI Multi Asset Risk Parity Index,CSI MARP,,,,2399.21,0.45,0.02,0.0,0.0,5.0,,2025-07-10
2025-07-11,930929,中证多资产风险平价指数,中证MARP,CSI Multi Asset Risk Parity Index,CSI MARP,,,,2399.2,-0.01,0.0,0.0,0.0,5.0,,2025-07-11
2025-07-14,930929,中证多资产风险平价指数,中证MARP,CSI Multi Asset Risk Parity Index,CSI MARP,,,,2399.32,0.12,0.01,0.0,0.0,5.0,,2025-07-14
2025-07-15,930929,中证多资产风险平价指数,中证MARP,CSI Multi Asset Risk Parity Index,CSI MARP,,,,2400.31,0.99,0.04,0.0,0.0,5.0,,2025-07-15
2025-07-16,930929,中证多资产风险平价指数,中证MARP,CSI Multi Asset Risk Parity Index,CSI MARP,,,,2400.25,-0.06,0.0,0.0,0.0,5.0,,2025-07-16
2025-07-17,930929,中证多资产风险平价指数,中证MARP,CSI Multi Asset Risk Parity Index,CSI MARP,,,,2401.89,1.64,0.07,0.0,0.0,5.0,,2025-07-17
2025-07-18,930929,中证多资产风险平价指数,中证MARP,CSI Multi Asset Risk Parity Index,CSI MARP,,,,2402.66,0.77,0.03,0.0,0.0,5.0,,2025-07-18
2025-07-21,930929,中证多资产风险平价指数,中证MARP,CSI Multi Asset Risk Parity Index,CSI MARP,,,,2403.97,1.3,0.05,0.0,0.0,5.0,,2025-07-21
2025-07-22,930929,中证多资产风险平价指数,中证MARP,CSI Multi Asset Risk Parity Index,CSI MARP,,,,2404.65,0.68,0.03,0.0,0.0,5.0,,2025-07-22
2025-07-23,930929,中证多资产风险平价指数,中证MARP,CSI Multi Asset Risk Parity Index,CSI MARP,,,,2403.78,-0.86,-0.04,0.0,0.0,5.0,,2025-07-23
2025-07-24,930929,中证多资产风险平价指数,中证MARP,CSI Multi Asset Risk Parity Index,CSI MARP,,,,2400.35,-3.44,-0.14,0.0,0.0,5.0,,2025-07-24
2025-07-25,930929,中证多资产风险平价指数,中证MARP,CSI Multi Asset Risk Parity Index,CSI MARP,,,,2398.26,-2.09,-0.09,0.0,0.0,5.0,,2025-07-25
2025-07-28,930929,中证多资产风险平价指数,中证MARP,CSI Multi Asset Risk Parity Index,CSI MARP,,,,2400.1,1.85,0.08,0.0,0.0,5.0,,2025-07-28
2025-07-29,930929,中证多资产风险平价指数,中证MARP,CSI Multi Asset Risk Parity Index,CSI MARP,,,,2398.94,-1.16,-0.05,0.0,0.0,5.0,,2025-07-29
2025-07-30,930929,中证多资产风险平价指数,中证MARP,CSI Multi Asset Risk Parity Index,CSI MARP,,,,2399.03,0.09,0.0,0.0,0.0,5.0,,2025-07-30
2025-07-31,930929,中证多资产风险平价指数,中证MARP,CSI Multi Asset Risk Parity Index,CSI MARP,,,,2398.48,-0.55,-0.02,0.0,0.0,5.0,,2025-07-31
2025-08-01,930929,中证多资产风险平价指数,中证MARP,CSI Multi Asset Risk Parity Index,CSI MARP,,,,2398.95,0.47,0.02,0.0,0.0,5.0,,2025-08-01
2025-08-04,930929,中证多资产风险平价指数,中证MARP,CSI Multi Asset Risk Parity Index,CSI MARP,,,,2402.18,3.24,0.13,0.0,0.0,5.0,,2025-08-04
2025-08-05,930929,中证多资产风险平价指数,中证MARP,CSI Multi Asset Risk Parity Index,CSI MARP,,,,2403.83,1.65,0.07,0.0,0.0,5.0,,2025-08-05
2025-08-06,930929,中证多资产风险平价指数,中证MARP,CSI Multi Asset Risk Parity Index,CSI MARP,,,,2405.51,1.67,0.07,0.0,0.0,5.0,,2025-08-06
2025-08-07,930929,中证多资产风险平价指数,中证MARP,CSI Multi Asset Risk Parity Index,CSI MARP,,,,2406.47,0.96,0.04,0.0,0.0,5.0,,2025-08-07
2025-08-08,930929,中证多资产风险平价指数,中证MARP,CSI Multi Asset Risk Parity Index,CSI MARP,,,,2406.92,0.45,0.02,0.0,0.0,5.0,,2025-08-08
2025-08-11,930929,中证多资产风险平价指数,中证MARP,CSI Multi Asset Risk Parity Index,CSI MARP,,,,2405.32,-1.6,-0.07,0.0,0.0,5.0,,2025-08-11
2025-08-12,930929,中证多资产风险平价指数,中证MARP,CSI Multi Asset Risk Parity Index,CSI MARP,,,,2404.18,-1.14,-0.05,0.0,0.0,5.0,,2025-08-12
2025-08-13,930929,中证多资产风险平价指数,中证MARP,CSI Multi Asset Risk Parity Index,CSI MARP,,,,2405.76,1.58,0.07,0.0,0.0,5.0,,2025-08-13
2025-08-14,930929,中证多资产风险平价指数,中证MARP,CSI Multi Asset Risk Parity Index,CSI MARP,,,,2404.61,-1.15,-0.05,0.0,0.0,5.0,,2025-08-14
2025-08-15,930929,中证多资产风险平价指数,中证MARP,CSI Multi Asset Risk Parity Index,CSI MARP,,,,2405.45,0.84,0.03,0.0,0.0,5.0,,2025-08-15
2025-08-18,930929,中证多资产风险平价指数,中证MARP,CSI Multi Asset Risk Parity Index,CSI MARP,,,,2403.33,-2.12,-0.09,0.0,0.0,5.0,,2025-08-18
2025-08-19,930929,中证多资产风险平价指数,中证MARP,CSI Multi Asset Risk Parity Index,CSI MARP,,,,2401.75,-1.58,-0.07,0.0,0.0,5.0,,2025-08-19
2025-08-20,930929,中证多资产风险平价指数,中证MARP,CSI Multi Asset Risk Parity Index,CSI MARP,,,,2402.6,0.86,0.04,0.0,0.0,5.0,,2025-08-20
2025-08-21,930929,中证多资产风险平价指数,中证MARP,CSI Multi Asset Risk Parity Index,CSI MARP,,,,2403.26,0.65,0.03,0.0,0.0,5.0,,2025-08-21
2025-08-22,930929,中证多资产风险平价指数,中证MARP,CSI Multi Asset Risk Parity Index,CSI MARP,,,,2405.4,2.15,0.09,0.0,0.0,5.0,,2025-08-22
2025-08-25,930929,中证多资产风险平价指数,中证MARP,CSI Multi Asset Risk Parity Index,CSI MARP,,,,2410.03,4.63,0.19,0.0,0.0,5.0,,2025-08-25
2025-08-26,930929,中证多资产风险平价指数,中证MARP,CSI Multi Asset Risk Parity Index,CSI MARP,,,,2410.81,0.78,0.03,0.0,0.0,5.0,,2025-08-26
2025-08-27,930929,中证多资产风险平价指数,中证MARP,CSI Multi Asset Risk Parity Index,CSI MARP,,,,2409.11,-1.7,-0.07,0.0,0.0,5.0,,2025-08-27
2025-08-28,930929,中证多资产风险平价指数,中证MARP,CSI Multi Asset Risk Parity Index,CSI MARP,,,,2411.13,2.03,0.08,0.0,0.0,5.0,,2025-08-28
2025-08-29,930929,中证多资产风险平价指数,中证MARP,CSI Multi Asset Risk Parity Index,CSI MARP,,,,2412.49,1.35,0.06,0.0,0.0,5.0,,2025-08-29
2025-09-01,930929,中证多资产风险平价指数,中证MARP,CSI Multi Asset Risk Parity Index,CSI MARP,,,,2417.44,4.95,0.21,0.0,0.0,5.0,,2025-09-01
2025-09-02,930929,中证多资产风险平价指数,中证MARP,CSI Multi Asset Risk Parity Index,CSI MARP,,,,2416.06,-1.38,-0.06,0.0,0.0,5.0,,2025-09-02
2025-09-03,930929,中证多资产风险平价指数,中证MARP,CSI Multi Asset Risk Parity Index,CSI MARP,,,,2417.57,1.51,0.06,0.0,0.0,5.0,,2025-09-03
2025-09-04,930929,中证多资产风险平价指数,中证MARP,CSI Multi Asset Risk Parity Index,CSI MARP,,,,2415.26,-2.32,-0.1,0.0,0.0,5.0,,2025-09-04
2025-09-05,930929,中证多资产风险平价指数,中证MARP,CSI Multi Asset Risk Parity Index,CSI MARP,,,,2418.03,2.78,0.11,0.0,0.0,5.0,,2025-09-05
2025-09-08,930929,中证多资产风险平价指数,中证MARP,CSI Multi Asset Risk Parity Index,CSI MARP,,,,2419.5,1.47,0.06,0.0,0.0,5.0,,2025-09-08
2025-09-09,930929,中证多资产风险平价指数,中证MARP,CSI Multi Asset Risk Parity Index,CSI MARP,,,,2420.08,0.58,0.02,0.0,0.0,5.0,,2025-09-09
2025-09-10,930929,中证多资产风险平价指数,中证MARP,CSI Multi Asset Risk Parity Index,CSI MARP,,,,2418.35,-1.73,-0.07,0.0,0.0,5.0,,2025-09-10
2025-09-11,930929,中证多资产风险平价指数,中证MARP,CSI Multi Asset Risk Parity Index,CSI MARP,,,,2421.55,3.2,0.13,0.0,0.0,5.0,,2025-09-11
2025-09-12,930929,中证多资产风险平价指数,中证MARP,CSI Multi Asset Risk Parity Index,CSI MARP,,,,2422.27,0.72,0.03,0.0,0.0,5.0,,2025-09-12
2025-09-15,930929,中证多资产风险平价指数,中证MARP,CSI Multi Asset Risk Parity Index,CSI MARP,,,,2422.79,0.52,0.02,0.0,0.0,5.0,,2025-09-15
2025-09-16,930929,中证多资产风险平价指数,中证MARP,CSI Multi Asset Risk Parity Index,CSI MARP,,,,2425.42,2.63,0.11,0.0,0.0,5.0,,2025-09-16
2025-09-17,930929,中证多资产风险平价指数,中证MARP,CSI Multi Asset Risk Parity Index,CSI MARP,,,,2426.41,0.99,0.04,0.0,0.0,5.0,,2025-09-17
2025-09-18,930929,中证多资产风险平价指数,中证MARP,CSI Multi Asset Risk Parity Index,CSI MARP,,,,2422.93,-3.48,-0.14,0.0,0.0,5.0,,2025-09-18
2025-09-19,930929,中证多资产风险平价指数,中证MARP,CSI Multi Asset Risk Parity Index,CSI MARP,,,,2421.84,-1.09,-0.04,0.0,0.0,5.0,,2025-09-19
2025-09-22,930929,中证多资产风险平价指数,中证MARP,CSI Multi Asset Risk Parity Index,CSI MARP,,,,2425.82,3.98,0.16,0.0,0.0,5.0,,2025-09-22
2025-09-23,930929,中证多资产风险平价指数,中证MARP,CSI Multi Asset Risk Parity Index,CSI MARP,,,,2425.78,-0.04,0.0,0.0,0.0,5.0,,2025-09-23
2025-09-24,930929,中证多资产风险平价指数,中证MARP,CSI Multi Asset Risk Parity Index,CSI MARP,,,,2426.68,0.9,0.04,0.0,0.0,5.0,,2025-09-24
2025-09-25,930929,中证多资产风险平价指数,中证MARP,CSI Multi Asset Risk Parity Index,CSI MARP,,,,2424.66,-2.02,-0.08,0.0,0.0,5.0,,2025-09-25
2025-09-26,930929,中证多资产风险平价指数,中证MARP,CSI Multi Asset Risk Parity Index,CSI MARP,,,,2423.33,-1.33,-0.05,0.0,0.0,5.0,,2025-09-26
2025-09-29,930929,中证多资产风险平价指数,中证MARP,CSI Multi Asset Risk Parity Index,CSI MARP,,,,2427.16,3.83,0.16,0.0,0.0,5.0,,2025-09-29
2025-09-30,930929,中证多资产风险平价指数,中证MARP,CSI Multi Asset Risk Parity Index,CSI MARP,,,,2430.72,3.55,0.15,0.0,0.0,5.0,,2025-09-30
2025-10-09,930929,中证多资产风险平价指数,中证MARP,CSI Multi Asset Risk Parity Index,CSI MARP,,,,2441.94,11.22,0.46,0.0,0.0,5.0,,2025-10-09
2025-10-10,930929,中证多资产风险平价指数,中证MARP,CSI Multi Asset Risk Parity Index,CSI MARP,,,,2437.4,-4.54,-0.19,0.0,0.0,5.0,,2025-10-10
2025-10-13,930929,中证多资产风险平价指数,中证MARP,CSI Multi Asset Risk Parity Index,CSI MARP,,,,2443.09,5.69,0.23,0.0,0.0,5.0,,2025-10-13
2025-10-14,930929,中证多资产风险平价指数,中证MARP,CSI Multi Asset Risk Parity Index,CSI MARP,,,,2443.36,0.27,0.01,0.0,0.0,5.0,,2025-10-14
2025-10-15,930929,中证多资产风险平价指数,中证MARP,CSI Multi Asset Risk Parity Index,CSI MARP,,,,2448.58,5.22,0.21,0.0,0.0,5.0,,2025-10-15
2025-10-16,930929,中证多资产风险平价指数,中证MARP,CSI Multi Asset Risk Parity Index,CSI MARP,,,,2449.76,1.18,0.05,0.0,0.0,5.0,,2025-10-16
2025-10-17,930929,中证多资产风险平价指数,中证MARP,CSI Multi Asset Risk Parity Index,CSI MARP,,,,2453.45,3.7,0.15,0.0,0.0,5.0,,2025-10-17
2025-10-20,930929,中证多资产风险平价指数,中证MARP,CSI Multi Asset Risk Parity Index,CSI MARP,,,,2448.54,-4.92,-0.2,0.0,0.0,5.0,,2025-10-20
2025-10-21,930929,中证多资产风险平价指数,中证MARP,CSI Multi Asset Risk Parity Index,CSI MARP,,,,2454.78,6.24,0.26,0.0,0.0,5.0,,2025-10-21
2025-10-22,930929,中证多资产风险平价指数,中证MARP,CSI Multi Asset Risk Parity Index,CSI MARP,,,,2447.81,-6.98,-0.28,0.0,0.0,5.0,,2025-10-22
2025-10-23,930929,中证多资产风险平价指数,中证MARP,CSI Multi Asset Risk Parity Index,CSI MARP,,,,2446.64,-1.17,-0.05,0.0,0.0,5.0,,2025-10-23
2025-10-24,930929,中证多资产风险平价指数,中证MARP,CSI Multi Asset Risk Parity Index,CSI MARP,,,,2447.64,1.0,0.04,0.0,0.0,5.0,,2025-10-24
2025-10-27,930929,中证多资产风险平价指数,中证MARP,CSI Multi Asset Risk Parity Index,CSI MARP,,,,2449.93,2.29,0.09,0.0,0.0,5.0,,2025-10-27
2025-10-28,930929,中证多资产风险平价指数,中证MARP,CSI Multi Asset Risk Parity Index,CSI MARP,,,,2446.35,-3.58,-0.15,0.0,0.0,5.0,,2025-10-28
2025-10-29,930929,中证多资产风险平价指数,中证MARP,CSI Multi Asset Risk Parity Index,CSI MARP,,,,2451.73,5.37,0.22,0.0,0.0,5.0,,2025-10-29
2025-10-30,930929,中证多资产风险平价指数,中证MARP,CSI Multi Asset Risk Parity Index,CSI MARP,,,,2452.31,0.58,0.02,0.0,0.0,5.0,,2025-10-30
2025-10-31,930929,中证多资产风险平价指数,中证MARP,CSI Multi Asset Risk Parity Index,CSI MARP,,,,2453.71,1.4,0.06,0.0,0.0,5.0,,2025-10-31
2025-11-03,930929,中证多资产风险平价指数,中证MARP,CSI Multi Asset Risk Parity Index,CSI MARP,,,,2454.58,0.87,0.04,0.0,0.0,5.0,,2025-11-03
2025-11-04,930929,中证多资产风险平价指数,中证MARP,CSI Multi Asset Risk Parity Index,CSI MARP,,,,2452.11,-2.47,-0.1,0.0,0.0,5.0,,2025-11-04
2025-11-05,930929,中证多资产风险平价指数,中证MARP,CSI Multi Asset Risk Parity Index,CSI MARP,,,,2452.4,0.29,0.01,0.0,0.0,5.0,,2025-11-05
2025-11-06,930929,中证多资产风险平价指数,中证MARP,CSI Multi Asset Risk Parity Index,CSI MARP,,,,2454.84,2.44,0.1,0.0,0.0,5.0,,2025-11-06
2025-11-07,930929,中证多资产风险平价指数,中证MARP,CSI Multi Asset Risk Parity Index,CSI MARP,,,,2454.45,-0.39,-0.02,0.0,0.0,5.0,,2025-11-07
2025-11-10,930929,中证多资产风险平价指数,中证MARP,CSI Multi Asset Risk Parity Index,CSI MARP,,,,2457.54,3.09,0.13,0.0,0.0,5.0,,2025-11-10
2025-11-11,930929,中证多资产风险平价指数,中证MARP,CSI Multi Asset Risk Parity Index,CSI MARP,,,,2459.04,1.5,0.06,0.0,0.0,5.0,,2025-11-11
2025-11-12,930929,中证多资产风险平价指数,中证MARP,CSI Multi Asset Risk Parity Index,CSI MARP,,,,2458.44,-0.6,-0.02,0.0,0.0,5.0,,2025-11-12
2025-11-13,930929,中证多资产风险平价指数,中证MARP,CSI Multi Asset Risk Parity Index,CSI MARP,,,,2462.47,4.02,0.16,0.0,0.0,5.0,,2025-11-13
2025-11-14,930929,中证多资产风险平价指数,中证MARP,CSI Multi Asset Risk Parity Index,CSI MARP,,,,2459.0,-3.46,-0.14,0.0,0.0,5.0,,2025-11-14
2025-11-17,930929,中证多资产风险平价指数,中证MARP,CSI Multi Asset Risk Parity Index,CSI MARP,,,,2455.38,-3.62,-0.15,0.0,0.0,5.0,,2025-11-17
2025-11-18,930929,中证多资产风险平价指数,中证MARP,CSI Multi Asset Risk Parity Index,CSI MARP,,,,2452.76,-2.63,-0.11,0.0,0.0,5.0,,2025-11-18
2025-11-19,930929,中证多资产风险平价指数,中证MARP,CSI Multi Asset Risk Parity Index,CSI MARP,,,,2455.91,3.15,0.13,0.0,0.0,5.0,,2025-11-19
2025-11-20,930929,中证多资产风险平价指数,中证MARP,CSI Multi Asset Risk Parity Index,CSI MARP,,,,2454.56,-1.35,-0.06,0.0,0.0,5.0,,2025-11-20
2025-11-21,930929,中证多资产风险平价指数,中证MARP,CSI Multi Asset Risk Parity Index,CSI MARP,,,,2449.73,-4.83,-0.2,0.0,0.0,5.0,,2025-11-21
2025-11-24,930929,中证多资产风险平价指数,中证MARP,CSI Multi Asset Risk Parity Index,CSI MARP,,,,2450.71,0.98,0.04,0.0,0.0,5.0,,2025-11-24
2025-11-25,930929,中证多资产风险平价指数,中证MARP,CSI Multi Asset Risk Parity Index,CSI MARP,,,,2454.3,3.59,0.15,0.0,0.0,5.0,,2025-11-25
2025-11-26,930929,中证多资产风险平价指数,中证MARP,CSI Multi Asset Risk Parity Index,CSI MARP,,,,2453.13,-1.17,-0.05,0.0,0.0,5.0,,2025-11-26
2025-11-27,930929,中证多资产风险平价指数,中证MARP,CSI Multi Asset Risk Parity Index,CSI MARP,,,,2452.12,-1.01,-0.04,0.0,0.0,5.0,,2025-11-27
2025-11-28,930929,中证多资产风险平价指数,中证MARP,CSI Multi Asset Risk Parity Index,CSI MARP,,,,2454.11,1.99,0.08,0.0,0.0,5.0,,2025-11-28
2025-12-01,930929,中证多资产风险平价指数,中证MARP,CSI Multi Asset Risk Parity Index,CSI MARP,,,,2457.77,3.66,0.15,0.0,0.0,5.0,,2025-12-01
2025-12-02,930929,中证多资产风险平价指数,中证MARP,CSI Multi Asset Risk Parity Index,CSI MARP,,,,2455.88,-1.89,-0.08,0.0,0.0,5.0,,2025-12-02
2025-12-03,930929,中证多资产风险平价指数,中证MARP,CSI Multi Asset Risk Parity Index,CSI MARP,,,,2455.11,-0.77,-0.03,0.0,0.0,5.0,,2025-12-03
2025-12-04,930929,中证多资产风险平价指数,中证MARP,CSI Multi Asset Risk Parity Index,CSI MARP,,,,2453.09,-2.02,-0.08,0.0,0.0,5.0,,2025-12-04
2025-12-05,930929,中证多资产风险平价指数,中证MARP,CSI Multi Asset Risk Parity Index,CSI MARP,,,,2455.64,2.54,0.1,0.0,0.0,5.0,,2025-12-05
2025-12-08,930929,中证多资产风险平价指数,中证MARP,CSI Multi Asset Risk Parity Index,CSI MARP,,,,2456.44,0.81,0.03,0.0,0.0,5.0,,2025-12-08
2025-12-09,930929,中证多资产风险平价指数,中证MARP,CSI Multi Asset Risk Parity Index,CSI MARP,,,,2454.99,-1.46,-0.06,0.0,0.0,5.0,,2025-12-09
2025-12-10,930929,中证多资产风险平价指数,中证MARP,CSI Multi Asset Risk Parity Index,CSI MARP,,,,2456.5,1.51,0.06,0.0,0.0,5.0,,2025-12-10
2025-12-11,930929,中证多资产风险平价指数,中证MARP,CSI Multi Asset Risk Parity Index,CSI MARP,,,,2456.53,0.03,0.0,0.0,0.0,5.0,,2025-12-11
2025-12-12,930929,中证多资产风险平价指数,中证MARP,CSI Multi Asset Risk Parity Index,CSI MARP,,,,2459.7,3.17,0.13,0.0,0.0,5.0,,2025-12-12
2025-12-15,930929,中证多资产风险平价指数,中证MARP,CSI Multi Asset Risk Parity Index,CSI MARP,,,,2459.29,-0.41,-0.02,0.0,0.0,5.0,,2025-12-15
2025-12-16,930929,中证多资产风险平价指数,中证MARP,CSI Multi Asset Risk Parity Index,CSI MARP,,,,2456.06,-3.23,-0.13,0.0,0.0,5.0,,2025-12-16
2025-12-17,930929,中证多资产风险平价指数,中证MARP,CSI Multi Asset Risk Parity Index,CSI MARP,,,,2459.81,3.74,0.15,0.0,0.0,5.0,,2025-12-17
2025-12-18,930929,中证多资产风险平价指数,中证MARP,CSI Multi Asset Risk Parity Index,CSI MARP,,,,2459.84,0.04,0.0,0.0,0.0,5.0,,2025-12-18
2025-12-19,930929,中证多资产风险平价指数,中证MARP,CSI Multi Asset Risk Parity Index,CSI MARP,,,,2461.53,1.69,0.07,0.0,0.0,5.0,,2025-12-19
2025-12-22,930929,中证多资产风险平价指数,中证MARP,CSI Multi Asset Risk Parity Index,CSI MARP,,,,2465.26,3.73,0.15,0.0,0.0,5.0,,2025-12-22
2025-12-23,930929,中证多资产风险平价指数,中证MARP,CSI Multi Asset Risk Parity Index,CSI MARP,,,,2467.69,2.43,0.1,0.0,0.0,5.0,,2025-12-23
2025-12-24,930929,中证多资产风险平价指数,中证MARP,CSI Multi Asset Risk Parity Index,CSI MARP,,,,2469.12,1.43,0.06,0.0,0.0,5.0,,2025-12-24
2025-12-25,930929,中证多资产风险平价指数,中证MARP,CSI Multi Asset Risk Parity Index,CSI MARP,,,,2469.07,-0.05,0.0,0.0,0.0,5.0,,2025-12-25
2025-12-26,930929,中证多资产风险平价指数,中证MARP,CSI Multi Asset Risk Parity Index,CSI MARP,,,,2471.08,2.01,0.08,0.0,0.0,5.0,,2025-12-26
2025-12-29,930929,中证多资产风险平价指数,中证MARP,CSI Multi Asset Risk Parity Index,CSI MARP,,,,2468.51,-2.56,-0.1,0.0,0.0,5.0,,2025-12-29
2025-12-30,930929,中证多资产风险平价指数,中证MARP,CSI Multi Asset Risk Parity Index,CSI MARP,,,,2466.6,-1.91,-0.08,0.0,0.0,5.0,,2025-12-30
2025-12-31,930929,中证多资产风险平价指数,中证MARP,CSI Multi Asset Risk Parity Index,CSI MARP,,,,2465.47,-1.13,-0.05,0.0,0.0,5.0,,2025-12-31
